set,id,crupi_class,predicted_class,correct
noti,2019_1,GRB,GRB,True
noti,2019_2,GRB,GRB,True
noti,2019_4,GRB,GRB,True
noti,2019_5,GRB,GRB,True
noti,2019_6,GRB,GRB,True
noti,2019_8,GRB,GRB,True
noti,2019_10,GRB,GRB,True
noti,2019_12,GRB,GRB,True
noti,2019_13,SF,SF,True
noti,2019_14,GRB,GRB,True
noti,2019_15,GRB,GRB,True
noti,2019_16,GRB,GRB,True
noti,2019_17,GRB,GRB,True
noti,2019_18,GRB,GRB,True
noti,2019_19,GRB,GRB,True
noti,2019_20,GRB,GRB,True
noti,2019_22,GRB,GRB,True
noti,2019_23,GRB,GRB,True
noti,2019_27,GRB,GRB,True
noti,2019_28,GRB,GRB,True
noti,2019_29,GRB,GRB,True
noti,2019_30,GRB,GRB,True
noti,2019_31,UNC(LP),GRB,False
noti,2019_32,GRB,UNC(LP),False
noti,2019_33,GRB,GRB,True
noti,2019_34,GRB,UNC,False
noti,2019_35,GRB,GRB,True
noti,2019_38,GRB,GRB,True
noti,2019_39,GRB,GRB,True
noti,2019_41,GRB,GRB,True
noti,2019_43,GRB,GRB,True
noti,2019_44,GRB,GRB,True
noti,2019_45,GRB,GRB,True
noti,2019_46,GRB,GRB,True
noti,2019_47,SF,SF,True
noti,2019_48,SF,SF,True
noti,2019_49,SF,SF,True
noti,2019_50,GRB,GRB,True
noti,2019_52,GRB,GRB,True
noti,2019_53,GRB,GRB,True
noti,2019_54,SF,SF,True
noti,2019_55,GRB,GRB,True
noti,2019_56,GRB,GRB,True
noti,2019_57,GRB,GRB,True
noti,2019_62,TGF,GRB,False
noti,2019_64,GRB,GRB,True
noti,2019_65,GRB,GRB,True
noti,2019_67,UNC(LP),GRB,False
noti,2019_70,GRB,GRB,True
noti,2019_71,GRB,GRB,True
noti,2019_72,GRB,GRB,True
noti,2019_73,GRB,GRB,True
noti,2019_74,GRB,GRB,True
noti,2019_75,GRB,GRB,True
noti,2019_76,GRB,GRB,True
noti,2019_78,GRB,GRB,True
noti,2019_79,GRB,GRB,True
noti,2019_82,UNC(LP),UNC(LP),True
noti,2019_83,GRB,GRB,True
noti,2019_84,GRB,GRB,True
noti,2019_85,GRB,GRB,True
noti,2019_86,GRB,GRB,True
noti,2019_87,GRB,GRB,True
noti,2019_88,GRB,GRB,True
noti,2019_89,GRB,GRB,True
noti,2019_90,GRB,GRB,True
noti,2019_91,GRB,GRB,True
noti,2019_92,GRB,GRB,True
noti,2019_93,GRB,GRB,True
noti,2019_95,GRB,GRB,True
inediti,2019_3,UNC(LP),UNC(LP),True
inediti,2019_9,GRB,GRB,True
inediti,2019_11,GRB,GRB,True
inediti,2019_21,GRB,GRB,True
inediti,2019_24,GRB/SF,GRB,True
inediti,2019_25,GRB,GRB,True
inediti,2019_26,UNC(LP),GRB,False
inediti,2019_36,GF/GRB,GRB,True
inediti,2019_37,GRB,GRB,True
inediti,2019_42,UNC(LP),GRB,False
inediti,2019_51,TGF,GRB,False
inediti,2019_59,UNC(LP),GRB,False
inediti,2019_60,UNC(LP),UNC,False
inediti,2019_61,UNC(LP),SF,False
inediti,2019_63,GRB,GRB,True
inediti,2019_66,GRB,GRB,True
inediti,2019_68,GRB,GRB,True
inediti,2019_69,GRB/TGF,GRB,True
inediti,2019_77,GF/GRB,GRB,True
inediti,2019_80,UNC(LP),UNC(LP),True
inediti,2019_94,GRB,GRB,True
