n,id,starred,trigger_time_utc,duration_s,detectors,catalog_name,S_r0,S_r1,S_r2,CE,in_window,t,has_data,matched,event,dt_start_s,our_S_r0,our_S_r1,our_S_r2,our_CE,our_duration_s,nearest_event_dt_s,focus_r1_max_pm60s,near_saa_150s,covered_by_event,covered_event_matched_to,diagnosis
226,2019_1,0,2019-03-03 05:45:19,88.06,n0 n1 n2 n5,GRB190303240,8.96,>10,0,R,True,573284724.0,True,True,1,-0.16413605213165283,10.13437784018339,17.253785198055468,0.0,R,88.06396198272705,0.16413605213165283,11.49358547731919,False,-1,,
227,2019_2,0,2019-03-04 19:37:21,9.73,n4,GRB190304818,4.4,6.29,0,P,True,573421046.0,True,True,2,5.337771892547607,4.47752793938633,6.522259658850949,0.0,P,13.82423710823059,-5.337771892547607,6.199861955998057,False,-1,,
229,2019_4,0,2019-03-06 22:37:42,185.86,n0 n1 n6 n7 n8 n9 na nb,GRB190306943,>10,>10,0,R,True,573604667.0,True,True,5,13.15797209739685,17.527487355846123,27.611499296141872,0.0,R,194.0510959625244,-13.15797209739685,17.40823416199541,False,-1,,
230,2019_5,0,2019-03-07 03:37:19,152.06,n0 n1 n2 n3 n4 n5 n9 na nb,GRB190307151,>10,>10,0,R,True,573622644.0,True,True,6,5.533022999763489,36.49115512152144,41.40464362922309,0.0,R,206.33772897720337,-5.533022999763489,19.855918462915497,False,-1,,
231,2019_6,0,2019-03-10 09:32:35,152.07,n0 n1 n2 n3 n4 n5 n6 n7 n8 n9 na nb,GRB190310398,>10,>10,0,R,True,573903160.0,True,True,9,11.647088050842285,51.17987822982706,62.85675885689505,0.0,R,254.46677112579343,-11.647088050842285,40.943922259334926,False,-1,,
232,2019_7,0,2019-03-11 14:23:37,9.73,n8,GRB190311600,0,3.36,0,P,True,574007022.0,True,False,-1,,,,,,,47274.62367105484,2.820870331986728,False,-1,,below threshold: max FOCuS r1 within ±60 s = 2.82 sigma
233,2019_8,0,2019-03-12 10:42:13,29.18,n0 n1 n3 n4,GRB190312446,>10,>10,0,R,True,574080138.0,True,True,13,5.2767698764801025,12.368184658760976,9.290480452204378,0.0,R,25.086886882781982,-5.2767698764801025,6.654511921708715,False,-1,,
235,2019_10,0,2019-03-15 12:17:44,106.75,n0 n1 n4 n5 n6 n7 n8 n9 na nb,GRB190315512,>10,>10,4.57,R,True,574345069.0,True,True,15,5.700597047805786,14.565617405955356,34.87467459607059,0.0,R,155.9052550792694,-5.700597047805786,18.51189922646004,False,-1,,
237,2019_12,0,2019-03-20 01:14:21,49.15,n6 n7 n8 n9 na nb,GRB190320052,5.74,>10,0,R,True,574737266.0,True,True,18,22.94426691532135,3.988677781075804,16.0414088311993,0.0,R,62.97708916664124,-22.94426691532135,8.108806945817399,False,-1,,
238,2019_13,0,2019-03-21 14:42:05,45.42,n2 n4 n5,SFLARE19032161,>10,7.83,0,R,True,574872130.0,True,True,20,5.504086971282959,51.34191310026716,8.07472047320619,0.0,R,49.51909005641937,-5.504086971282959,6.5146234263187255,False,-1,,
239,2019_14,0,2019-03-23 07:16:50,108.03,n0 n1 n6 n7 n8 n9 na nb,GRB190323303,>10,>10,5.54,R,True,575018215.0,True,True,21,5.480135917663574,15.8270838133692,35.10724102426793,3.821330443076368,R,136.70642399787903,-5.480135917663574,18.541827985184295,False,-1,,
240,2019_15,0,2019-03-23 21:05:18,113.15,n0 n1 n2 n3 n4 n5 n6 n7 n8 n9 na nb,GRB190323879,>10,>10,>10,R,True,575067923.0,True,True,22,-0.08917605876922607,52.389586667990855,107.30602357729585,15.679066489102048,R,215.55548095703125,0.08917605876922607,60.77914636948394,False,-1,,
241,2019_16,0,2019-03-24 08:21:13,114.69,n0 n1 n2 n3 n4 n5 n6 n7 n8 n9 na nb,GRB190324348,>10,>10,8.23,R,True,575108478.0,True,True,23,5.418946027755737,28.12034513253909,70.41165827098422,10.017246099694551,R,217.09161603450772,-5.418946027755737,37.00175245637275,False,-1,,
242,2019_17,0,2019-03-24 22:44:17,106.5,n0 n2 n6 n7 n8 n9 na nb,GRB190324947,>10,>10,6,R,True,575160262.0,True,True,24,3.0995728969573975,37.23652846204303,57.436830683711975,5.377278117805617,R,188.41916799545288,-3.0995728969573975,35.88436517625041,False,-1,,
243,2019_18,0,2019-03-25 23:58:59,341.12,n0 n1 n2 n3 n4 n5 n9 na nb,GRB190325999,>10,>10,6.87,R,True,575251144.0,True,True,25,5.755820035934448,13.5647794595961,35.04498175243736,5.71319066420532,R,345.2202150821686,-5.755820035934448,23.937425900969465,False,-1,,
244,2019_19,0,2019-03-26 23:24:43,41.22,n0 n1 n6 n9 na,GRB190326975,3.98,>10,0,R,True,575335488.0,True,True,27,5.49681293964386,3.292853514180708,10.81704444390076,0.0,R,37.11901295185089,-5.49681293964386,6.702918566813692,False,-1,,
245,2019_20,0,2019-03-27 02:39:13,45.57,n1 n2 n3 n4 n6 n7 n8 n9 na,GRB190327111,0,>10,6.32,R,True,575347158.0,True,True,28,27.6270409822464,0.0,14.987502231945465,4.68703283585852,R,41.47100293636322,-27.6270409822464,6.731206909913194,False,-1,,
247,2019_22,0,2019-03-30 16:39:28,108.16,n0 n1 n2 n3 n4 n5 n6 n7 n8 n9 na nb,GRB190330694,>10,>10,8.91,R,True,575656773.0,True,True,31,-0.8192329406738281,18.123818039993964,36.2482780898443,5.856903288930529,R,153.2172840833664,0.8192329406738281,16.897363362331184,False,-1,,
248,2019_23,0,2019-04-01 03:20:19,108.03,n3 n4 n5 n6 n7 n8 n9 na nb,GRB190401139,>10,>10,0,R,True,575781624.0,True,True,32,5.374592065811157,40.00818229458378,43.3910282109193,0.0,R,210.4353551864624,-5.374592065811157,25.265626284449716,False,-1,,
252,2019_27,0,2019-04-06 10:47:22,4.61,n3 n4,GRB190406450,5.13,4.58,0,R,True,576240447.0,True,True,38,9.867806911468506,5.6124525558538645,3.843302619340064,0.0,R,4.606253027915955,-9.867806911468506,3.373982941048443,False,-1,,
253,2019_28,0,2019-04-06 17:52:31,103.94,n0 n2 n3 n4 n5 n6 n7,GRB190406745,>10,>10,6.23,R,True,576265956.0,True,True,40,5.0128819942474365,10.354178237423502,19.46730551735801,0.0,R,112.12974691390993,-5.0128819942474365,11.270118064889887,False,-1,,
254,2019_29,0,2019-04-07 13:48:39,12.67,n3 n6 n9,GRB190407575,4.92,7.12,0,R,True,576337724.0,True,True,42,11.686676979064941,3.267786806167188,7.083005016274971,0.0,R,12.670713067054749,-11.686676979064941,4.208821342218937,False,-1,,
255,2019_30,0,2019-04-07 16:07:29,20.99,n6 n7 n9 na,GRB190407672,8,8.22,0,R,True,576346054.0,True,True,43,11.723628997802734,8.063414871682378,9.37161104927866,0.0,R,20.99086093902588,-11.723628997802734,4.966467910226299,False,-1,,
256,2019_31,0,2019-04-08 12:51:22,363.53,n0 n1 n2 n3 n4 n5 n6 n7 n8 n9 na nb,LOCLPAR1904085,>10,>10,0,R,True,576420687.0,True,True,44,7.3133180141448975,118.17292108325658,181.53110718666264,0.0,R,334.8529839515686,-7.3133180141448975,14.092947406392929,False,-1,,
257,2019_32,0,2019-04-11 09:45:46,22.02,n0 n1 n2 n6 n8 n9 na,GRB190411407,0,>10,>10,R,True,576668751.0,True,True,48,9.178947925567627,0.0,13.8441094052725,10.791697638366742,R,22.01637601852417,-9.178947925567627,6.78356012684992,False,-1,,
258,2019_33,0,2019-04-11 13:53:56,79.36,n0 n1 n2 n5,GRB190411579,8.76,>10,0,R,True,576683641.0,True,True,49,9.429041981697083,9.346035260250886,17.967068101416036,0.0,R,91.64936101436616,-9.429041981697083,10.419958559741165,False,-1,,
259,2019_34,0,2019-04-15 04:09:46,112.18,n0 n1 n2 n3 n4 n5 n6 n7 n8 n9 na nb,GRB190415173,>10,>10,>10,R,True,576994191.0,True,True,53,5.156425952911377,30.30033699893098,106.1192201973132,40.39592540102751,R,210.48288905620572,-5.156425952911377,54.16006471699735,False,-1,,
260,2019_35,0,2019-04-19 09:55:40,262.53,n0 n1 n2 n3 n4 n5 n6 n7 n8 n9 na nb,GRB190419414,>10,>10,6.32,R,True,577360545.0,True,True,55,5.428462982177734,20.28434201048147,40.17156519646183,5.860713910781666,R,262.5322599411011,-5.428462982177734,15.701839856688611,False,-1,,
263,2019_38,0,2019-04-20 23:32:27,8.38,n6,GRB190420981,0,3.62,0,P,True,577495952.0,True,True,58,14.962183952331543,0.0,3.7389612117968767,0.0,P,8.382987022399902,-14.962183952331543,3.659180959395164,False,-1,,
264,2019_39,0,2019-04-22 16:05:09,20.48,na nb,GRB190422670,0,6.94,0,S,True,577641914.0,True,True,59,14.719475030899048,0.0,7.400949698539898,0.0,S,26.112568020820618,-14.719475030899048,5.049685997090269,False,-1,,
265,2019_41,0,2019-04-22 22:56:09,183.3,n6 n7 n8 nb,GRB190422957,8.83,>10,0,R,True,577666574.0,True,True,61,11.431357979774475,12.175944722010769,12.579144162942123,0.0,R,195.5877789258957,-11.431357979774475,4.493277292413127,False,-1,,
267,2019_43,0,2019-04-28 18:48:11,62.98,n0 n1 n2 n3 n4 n5 na nb,GRB190428783,>10,>10,0,R,True,578170096.0,True,True,64,5.451939940452576,10.702011030890528,25.76988100530979,0.0,R,67.07303094863892,-5.451939940452576,13.26073121217666,False,-1,,
268,2019_44,0,2019-04-29 17:49:54,20.48,n9 na nb,GRB190429743,0,6.94,0,S,True,578252999.0,True,True,66,14.6856689453125,0.0,6.612114590891923,0.0,S,20.48037099838257,-14.6856689453125,4.283056088511604,False,-1,,
269,2019_45,0,2019-05-02 04:01:32,24.64,n0 n3 n4 n6 n7,GRB190502168,9.77,9.94,0,R,True,578462497.0,True,True,68,11.697381019592285,10.047541283070402,10.773781109816738,0.0,R,28.73513901233673,-11.697381019592285,6.191097731388975,False,-1,,
270,2019_46,0,2019-05-04 09:57:36,20.99,n3,GRB190504415,0,4.44,0,P,True,578656661.0,True,True,69,4.867487907409668,0.0,5.926766975238906,0.0,S,25.08667302131653,-4.867487907409668,4.799594324087419,False,-1,,
271,2019_47,0,2019-05-06 05:07:05,176.13,n0 n1 n2 n3 n4 n5,SFLARE19050621,>10,>10,0,R,True,578812030.0,True,True,70,9.804327964782715,462.4292314876234,96.1644929402684,0.0,R,277.5088770389557,-9.804327964782715,9.699724894071748,False,-1,,
272,2019_48,0,2019-05-06 13:53:21,49.15,n0 n1 n2 n3 n4 n5,SFLARE19050657,>10,3,0,R,True,578843606.0,True,True,71,129.6815550327301,82.57532455128977,11.84474293301396,0.0,R,155.65029501914978,-129.6815550327301,10.561770441621912,False,-1,,
273,2019_49,0,2019-05-06 17:47:45,89.09,n1 n2 n3 n4 n5,SFLARE19050674,>10,>10,0,R,True,578857670.0,True,True,72,16.10561501979828,69.18285444006582,13.880863608584535,0.0,R,93.1856449842453,-16.10561501979828,9.545056989122214,False,-1,,
274,2019_50,0,2019-05-07 06:28:19,47.62,n1 n8 n9 na,GRB190507270,5.75,9.53,0,R,True,578903304.0,True,True,74,-0.7183549404144287,6.201883005218444,8.670086690990885,0.0,R,35.32705307006836,0.7183549404144287,6.300739783677516,False,-1,,
276,2019_52,0,2019-05-07 23:16:29,108.03,n0 n1 n6 n7 n8 n9 na nb,GRB190507970,>10,>10,0,R,True,578963794.0,True,True,76,25.986621975898743,22.672859810030857,37.562102816303415,0.0,R,210.4351810216904,-25.986621975898743,22.651929406908057,False,-1,,
277,2019_53,0,2019-05-08 19:22:49,79.36,n6 n7 n8 nb,GRB190508808,9.3,>10,0,R,True,579036174.0,True,True,77,13.703794956207275,10.183438114475315,16.903033020591025,0.0,R,83.45738101005554,-13.703794956207275,12.934190617838626,False,-1,,
278,2019_54,0,2019-05-09 05:44:02,299.01,n0 n1 n2 n3 n4 n5 n6 n7 n8 na nb,SFL190509239,>10,>10,0,R,True,579073447.0,True,True,78,10.319031000137329,206.59066856948283,45.15811181611147,0.0,R,397.3183598518372,-10.319031000137329,8.356327442969567,False,-1,,
279,2019_55,0,2019-05-10 10:12:57,393.22,n1 n4 na,GRB190510430,4.03,5.44,0,R,True,579175982.0,True,True,79,3.458153009414673,3.6085442545403614,5.238235446210933,0.0,R,393.22217094898224,-3.458153009414673,4.04547595122521,False,-1,,
280,2019_56,0,2019-05-11 07:14:26,107.01,n0 n1 n2 n3 n4 n5 n6 n7 n8 n9 na nb,GRB190511302,>10,>10,0,R,True,579251671.0,True,True,80,4.712482929229736,31.39761253350057,63.58429204343517,0.0,R,209.41019809246063,-4.712482929229736,31.71785631311832,False,-1,,
281,2019_57,0,2019-05-12 14:40:04,20.48,n0 n3,GRB190512611,4.72,6.05,0,R,True,579364809.0,True,True,81,22.710446000099182,3.8798709818885775,6.367565707978966,0.0,R,30.2084881067276,-22.710446000099182,4.536892473010688,False,-1,,
286,2019_62,0,2019-05-14 21:41:40,12.29,n9,TGF190514901,6.65,5.19,0,P,True,579562905.0,True,True,87,44.91541290283203,6.710242120516446,4.394543965883628,0.0,P,8.192117929458618,-44.91541290283203,3.1206805063648138,False,-1,,
288,2019_64,0,2019-05-17 19:30:08,62.98,n0 n1 n7 n8 n9 na nb,GRB190517813,>10,>10,0,R,True,579814213.0,True,True,92,4.7396650314331055,15.928265288948058,21.502101673562,0.0,R,71.169065117836,-4.7396650314331055,15.45503961786137,False,-1,,
289,2019_65,0,2019-05-19 07:24:53,145.92,n0 n1 n2 n3 n4 n5 n7 n8 n9 na nb,GRB190519309,>10,>10,0,R,True,579943498.0,True,True,93,4.873086929321289,66.99870120412815,101.03742011548144,0.0,R,215.5541069507599,-4.873086929321289,57.99844869387221,False,-1,,
291,2019_67,0,2019-05-20 14:21:05,150.53,n0 n1 n2 n3 n4 n5 n6 n7 n8 n9 na nb,LOCLPAR1905205,>10,>10,0,R,True,580054870.0,True,True,97,11.500176906585693,60.27135166860277,74.25601282740467,0.0,R,240.64356195926663,-11.500176906585693,17.447775113475956,False,-1,,
294,2019_70,0,2019-05-30 10:19:05,116.99,n0 n1 n2 n3 n4 n5 n6 n7 n8 n9 na nb,GRB190530430,>10,>10,>10,R,True,580904350.0,True,True,109,18.11329197883606,264.4836843479039,739.6477272397507,255.9118436826357,R,215.2992820739746,-18.11329197883606,263.060927248318,False,-1,,
295,2019_71,0,2019-05-31 07:29:10,87.55,n0 n1 n2 n3 n4 n5 n9,GRB190531312,>10,>10,0,R,True,580980555.0,True,True,110,4.830891966819763,13.257795005008752,28.182403258133192,0.0,R,91.64983201026917,-4.830891966819763,14.774956243005636,False,-1,,
296,2019_72,0,2019-05-31 20:10:02,126.98,n0 n1 n2 n3 n4 n5 n6 n7 n8 n9 na nb,GRB190531840,>10,>10,>10,R,True,581026207.0,True,True,111,7.90679395198822,49.141588634999344,170.4137778334522,37.639908834589534,R,221.18844592571256,-7.90679395198822,88.56053354592906,False,-1,,
297,2019_73,0,2019-06-03 19:04:31,12.29,n0 n3 n4 n5,GRB190603795,7.3,6.8,0,R,True,581281476.0,True,True,113,11.160594940185547,8.103649430457756,7.023758014205639,0.0,R,26.112587094306942,-11.160594940185547,4.830814079173456,False,-1,,
298,2019_74,0,2019-06-04 10:42:33,108.8,n0 n1 n2 n3 n4 n5 n6 n7 n8,GRB190604446,>10,>10,>10,R,True,581337758.0,True,True,115,-0.21483111381530762,23.77543605754379,56.65257495957712,11.397528670928128,R,186.62693691253665,0.21483111381530762,30.111556745291068,False,-1,,
299,2019_75,0,2019-06-05 23:22:29,16.58,n4 n7 n8,GRB190605974,0,6.33,0,S,True,581469754.0,True,True,116,5.784955978393555,0.0,5.368768765417967,0.0,S,12.478935956954956,-5.784955978393555,3.863768664777507,False,-1,,
300,2019_76,0,2019-06-06 01:55:04,46.98,n0 n1 n2 n3 n4 n5 n9 na,GRB190606080,6.96,>10,5.45,R,True,581478909.0,True,True,117,12.848128080368042,6.384003841482533,23.57130819805642,3.5598070976377083,R,51.08009219169617,-12.848128080368042,11.946398299832492,False,-1,,
302,2019_78,0,2019-06-07 01:42:46,45.31,n6 n7 n9 na nb,GRB190607071,8.88,>10,0,R,True,581564571.0,True,True,120,5.549653053283691,9.081570443368989,12.01041719710448,0.0,R,41.21541595458984,-5.549653053283691,6.661092658222602,False,-1,,
303,2019_79,0,2019-06-08 00:12:20,106.75,n6 n7 n8 n9 na nb,GRB190608009,9.44,>10,0,R,True,581645545.0,True,True,121,14.40614104270935,8.356113724006503,30.84310949530409,0.0,R,155.90577495098114,-14.40614104270935,15.857960872939785,False,-1,,
306,2019_82,0,2019-06-08 20:35:08,400.39,n0 n1 n2 n3 n4 n5 n6 n7 n8 n9 na nb,LOCLPAR1906088,>10,>10,0,R,True,581718913.0,True,True,122,953.4806679487228,1462.766384177079,482.455813939955,0.0,R,1154.0717240571976,-953.4806679487228,34.24040530196018,False,-1,,
307,2019_83,0,2019-06-09 07:33:36,138.24,n3 n4 n5 n6 n7 n8 n9 na nb,GRB190609315,>10,>10,>10,R,True,581758421.0,True,True,124,3.509269952774048,13.371745272765052,44.69062029247536,8.66263650178445,R,232.4527360200882,-3.509269952774048,22.455511827141727,False,-1,,
308,2019_84,0,2019-06-10 18:00:05,102.4,n0 n1 n2 n5 n6 n7 n8 n9 na nb,GRB190610750,>10,>10,0,R,True,581882410.0,True,True,125,3.571589946746826,24.168570290978792,37.24451687070183,0.0,R,143.36279606819153,-3.571589946746826,21.5823526906689,False,-1,,
309,2019_85,0,2019-06-11 22:47:46,178.05,n0 n1 n2 n3 n4 n5 n9,GRB190611950,>10,>10,>10,R,True,581986071.0,True,True,126,-0.1383371353149414,60.13876421103792,112.13321467951532,19.22053994711446,R,280.4520778656006,0.1383371353149414,35.57779677789712,False,-1,,
310,2019_86,0,2019-06-12 03:57:24,22.02,n4 n8,GRB190612165,4.6,5.27,0,R,True,582004649.0,True,True,127,21.88011884689331,5.064101142571886,5.438485065695297,0.0,R,22.01643991470337,-21.88011884689331,4.103810362668392,False,-1,,
311,2019_87,0,2019-06-13 04:07:21,45.06,n0 n1 n3 n8,GRB190613172,>10,>10,0,R,True,582091646.0,True,True,129,22.733963012695312,8.531591578229573,14.021130939507986,0.0,R,49.1530179977417,-22.733963012695312,9.326805961092598,False,-1,,
312,2019_88,0,2019-06-13 10:46:58,38.4,n3 n4 n5 n6 n7 n8 n9 nb,GRB190613449,8.28,>10,0,R,True,582115623.0,True,True,130,5.118816018104553,8.408123793341936,20.70440204666666,0.0,R,46.59294307231903,-5.118816018104553,10.910545826474172,False,-1,,
313,2019_89,0,2019-06-15 15:16:26,79.36,n4 n6 n7 n8 n9 nb,GRB190615636,8.23,>10,0,R,True,582304591.0,True,True,132,21.156049966812134,8.346011379294941,15.2749443819099,0.0,R,71.16911602020264,-21.156049966812134,13.480677241589444,False,-1,,
314,2019_90,0,2019-06-19 00:24:24,154.63,n0 n1 n3 n6 n9,GRB190619018,>10,>10,0,R,True,582596669.0,True,True,134,19.98503303527832,15.255410446906682,16.717444742502312,0.0,R,154.6262570619583,-19.98503303527832,3.465975612668933,False,-1,,
315,2019_91,0,2019-06-19 14:15:55,146.43,n1 n2 n3 n4 n5 n6 n7 n8 n9 na nb,GRB190619595,>10,>10,5.83,R,True,582646560.0,True,True,135,3.9254119396209717,25.14141221147176,51.74677930538312,4.434943269666032,R,236.54790198802948,-3.9254119396209717,32.92483516778424,False,-1,,
316,2019_92,0,2019-06-20 12:10:10,116.23,n0 n1 n2 n3 n4 n5 n6 n7 n8 n9 na nb,GRB190620507,>10,>10,>10,R,True,582725415.0,True,True,136,5.335289001464844,44.577028793887926,119.1027726468272,23.73358794770541,R,214.5316059589386,-5.335289001464844,59.03558954671701,False,-1,,
317,2019_93,0,2019-06-26 06:06:24,4.61,n2,GRB190626254,3.18,3.12,0,P,True,583221989.0,True,True,139,5.898666858673096,3.1361179229197185,3.0728580923193625,0.0,P,4.606426000595093,-5.898666858673096,3.017856118473988,False,-1,,
319,2019_95,0,2019-06-28 12:30:54,26.11,na nb,GRB190628521,5.32,7.16,0,R,True,583417859.0,True,True,141,8.919975996017456,5.07730383981894,6.87302129928268,0.0,R,26.11242914199829,-8.919975996017456,5.064590174175226,False,-1,,
