trig_ids,start_index,start_met,start_times,end_index,end_met,duration,catalog_triggers,trig_dets,predicted_class
0,8104,573124424.4956121,2019-03-01 09:13:39.495612,8124,573124502.320862,77.82524991035461,,n0_r2 n1_r2 n2_r2 n3_r2 n4_r2 n5_r2 n6_r2 n8_r1 n8_r2 n9_r2 na_r2 nb_r1 nb_r2,SF
1,41799,573284724.164136,2019-03-03 05:45:19.164136,41820,573284808.1320341,83.96789801120758,,n0_r0 n0_r1 n1_r0 n1_r1 n2_r0 n2_r1 n5_r0 n5_r1 na_r1,SF
2,69921,573421046.294318,2019-03-04 19:37:21.294318,69924,573421056.0224811,9.728163123130798,,n4_r0 n4_r1,SF
3,97778,573547171.270521,2019-03-06 06:39:26.270521,97821,573547343.3052421,172.03472101688385,,n0_r0 n1_r0 n1_r1 n2_r0 n2_r1 n3_r0 n3_r1 n4_r0 n5_r0 n5_r1 n6_r0 n6_r1 n7_r0 n7_r1 n8_r0 n9_r0 na_r0 nb_r0 nb_r1,SF
4,97830,573547384.265892,2019-03-06 06:42:59.265892,97929,573547785.680276,401.4143840074539,,n0_r0 n0_r1 n1_r0 n1_r1 n3_r0 n3_r1 n4_r0 n4_r1 n5_r0 n5_r1 n6_r0 n6_r1 n7_r0 n7_r1 n8_r0 n9_r0 n9_r1 na_r0 na_r1 nb_r0 nb_r1,SF
5,109210,573604667.66626,2019-03-06 22:37:42.666260,109257,573604857.6212921,189.95503211021423,,n0_r1 n1_r0 n1_r1 n6_r0 n6_r1 n7_r1 n8_r1 n9_r0 n9_r1 na_r0 na_r1 nb_r0 nb_r1,SF
6,113596,573622644.0990701,2019-03-07 03:37:19.099070,113646,573622846.34073,202.24165987968445,GRB190307151,n0_r0 n0_r1 n1_r0 n1_r1 n2_r0 n2_r1 n3_r0 n3_r1 n4_r1 n5_r0 n5_r1 n8_r0 n8_r1 n9_r1 na_r0 na_r1 nb_r0 nb_r1,GRB
7,145485,573775817.1486499,2019-03-08 22:10:12.148650,145487,573775821.244714,4.09606409072876,,n9_r1 nb_r1,SF
8,151009,573798457.043872,2019-03-09 04:27:32.043872,151014,573798473.428134,16.384261965751648,,n2_r0 n3_r0 n3_r1 n6_r0 n7_r0 n7_r1 n8_r0,SF
9,172757,573903160.130661,2019-03-10 09:32:35.130661,172819,573903410.501363,250.3707020282745,,n0_r0 n0_r1 n1_r0 n1_r1 n2_r0 n2_r1 n3_r0 n3_r1 n4_r0 n4_r1 n5_r0 n5_r1 n6_r1 n7_r1 n8_r0 n8_r1 n9_r0 n9_r1 na_r0 na_r1 nb_r0 nb_r1,SF
10,179476,573937104.708027,2019-03-10 18:58:19.708027,179479,573937112.9001591,8.192132115364075,,n5_r1 nb_r1,SF
11,205425,574054358.06474,2019-03-12 03:32:33.064740,205439,574054411.3136501,53.24891018867493,,n0_r2 n3_r2 n5_r1 n5_r2 n6_r1 n6_r2 n8_r2 n9_r2 nb_r1 nb_r2,SF
12,205677,574055390.2737119,2019-03-12 03:49:45.273712,205711,574055525.443817,135.17010509967804,,n0_r0 n0_r1 n1_r0 n2_r0 n2_r1 n3_r0 n3_r1 n4_r0 n5_r0 n5_r1 n6_r0 n7_r0 n7_r1 n8_r0 n8_r1 na_r0 nb_r0 nb_r1,SF
13,210208,574080138.3553231,2019-03-12 10:42:13.355323,210214,574080159.3461411,20.99081802368164,,n0_r0 n0_r1 n1_r1 n3_r0 n3_r1 n4_r0,SF
14,261359,574319372.571028,2019-03-15 05:09:27.571028,261364,574319388.955294,16.384266018867493,,n6_r0 n6_r1 n9_r0,SF
15,266147,574345069.443512,2019-03-15 12:17:44.443512,266185,574345221.252696,151.80918407440186,,n0_r1 n1_r1 n2_r1 n3_r1 n4_r1 n5_r1 n6_r1 n7_r0 n7_r1 n8_r1 n9_r0 n9_r1 na_r0 na_r1 nb_r0 nb_r1,SF
16,269082,574359199.987376,2019-03-15 16:13:14.987376,269088,574359220.467704,20.48032808303833,,n0_r1 n1_r1 n3_r1 n5_r1 nb_r1,SF
17,295251,574477687.545779,2019-03-17 01:08:02.545779,295257,574477708.0261091,20.48033010959625,,nb_r0 nb_r1,SF
18,350314,574737260.9760339,2019-03-20 01:14:15.976034,350329,574737319.857045,58.8810111284256,,n6_r1 n7_r1 n8_r1 n9_r1 na_r1 nb_r0 nb_r1,SF
19,376856,574866998.951699,2019-03-21 13:16:33.951699,376864,574867027.624149,28.672449946403503,,n5_r1 nb_r1,SF
20,378040,574872130.640015,2019-03-21 14:42:05.640015,378052,574872176.063043,45.423027992248535,,n2_r0 n4_r0 n4_r1 n5_r0 n5_r1,SF
21,409231,575018215.151962,2019-03-23 07:16:50.151962,409264,575018347.762314,132.61035192012787,,n0_r1 n1_r1 n6_r0 n6_r1 n7_r1 n8_r1 n9_r0 n9_r1 n9_r2 na_r0 na_r1 nb_r0 nb_r1,SF
22,420601,575067923.089176,2019-03-23 21:05:18.089176,420653,575068134.5485921,211.45941603183743,,n0_r0 n0_r1 n0_r2 n1_r0 n1_r1 n1_r2 n2_r1 n3_r0 n3_r1 n3_r2 n4_r0 n4_r1 n4_r2 n5_r0 n5_r1 n5_r2 n6_r0 n6_r1 n6_r2 n7_r0 n7_r1 n7_r2 n8_r0 n8_r1 n9_r1 na_r0 na_r1 nb_r0 nb_r1,SF
23,428198,575108478.213153,2019-03-24 08:21:13.213153,428251,575108691.2087021,212.99554908275604,,n0_r0 n0_r1 n0_r2 n1_r0 n1_r1 n1_r2 n2_r0 n2_r1 n2_r2 n3_r1 n4_r1 n4_r2 n5_r0 n5_r1 n6_r1 n7_r1 n8_r0 n8_r1 n9_r0 n9_r1 n9_r2 na_r0 na_r1 na_r2 nb_r0 nb_r1,SF
24,440174,575160262.996502,2019-03-24 22:44:17.996502,440220,575160447.319602,184.3230999708176,,n0_r1 n2_r1 n6_r0 n6_r1 n6_r2 n7_r0 n7_r1 n7_r2 n8_r0 n8_r1 n9_r0 n9_r1 na_r0 na_r1 nb_r0 nb_r1,SF
25,459213,575251144.388279,2019-03-25 23:58:59.388279,459299,575251485.5124259,341.124146938324,,n0_r0 n0_r1 n0_r2 n1_r0 n1_r1 n2_r0 n2_r1 n2_r2 n3_r1 n4_r1 n5_r0 n5_r1 n5_r2 n9_r1 na_r1 nb_r1,SF
26,466482,575289113.816601,2019-03-26 10:31:48.816601,466485,575289122.008735,8.192133903503418,,nb_r1,SF
27,477038,575335488.6472781,2019-03-26 23:24:43.647278,477047,575335521.67023,33.02295196056366,,n0_r1 n1_r1 n6_r1 n9_r0 n9_r1 na_r1,SF
28,479088,575347158.5350131,2019-03-27 02:39:13.535013,479098,575347195.909948,37.37493491172791,,n1_r1 n2_r1 n3_r1 n3_r2 n4_r1 n6_r1 n7_r1 n7_r2 n8_r1 n9_r1 na_r1,SF
29,481890,575361365.375902,2019-03-27 06:36:00.375902,481894,575361377.664113,12.28821098804474,,n1_r1,SF
30,484667,575374784.468979,2019-03-27 10:19:39.468979,484681,575374837.7178011,53.24882209300995,,nb_r1,SF
31,545515,575656773.819233,2019-03-30 16:39:28.819233,545552,575656922.9404421,149.12120914459229,,n0_r0 n0_r1 n0_r2 n1_r0 n1_r1 n2_r0 n2_r1 n2_r2 n3_r1 n4_r1 n5_r1 n6_r0 n6_r1 n8_r1 n9_r0 n9_r1 na_r0 na_r1 nb_r1,SF
32,571127,575781624.2574949,2019-04-01 03:20:19.257495,571178,575781830.596786,206.33929109573364,,n2_r1 n3_r0 n3_r1 n4_r0 n4_r1 n5_r1 n6_r0 n6_r1 n7_r0 n7_r1 n8_r0 n8_r1 n9_r0 n9_r1 na_r0 na_r1 nb_r0 nb_r1,SF
33,574353,575796928.4847901,2019-04-01 07:35:23.484790,574354,575796928.4847901,0.0,,n6_r1 nb_r1,SF
34,633856,576073467.0139041,2019-04-04 12:24:22.013904,633869,576073516.166702,49.15279793739319,,n0_r0 n0_r1 n1_r0 n1_r1 n2_r1 n3_r1 n5_r0 n5_r1,SF
35,634496,576076088.4995221,2019-04-04 13:08:03.499522,634500,576076100.78774,12.288217902183533,,n9_r0 n9_r1 na_r1,SF
36,635042,576078329.048334,2019-04-04 13:45:24.048334,635092,576078529.755377,200.7070430517197,,n0_r0 n0_r1 n1_r0 n1_r1 n2_r0 n2_r1 n3_r0 n3_r1 n4_r1 n5_r0 n5_r1 n6_r0 n6_r1 n7_r0 n7_r1 n8_r0 n8_r1 n9_r0 n9_r1 na_r1 nb_r0 nb_r1,SF
37,653189,576163975.3783721,2019-04-05 13:32:50.378372,653208,576164049.107494,73.72912192344666,,n2_r1 n3_r1 n4_r0 n4_r1 n5_r1 n7_r1 na_r1,SF
38,669111,576240447.8862,2019-04-06 10:47:22.886200,669112,576240447.8862,0.0,GRB190406450,n3_r0 n3_r1 n4_r0,GRB
39,671344,576249596.942503,2019-04-06 13:19:51.942503,671372,576249707.536159,110.59365606307983,,n0_r0 n0_r1 n1_r1 n2_r1 n3_r1 n5_r0 n5_r1 n6_r0 n6_r1 n7_r0 n7_r1 n8_r1 n9_r0 n9_r1 nb_r0 nb_r1,SF
40,674684,576265956.6192131,2019-04-06 17:52:31.619213,674711,576266064.652897,108.03368389606476,,n0_r1 n2_r1 n3_r0 n3_r1 n4_r0 n4_r1 n5_r1 n6_r1 n7_r1,SF
41,682171,576304711.202073,2019-04-07 04:38:26.202073,682178,576304735.778492,24.57641899585724,,nb_r1,SF
42,690165,576337724.219028,2019-04-07 13:48:39.219028,690168,576337732.793671,8.574643015861511,,n3_r1 n6_r0 n6_r1 n9_r1,SF
43,691891,576346054.054014,2019-04-07 16:07:29.054014,691896,576346070.948805,16.89479100704193,,n6_r0 n6_r1 n7_r1 n9_r0 n9_r1 na_r0 na_r1 nb_r1,SF
44,707797,576420696.0709361,2019-04-08 12:51:31.070936,707878,576421026.8278611,330.7569249868393,,n0_r0 n0_r1 n1_r0 n1_r1 n2_r0 n2_r1 n3_r0 n3_r1 n4_r0 n4_r1 n5_r0 n5_r1 n6_r0 n6_r1 n7_r0 n7_r1 n8_r0 n8_r1 n9_r0 n9_r1 na_r0 na_r1 nb_r0 nb_r1,SF
45,708116,576422006.331919,2019-04-08 13:13:21.331919,708146,576422125.1178219,118.78590297698976,,n0_r2 n1_r2 n5_r2 n6_r2 n9_r2 nb_r1 nb_r2,SF
46,724000,576497717.6658759,2019-04-09 10:15:12.665876,724031,576497840.548008,122.88213205337524,,n0_r0 n1_r0 n2_r0 n6_r0 n9_r0 n9_r1 na_r0,SF
47,740757,576577585.4812751,2019-04-10 08:26:20.481275,740759,576577589.577345,4.096069931983948,,n1_r0 n9_r0 n9_r1 na_r0 nb_r0,SF
48,760246,576668751.549222,2019-04-11 09:45:46.549222,760251,576668769.4695301,17.920308113098145,,n0_r1 n0_r2 n1_r1 n1_r2 n2_r1 n2_r2 n6_r1 n6_r2 n8_r2 n9_r1 n9_r2 na_r1 na_r2,SF
49,763605,576683641.2991,2019-04-11 13:53:56.299100,763627,576683728.8524021,87.55330204963684,,n0_r1 n1_r0 n1_r1 n2_r0 n2_r1 n5_r0 n5_r1 n9_r1,SF
50,771787,576726818.220988,2019-04-12 01:53:33.220988,771791,576726830.509196,12.2882080078125,,nb_r1,SF
51,789972,576812501.524514,2019-04-13 01:41:36.524514,789984,576812546.581418,45.05690407752991,,n8_r1 n9_r1 nb_r1,SF
52,815936,576929772.4975271,2019-04-14 10:16:07.497527,815951,576929829.842598,57.34507083892822,,n2_r2 n7_r2 n9_r2 na_r2 nb_r1 nb_r2,SF
53,829072,576994191.42907,2019-04-15 04:09:46.429070,829123,576994397.815877,206.38680696487427,,n0_r0 n0_r1 n0_r2 n1_r0 n1_r1 n1_r2 n2_r0 n2_r1 n2_r2 n3_r0 n3_r1 n3_r2 n4_r0 n4_r1 n4_r2 n5_r0 n5_r1 n5_r2 n6_r0 n6_r1 n6_r2 n7_r1 n7_r2 n8_r1 n8_r2 n9_r1 na_r0 na_r1 nb_r1,SF
54,879610,577234629.176326,2019-04-17 22:57:04.176326,879612,577234633.2724099,4.096083879470825,,n5_r1 n5_r2 n7_r1 nb_r1,SF
55,907304,577360545.2036531,2019-04-19 09:55:40.203653,907368,577360803.639827,258.43617391586304,,n0_r0 n0_r1 n0_r2 n1_r0 n1_r1 n2_r0 n2_r1 n3_r1 n4_r1 n5_r1 n6_r0 n6_r1 n6_r2 n7_r1 n8_r1 n9_r0 n9_r1 n9_r2 na_r0 na_r1 nb_r1,SF
56,929036,577465709.717224,2019-04-20 15:08:24.717224,929052,577465771.158476,61.44125199317932,,n4_r1 n8_r1,SF
57,934485,577492377.540127,2019-04-20 22:32:52.540127,934491,577492398.02057,20.480443000793457,,n6_r0 n6_r1 n7_r0 n7_r1 n8_r0 n9_r0 n9_r1 nb_r0 nb_r1,SF
58,935356,577495952.207299,2019-04-20 23:32:27.207299,935358,577495956.494206,4.286906957626343,,n6_r1,SF
59,966105,577641909.008729,2019-04-22 16:05:04.008729,966111,577641931.0252011,22.016472101211548,,na_r1 nb_r1,SF
60,968123,577652316.100524,2019-04-22 18:58:31.100524,968124,577652316.100524,0.0,,n0_r1 n2_r1 n2_r2 n4_r1 n9_r1 na_r1,SF
61,971483,577666566.6647191,2019-04-22 22:56:01.664719,971530,577666758.156421,191.4917018413544,,n6_r0 n6_r1 n7_r0 n7_r1 n8_r0 n8_r1 nb_r1,SF
62,987358,577742395.347401,2019-04-23 19:59:50.347401,987369,577742693.82614,298.4787390232086,,n2_r1 n2_r2 n4_r1 n5_r1 n5_r2 n6_r1 n6_r2 n8_r1 n8_r2 na_r1 nb_r1 nb_r2,SF
63,1064684,578103374.861204,2019-04-28 00:16:09.861204,1064715,578103497.743333,122.88212895393372,,n0_r0 n0_r1 n1_r0 n1_r1 n2_r0 n2_r1 n3_r0 n3_r1 n4_r0 n4_r1 n5_r0 n5_r1 n6_r0 n6_r1 n7_r0 n7_r1 n8_r0 n8_r1 n9_r0 n9_r1 na_r0 na_r1 nb_r0 nb_r1,SF
64,1078239,578170096.1801441,2019-04-28 18:48:11.180144,1078255,578170159.157114,62.976969957351685,,n0_r0 n0_r1 n1_r0 n1_r1 n2_r1 n3_r0 n3_r1 n4_r1 n5_r0 n5_r1 na_r0 na_r1 nb_r1,SF
65,1095169,578250226.331763,2019-04-29 17:03:41.331763,1095171,578250230.4278259,4.096062898635864,,n5_r1,SF
66,1095798,578252999.6745961,2019-04-29 17:49:54.674596,1095803,578253016.0588961,16.384299993515015,,n9_r1 na_r1 nb_r1,SF
67,1121127,578367480.2762821,2019-05-01 01:37:55.276282,1121140,578367529.429111,49.15282893180847,,n3_r2 n4_r2 n5_r1 n5_r2 n6_r1 n6_r2 n8_r2 n9_r2 nb_r1,SF
68,1141194,578462497.528154,2019-05-02 04:01:32.528154,1141201,578462522.167227,24.63907301425934,,n0_r0 n0_r1 n3_r0 n3_r1 n4_r0 n4_r1 n6_r1 n7_r1,SF
69,1181506,578656661.764602,2019-05-04 09:57:36.764602,1181512,578656682.755209,20.990607023239136,,n3_r1 n4_r1,SF
70,1215087,578812030.322161,2019-05-06 05:07:05.322161,1215155,578812303.734967,273.41280603408813,,n0_r0 n0_r1 n1_r0 n1_r1 n2_r0 n2_r1 n3_r0 n3_r1 n4_r0 n4_r1 n5_r0 n5_r1,SF
71,1221284,578843573.599868,2019-05-06 13:52:48.599868,1221322,578843725.154104,151.55423593521118,,n0_r0 n1_r0 n2_r0 n3_r0 n4_r0 n5_r0 n5_r1,SF
72,1224723,578857670.2786851,2019-05-06 17:47:45.278685,1224745,578857759.3682591,89.08957397937775,,n1_r0 n1_r1 n2_r0 n2_r1 n3_r0 n3_r1 n4_r0 n4_r1 n5_r0 n5_r1,SF
73,1229005,578875224.2078661,2019-05-06 22:40:19.207866,1229039,578875359.378275,135.1704089641571,,n0_r1 n0_r2 n1_r2 n2_r1 n2_r2 n3_r2 n4_r1 n4_r2 n5_r1 n5_r2 n6_r1 n6_r2 n7_r1 n7_r2 n8_r1 n8_r2 n9_r1 n9_r2 na_r2 nb_r1 nb_r2,SF
74,1234238,578903304.718355,2019-05-07 06:28:19.718355,1234246,578903335.949329,31.23097407817841,,n1_r1 n9_r0 n9_r1 na_r0 na_r1,SF
75,1242651,578942118.232585,2019-05-07 17:15:13.232585,1242653,578942121.557142,3.324557065963745,,na_r1,SF
76,1247717,578963794.125768,2019-05-07 23:16:29.125768,1247768,578964000.464888,206.33912003040317,,n0_r1 n1_r1 n6_r0 n6_r1 n7_r1 n8_r1 n9_r0 n9_r1 na_r0 na_r1 nb_r0 nb_r1,SF
77,1262847,579036174.1204281,2019-05-08 19:22:49.120428,1262867,579036253.4817431,79.36131501197815,,n6_r1 n7_r0 n7_r1 n8_r0 n8_r1 nb_r0 nb_r1,SF
78,1270152,579073447.1113801,2019-05-09 05:44:02.111380,1270249,579073840.333675,393.2222949266434,,n0_r0 n0_r1 n1_r0 n1_r1 n2_r0 n2_r1 n3_r0 n3_r1 n4_r0 n4_r1 n5_r0 n5_r1 n6_r0 n7_r0 n8_r0 na_r0 nb_r0,SF
79,1291594,579175982.637909,2019-05-10 10:12:57.637909,1291688,579176371.7640159,389.1261068582535,,n1_r1 n4_r0 n4_r1,SF
80,1307861,579251671.919611,2019-05-11 07:14:26.919611,1307912,579251877.2337401,205.314129114151,,n0_r0 n0_r1 n1_r0 n1_r1 n2_r0 n2_r1 n3_r0 n3_r1 n4_r1 n5_r1 n6_r0 n6_r1 n7_r0 n7_r1 n8_r0 n8_r1 n9_r0 n9_r1 na_r0 na_r1 nb_r1,SF
81,1332393,579364804.209834,2019-05-12 14:39:59.209834,1332400,579364830.322258,26.11242401599884,,n0_r0 n0_r1 n3_r1,SF
82,1365428,579522666.104814,2019-05-14 10:31:01.104814,1365494,579522932.348782,266.24396789073944,,n0_r0 n0_r1 n1_r0 n1_r1 n2_r0 n2_r1 n3_r0 n3_r1 n4_r0 n4_r1 n5_r0 n5_r1 n6_r0 n6_r1 n7_r0 n7_r1 n8_r0 n8_r1 n9_r0 n9_r1 na_r0 na_r1 nb_r0 nb_r1,SF
83,1366699,579527876.30041,2019-05-14 11:57:51.300410,1366717,579527945.933502,69.6330919265747,,n0_r0 n1_r0 n2_r0 n3_r0 n4_r0 n5_r0 n6_r0 n7_r0 n7_r1 n8_r0 n8_r1 n9_r0 na_r0 nb_r0,SF
84,1366719,579527958.221707,2019-05-14 11:59:13.221707,1366977,579529010.909483,1052.6877759695053,,n0_r0 n0_r1 n1_r0 n1_r1 n2_r0 n2_r1 n3_r0 n3_r1 n4_r0 n4_r1 n5_r0 n5_r1 n6_r0 n6_r1 n7_r0 n7_r1 n8_r0 n8_r1 n9_r0 n9_r1 na_r0 na_r1 nb_r0 nb_r1,SF
85,1368261,579534278.450626,2019-05-14 13:44:33.450626,1368264,579534286.6427461,8.19212007522583,,n0_r0 n2_r0 n3_r0 n4_r0 n4_r1 n5_r0 n6_r0 n7_r0 n8_r0 n9_r0 na_r0 nb_r0,SF
86,1368267,579534303.0269921,2019-05-14 13:44:58.026992,1368431,579534970.684782,667.6577899456024,,n0_r0 n0_r1 n1_r0 n1_r1 n2_r0 n2_r1 n3_r0 n3_r1 n4_r0 n4_r1 n5_r0 n5_r1 n6_r0 n6_r1 n7_r0 n7_r1 n8_r0 n8_r1 n9_r0 n9_r1 na_r0 na_r1 nb_r0 nb_r1,SF
87,1374616,579562905.141253,2019-05-14 21:41:40.141253,1374618,579562909.237312,4.096058964729309,,n9_r0 n9_r1,SF
88,1382204,579602210.387608,2019-05-15 08:36:45.387608,1382207,579602218.5797341,8.192126035690308,,n6_r1 n8_r1,SF
89,1388657,579629065.723707,2019-05-15 16:04:20.723707,1388662,579629082.108005,16.384298086166382,,n4_r0 n4_r1,SF
90,1400394,579687917.67521,2019-05-16 08:25:12.675210,1400397,579687925.8673351,8.192125082015991,,n6_r1 nb_r1,SF
91,1426343,579805151.017297,2019-05-17 16:59:06.017297,1426359,579805212.4583111,61.44101405143738,,n6_r2 n8_r1 n8_r2 n9_r2 na_r2 nb_r1 nb_r2,SF
92,1428229,579814213.892417,2019-05-17 19:30:08.892417,1428246,579814280.965415,67.072998046875,,n0_r1 n1_r1 n4_r1 n6_r1 n7_r1 n8_r1 n9_r0 n9_r1 na_r0 na_r1 nb_r0 nb_r1,SF
93,1454778,579943498.760658,2019-05-19 07:24:53.760658,1454830,579943710.218695,211.45803701877597,,n0_r0 n0_r1 n1_r0 n1_r1 n2_r0 n2_r1 n3_r0 n3_r1 n4_r0 n4_r1 n5_r0 n5_r1 n7_r1 n8_r0 n8_r1 n9_r0 n9_r1 na_r0 na_r1 nb_r1,SF
94,1461073,579969305.076604,2019-05-19 14:35:00.076604,1461081,579969333.749018,28.67241394519806,,n2_r1 n4_r0 n4_r1 n5_r1 n6_r0 n7_r0 n7_r1 n8_r0 n8_r1 na_r1 nb_r0,SF
95,1471615,580023246.539628,2019-05-20 05:34:01.539628,1471621,580023267.019981,20.48035299777985,,n6_r0 n7_r1 n9_r0 n9_r1 na_r1 nb_r0 nb_r1,SF
96,1477738,580048870.052515,2019-05-20 12:41:05.052515,1477753,580048927.397341,57.344825983047485,,n3_r1 n4_r0 n4_r1 n7_r0 n7_r1 n8_r0 n8_r1 na_r1 nb_r1,SF
97,1479200,580054862.595882,2019-05-20 14:20:57.595882,1479258,580055099.143384,236.54750192165372,,n0_r0 n0_r1 n1_r0 n1_r1 n2_r0 n2_r1 n3_r0 n3_r1 n4_r0 n4_r1 n5_r0 n5_r1 n6_r0 n6_r1 n7_r0 n7_r1 n8_r0 n8_r1 n9_r0 n9_r1 na_r0 na_r1 nb_r0 nb_r1,SF
98,1490023,580109987.484606,2019-05-21 05:39:42.484606,1490032,580110341.722996,354.23838996887207,,n0_r1 n5_r1 n6_r0 n6_r1 n8_r1 n9_r1 nb_r1,SF
99,1508243,580195706.880913,2019-05-22 05:28:21.880913,1508244,580195706.880913,0.0,,nb_r1,SF
100,1515963,580227353.0716,2019-05-22 14:15:48.071600,1515965,580227357.167664,4.09606409072876,,nb_r1,SF
101,1550192,580389354.140197,2019-05-24 11:15:49.140197,1550201,580389386.908753,32.768555998802185,,n3_r1 n7_r1,SF
102,1559702,580437959.147786,2019-05-25 00:45:54.147786,1559703,580437959.147786,0.0,,n0_r1,SF
103,1579652,580532085.566926,2019-05-26 02:54:40.566926,1579657,580532101.951244,16.384317994117737,,n9_r1 nb_r1,SF
104,1597818,580617740.396011,2019-05-27 02:42:15.396011,1597839,580618058.330843,317.93483197689056,,n5_r1 n5_r2 n6_r1 n7_r1 n8_r1 n8_r2 n9_r1 n9_r2 na_r1 nb_r1 nb_r2,SF
105,1623791,580735105.789026,2019-05-28 11:18:20.789026,1623792,580735105.789026,0.0,,nb_r1,SF
106,1632154,580779181.910072,2019-05-28 23:32:56.910072,1632159,580779198.294405,16.38433301448822,,n4_r0 n4_r1,SF
107,1641104,580816636.244783,2019-05-29 09:57:11.244783,1641106,580816640.340865,4.096081972122192,,n9_r0 na_r0 na_r1 nb_r0,SF
108,1641772,580819376.525655,2019-05-29 10:42:51.525655,1641844,580819667.347286,290.82163095474243,,n0_r0 n0_r1 n1_r0 n3_r0 n3_r1 n4_r0 n4_r1 n5_r0 n6_r0 n6_r1 n9_r0 n9_r1 na_r0 na_r1 nb_r0 nb_r1,SF
109,1659778,580904350.064273,2019-05-30 10:19:05.064273,1659830,580904561.267473,211.20319998264316,,n0_r0 n0_r1 n0_r2 n1_r0 n1_r1 n1_r2 n2_r0 n2_r1 n2_r2 n3_r0 n3_r1 n3_r2 n4_r0 n4_r1 n4_r2 n5_r0 n5_r1 n5_r2 n6_r1 n7_r1 n8_r1 n9_r0 n9_r1 n9_r2 na_r0 na_r1 na_r2 nb_r0 nb_r1 nb_r2,SF
110,1675626,580980555.801218,2019-05-31 07:29:10.801218,1675648,580980643.3549709,87.55375289916992,,n0_r0 n0_r1 n1_r0 n1_r1 n2_r0 n2_r1 n3_r0 n3_r1 n4_r1 n5_r0 n5_r1 n9_r1,SF
111,1684658,581026207.285366,2019-05-31 20:10:02.285366,1684711,581026424.377731,217.0923649072647,,n0_r0 n0_r1 n0_r2 n1_r0 n1_r1 n1_r2 n2_r1 n2_r2 n3_r0 n3_r1 n3_r2 n4_r0 n4_r1 n4_r2 n5_r0 n5_r1 n5_r2 n6_r0 n6_r1 n6_r2 n7_r0 n7_r1 n7_r2 n8_r0 n8_r1 n8_r2 n9_r1 na_r0 na_r1 nb_r0 nb_r1,SF
112,1705682,581125579.4233961,2019-06-01 23:46:14.423396,1705691,581125612.192112,32.76871585845947,,nb_r1,SF
113,1738954,581281470.47154,2019-06-03 19:04:25.471540,1738960,581281492.488036,22.016496062278748,,n0_r1 n3_r0 n3_r1 n4_r0 n4_r1 n5_r0,SF
114,1746767,581315294.810622,2019-06-04 04:28:09.810622,1746769,581315298.9067141,4.096092104911804,,n6_r1,SF
115,1751698,581337758.2148311,2019-06-04 10:42:33.214831,1751743,581337940.745676,182.5308449268341,,n0_r1 n1_r1 n2_r1 n2_r2 n3_r0 n3_r1 n3_r2 n4_r0 n4_r1 n4_r2 n5_r1 n6_r0 n6_r1 n6_r2 n7_r0 n7_r1 n7_r2 n8_r0 n8_r1 n8_r2,SF
116,1778967,581469754.359182,2019-06-05 23:22:29.359182,1778970,581469762.742026,8.382843971252441,,n4_r1 n8_r1,SF
117,1781202,581478909.5851669,2019-06-06 01:55:04.585167,1781214,581478956.5691721,46.98400521278381,,n0_r0 n0_r1 n1_r0 n1_r1 n2_r1 n3_r1 n3_r2 n4_r1 n5_r0 n5_r1 n9_r1 na_r1,SF
118,1789811,581520107.6989701,2019-06-06 13:21:42.698970,1789816,581520124.0833461,16.384376049041748,,n7_r0 n7_r1 n8_r0 n8_r1 nb_r0,SF
119,1795361,581547686.0228131,2019-06-06 21:01:21.022813,1795364,581547694.214995,8.192181944847107,,n6_r2 nb_r1,SF
120,1799404,581564571.5944741,2019-06-07 01:42:46.594474,1799414,581564608.713805,37.11933088302612,,n6_r1 n7_r1 n9_r0 n9_r1 na_r0 na_r1 nb_r0 nb_r1,SF
121,1816546,581645545.699758,2019-06-08 00:12:20.699758,1816584,581645697.5094471,151.8096890449524,,n6_r1 n7_r1 n8_r1 n9_r1 na_r0 na_r1 nb_r0 nb_r1,SF
122,1831674,581718164.323481,2019-06-08 20:22:39.323481,1831955,581719314.2991221,1149.975641131401,,n0_r0 n0_r1 n1_r0 n1_r1 n2_r0 n2_r1 n3_r0 n3_r1 n4_r0 n4_r1 n5_r0 n5_r1 n6_r0 n6_r1 n7_r0 n7_r1 n8_r0 n8_r1 n9_r0 n9_r1 na_r0 na_r1 nb_r0 nb_r1,SF
123,1837200,581740811.101176,2019-06-09 02:40:06.101176,1837201,581740811.101176,0.0,,n6_r0 n7_r0 n7_r1 n8_r0 n9_r0 nb_r0,SF
124,1841018,581758421.5868111,2019-06-09 07:33:36.586811,1841074,581758649.943455,228.3566439151764,GRB190609315,n3_r1 n3_r2 n4_r1 n5_r1 n6_r0 n6_r1 n6_r2 n7_r0 n7_r1 n7_r2 n8_r0 n8_r1 n8_r2 n9_r0 n9_r1 n9_r2 na_r1 nb_r1 nb_r2,GRB
125,1866435,581882410.5244889,2019-06-10 18:00:05.524489,1866470,581882549.7912071,139.26671814918518,,n0_r0 n0_r1 n1_r0 n1_r1 n2_r0 n2_r1 n5_r1 n6_r0 n6_r1 n7_r0 n7_r1 n8_r1 n9_r0 n9_r1 na_r0 na_r1 nb_r1,SF
126,1888839,581986071.1383371,2019-06-11 22:47:46.138337,1888907,581986347.4943401,276.3560029268265,,n0_r1 n0_r2 n1_r0 n1_r1 n1_r2 n2_r0 n2_r1 n2_r2 n3_r1 n3_r2 n4_r0 n4_r1 n4_r2 n5_r0 n5_r1 n5_r2 n9_r1,SF
127,1893372,582004649.136301,2019-06-12 03:57:24.136301,1893377,582004667.056663,17.92036199569702,,n4_r0 n4_r1 n8_r0 n8_r1,SF
128,1903135,582055439.0238831,2019-06-12 18:03:54.023883,1903151,582055749.797756,310.77387285232544,,n3_r1 n4_r1 n5_r1 nb_r1,SF
129,1911909,582091646.818509,2019-06-13 04:07:21.818509,1911921,582091691.875435,45.05692601203919,,n0_r0 n0_r1 n1_r0 n1_r1 n3_r0 n3_r1,SF
130,1916272,582115623.513305,2019-06-13 10:46:58.513305,1916283,582115666.0101581,42.49685311317444,,n3_r1 n4_r1 n5_r1 n6_r0 n6_r1 n7_r0 n7_r1 n8_r0 n8_r1 n9_r1 nb_r1,SF
131,1929087,582172777.514097,2019-06-14 02:39:32.514097,1929088,582172777.514097,0.0,,n5_r1 n5_r2 nb_r2,SF
132,1956077,582304591.8603051,2019-06-15 15:16:26.860305,1956094,582304658.933351,67.0730459690094,,n4_r1 n6_r1 n7_r1 n8_r0 n8_r1 nb_r0 nb_r1,SF
133,2010897,582563228.8736961,2019-06-18 15:07:03.873696,2010914,582563470.893514,242.01981794834137,,n2_r1 n3_r1 n3_r2 n4_r2 n5_r1 n5_r2 n6_r1 n8_r1 nb_r1,SF
134,2019013,582596669.495268,2019-06-19 00:24:24.495268,2019050,582596820.02546,150.53019201755524,,n0_r0 n0_r1 n1_r1 n3_r0 n3_r1 n6_r0 n6_r1 n9_r0 n9_r1,SF
135,2028572,582646564.266721,2019-06-19 14:15:59.266721,2028629,582646796.718557,232.4518359899521,,n1_r1 n2_r0 n2_r1 n3_r1 n4_r1 n5_r0 n5_r1 n6_r1 n7_r0 n7_r1 n7_r2 n8_r0 n8_r1 n8_r2 n9_r0 n9_r1 na_r0 na_r1 nb_r0 nb_r1,SF
136,2045409,582725415.296803,2019-06-20 12:10:10.296803,2045461,582725625.732342,210.4355390071869,,n0_r0 n0_r1 n0_r2 n1_r0 n1_r1 n1_r2 n2_r0 n2_r1 n2_r2 n3_r0 n3_r1 n3_r2 n4_r0 n4_r1 n4_r2 n5_r0 n5_r1 n5_r2 n6_r0 n6_r1 n6_r2 n7_r0 n7_r1 n7_r2 n8_r0 n8_r1 n8_r2 n9_r1 na_r0 na_r1 nb_r1,SF
137,2100507,582985349.004204,2019-06-23 12:22:24.004204,2100513,582985369.484499,20.480294942855835,,n2_r1 n3_r1 n5_r1 n6_r1,SF
138,2118706,583071014.324833,2019-06-24 12:10:09.324833,2118719,583071063.4775391,49.15270602703095,,n1_r1 n2_r1,SF
139,2150966,583221989.245432,2019-06-26 06:06:24.245432,2150967,583221989.245432,0.0,,n2_r0 n2_r1,SF
140,2186360,583388619.935779,2019-06-28 04:23:34.935779,2186362,583388624.031857,4.096078038215637,,n8_r1,SF
141,2192542,583417859.808183,2019-06-28 12:30:54.808183,2192548,583417881.824545,22.01636207103729,,na_r0 na_r1 nb_r0 nb_r1,SF
142,2208278,583493108.388667,2019-06-29 09:25:03.388667,2208293,583493165.733542,57.34487497806549,,n0_r1 n0_r2 n6_r0 n8_r1 n9_r1 nb_r1 nb_r2,SF
143,2234242,583610462.600395,2019-06-30 18:00:57.600395,2234246,583610474.888593,12.288197994232178,,n6_r2 nb_r1 nb_r2,SF
