start_times,duration,predicted_class,ra,dec
2019-03-06 06:39:26.270521,172.03472101688385,SF,203.81,-38.57
2019-03-08 22:10:12.148650,4.09606409072876,GRB,164.06,-23.42
2019-03-09 04:27:32.043872,16.384261965751648,SF,190.28,-63.54
2019-03-10 18:58:19.708027,8.192132115364075,SF,111.46,-56.87
2019-03-12 03:32:33.064740,53.24891018867493,SF,190.06,17.09
2019-03-12 03:49:45.273712,135.17010509967804,SF,349.13,-81.22
2019-03-15 16:13:14.987376,20.48032808303833,SF,356.79,-17.22
2019-03-21 13:16:33.951699,28.672449946403503,SF,219.71,18.71
2019-03-26 10:31:48.816601,8.192133903503418,SF,231.87,-47.32
2019-03-27 10:19:39.468979,53.24882209300995,SF,180.08,-15.63
2019-04-01 07:35:23.484790,0.0,SF,204.19,-17.06
2019-04-05 13:32:50.378372,73.72912192344666,SF,294.54,-71.34
2019-04-06 13:19:51.942503,110.59365606307983,SF,228.5,58.82
2019-04-07 04:38:26.202073,24.57641899585724,SF,192.97,6.58
2019-04-08 13:13:21.331919,118.78590297698976,SF,56.55,8.82
2019-04-09 10:15:12.665876,122.88213205337524,SF,259.37,-40.84
2019-04-10 08:26:20.481275,4.096069931983948,SF,265.43,-37.63
2019-04-12 01:53:33.220988,12.2882080078125,SF,191.15,-16.58
2019-04-13 01:41:36.524514,45.05690407752991,SF,173.34,0.24
2019-04-14 10:16:07.497527,57.34507083892822,SF,265.3,-25.78
2019-04-17 22:57:04.176326,4.096083879470825,SF,141.88,-19.65
2019-04-22 18:58:31.100524,0.0,SF,143.32,3.38
2019-04-23 19:59:50.347401,298.4787390232086,SF,153.92,-54.28
2019-04-29 17:03:41.331763,4.096062898635864,SF,61.91,-3.78
2019-05-01 01:37:55.276282,49.15282893180847,SF,331.05,29.75
2019-05-06 22:40:19.207866,135.1704089641571,SF,198.2,-25.87
2019-05-14 11:57:51.300410,69.6330919265747,SF,248.17,-45.59
2019-05-14 13:44:33.450626,8.19212007522583,SF,246.43,8.04
2019-05-15 08:36:45.387608,8.192126035690308,SF,275.49,-14.1
2019-05-16 08:25:12.675210,8.192125082015991,SF,241.73,-31.03
2019-05-17 16:59:06.017297,61.44101405143738,SF,269.08,33.51
2019-05-19 14:35:00.076604,28.67241394519806,SF,278.56,-32.86
2019-05-20 12:41:05.052515,57.344825983047485,SF,292.85,-23.22
2019-05-21 05:39:42.484606,354.23838996887207,SF,242.55,-13.06
2019-05-22 05:28:21.880913,0.0,SF,249.72,-4.57
2019-05-22 14:15:48.071600,4.09606409072876,SF,227.73,-21.29
2019-05-25 00:45:54.147786,0.0,GRB,346.86,18.43
2019-05-26 02:54:40.566926,16.384317994117737,SF,212.43,-9.37
2019-05-27 02:42:15.396011,317.93483197689056,SF,225.01,-8.47
2019-05-28 11:18:20.789026,0.0,SF,304.27,-43.44
2019-05-29 09:57:11.244783,4.096081972122192,SF,282.55,-52.19
2019-05-29 10:42:51.525655,290.82163095474243,SF,14.29,27.9
2019-06-01 23:46:14.423396,32.76871585845947,SF,175.5,-37.76
2019-06-04 04:28:09.810622,4.096092104911804,SF,290.76,50.06
2019-06-06 21:01:21.022813,8.192181944847107,SF,106.13,-23.61
2019-06-09 02:40:06.101176,0.0,SF,212.56,-38.54
2019-06-12 18:03:54.023883,310.77387285232544,SF,130.93,-3.12
2019-06-14 02:39:32.514097,0.0,SF,63.57,35.35
2019-06-18 15:07:03.873696,242.01981794834137,SF,81.44,30.02
2019-06-23 12:22:24.004204,20.480294942855835,SF,333.13,-22.65
2019-06-24 12:10:09.324833,49.15270602703095,SF,22.39,37.54
2019-06-29 09:25:03.388667,57.34487497806549,SF,304.0,-38.12
2019-06-30 18:00:57.600395,12.288197994232178,SF,249.01,18.9
2019-03-01 09:13:39.495612,77.82524991035461,SF,256.69,-8.64
2019-03-06 06:42:59.265892,401.4143840074539,SF,207.54,-40.45
2019-03-15 05:09:27.571028,16.384266018867493,SF,269.23,47.39
2019-03-17 01:08:02.545779,20.48033010959625,SF,157.57,22.68
2019-03-27 06:36:00.375902,12.28821098804474,SF,73.14,28.44
2019-04-04 12:24:22.013904,49.15279793739319,SF,15.54,26.31
2019-04-04 13:08:03.499522,12.288217902183533,SF,226.5,-14.79
2019-04-04 13:45:24.048334,200.7070430517197,SF,227.09,62.19
2019-04-08 12:51:31.070936,330.7569249868393,SF,324.31,65.86
2019-04-20 15:08:24.717224,61.44125199317932,SF,293.85,-38.73
2019-04-20 22:32:52.540127,20.480443000793457,SF,193.39,37.39
2019-04-28 00:16:09.861204,122.88212895393372,SF,48.41,48.63
2019-05-07 17:15:13.232585,3.324557065963745,SF,266.88,-19.3
2019-05-14 10:31:01.104814,266.24396789073944,SF,242.69,13.89
2019-05-14 11:59:13.221707,1052.6877759695053,SF,0.8,-1.66
2019-05-14 13:44:58.026992,667.6577899456024,SF,41.16,10.43
2019-05-15 16:04:20.723707,16.384298086166382,SF,104.77,50.96
2019-05-20 05:34:01.539628,20.48035299777985,SF,204.56,-15.86
2019-05-20 14:20:57.595882,236.5475019216537,SF,288.41,60.46
2019-05-24 11:15:49.140197,32.768555998802185,SF,246.35,59.89
2019-05-28 23:32:56.910072,16.38433301448822,SF,26.89,-16.24
2019-06-06 13:21:42.698970,16.384376049041748,SF,260.88,4.46
2019-06-08 20:22:39.323481,1149.975641131401,SF,142.76,2.92
2019-06-28 04:23:34.935779,4.096078038215637,SF,231.88,21.54
