trig_ids,start_times,duration,detectors,sigma_r0,sigma_r1,sigma_r2,sigma_C,CE,catalog_triggers
0,2019-03-01 09:13:39.495612,81.92131388187408,n0 n1 n2 n3 n4 n5 n6 n8 n9 na nb,0.0,9.96350664802456,13.701770524807069,13.701770524807069,R,
3,2019-03-06 06:39:26.270521,172.03472101688385,n0 n1 n2 n3 n4 n5 n6 n7 n8 n9 na nb,86.47822606528813,21.270980468532656,0.0,86.47822606528813,R,
7,2019-03-08 22:10:12.148650,8.19212818145752,n9 nb,0.0,4.407000948711163,0.0,4.407000948711163,S,GRB190308923
8,2019-03-09 04:27:32.043872,8.192134976387024,n2 n3 n7 n8,18.186490179891468,6.246613560672401,0.0,18.186490179891468,R,
10,2019-03-10 18:58:19.708027,12.288205981254578,n5 nb,0.0,6.466875967849894,0.0,6.466875967849894,S,
11,2019-03-12 03:32:33.064740,57.34497904777527,n0 n3 n5 n6 n8 n9 na nb,0.0,11.288952545838065,10.786827028811294,11.288952545838065,R,
12,2019-03-12 03:49:45.273712,135.17010509967804,n0 n1 n2 n3 n4 n5 n6 n7 n8 na nb,69.28159677115839,23.579399776059475,0.0,69.28159677115839,R,
16,2019-03-15 16:13:14.987376,379.7634950876236,n0 n1 n3 n5 nb,0.0,10.17131982347136,0.0,10.17131982347136,S,
19,2019-03-21 13:16:33.951699,306.8851020336151,n5 nb,0.0,8.117724574842766,0.0,8.117724574842766,S,
26,2019-03-26 10:31:48.816601,427.16730296611786,nb,0.0,5.0714540759773605,0.0,5.0714540759773605,P,
30,2019-03-27 10:19:39.468979,238.86838507652283,nb,0.0,6.60651158645751,0.0,6.60651158645751,P,
33,2019-04-01 07:35:23.484790,4.096067905426025,n6 nb,0.0,6.684530566348793,0.0,6.684530566348793,S,
37,2019-04-05 13:32:50.378372,77.82518291473389,n2 n3 n4 n5 n7 na,5.272506090786005,17.80834312530481,0.0,17.80834312530481,R,
39,2019-04-06 13:19:51.942503,114.68971502780914,n0 n1 n2 n3 n5 n6 n7 n8 n9 nb,17.661294052551607,29.54351294594474,0.0,29.54351294594474,R,
41,2019-04-07 04:38:26.202073,28.67248797416687,nb,0.0,5.978576013374473,0.0,5.978576013374473,P,
45,2019-04-08 13:13:21.331919,110.593759059906,n0 n1 n5 n6 n9 nb,0.0,9.794520925938471,9.296871447923625,9.794520925938471,R,
46,2019-04-09 10:15:12.665876,126.97820115089417,n0 n1 n2 n6 n9 na,38.60280106377871,10.22231443476071,0.0,38.60280106377871,R,
47,2019-04-10 08:26:20.481275,8.192138910293579,n1 n9 na,28.303276591858957,6.880122936897744,0.0,28.303276591858957,R,
50,2019-04-12 01:53:33.220988,16.38427698612213,nb,0.0,5.556437101439148,0.0,5.556437101439148,P,
51,2019-04-13 01:41:36.524514,217.749116063118,n8 n9 nb,0.0,10.557690494851768,0.0,10.557690494851768,S,
52,2019-04-14 10:16:07.497527,61.44114685058594,n2 n7 n8 n9 na nb,0.0,7.797681225765346,8.15386085374913,8.15386085374913,R,
54,2019-04-17 22:57:04.176326,337.62837302684784,n5 n7 nb,0.0,8.783829476737074,3.286812661483556,8.783829476737074,R,
60,2019-04-22 18:58:31.100524,4.096085071563721,n0 n2 n4 n9 na,0.0,7.620915297934541,3.598030839503972,7.620915297934541,R,
62,2019-04-23 19:59:50.347401,302.5744370222092,n2 n4 n5 n6 n8 na nb,0.0,16.569874346633558,8.445653980093171,16.569874346633558,R,
65,2019-04-29 17:03:41.331763,197.939817070961,n5,0.0,4.459983759257568,0.0,4.459983759257568,P,
67,2019-05-01 01:37:55.276282,53.24889588356018,n3 n4 n5 n6 n8 n9 nb,0.0,11.04737454112244,8.87746754498666,11.04737454112244,R,
73,2019-05-06 22:40:19.207866,139.26647996902466,n0 n1 n2 n3 n4 n5 n6 n7 n8 n9 na nb,0.0,26.25859624256783,19.5432266792839,26.25859624256783,R,
83,2019-05-14 11:57:51.300410,73.72916293144226,n0 n1 n2 n3 n4 n5 n6 n7 n8 n9 na nb,93.45013536624307,10.776763933933964,0.0,93.45013536624307,R,
85,2019-05-14 13:44:33.450626,12.288179993629456,n0 n2 n3 n4 n5 n6 n7 n8 n9 na nb,40.57658457908079,3.848545123266488,0.0,40.57658457908079,R,
88,2019-05-15 08:36:45.387608,414.6711400747299,n6 n8,0.0,6.905261525655747,0.0,6.905261525655747,S,
90,2019-05-16 08:25:12.675210,12.288196086883543,n6 nb,0.0,6.232280113762987,0.0,6.232280113762987,S,
91,2019-05-17 16:59:06.017297,65.53708100318909,n6 n8 n9 na nb,0.0,8.974966381822956,8.061767293156535,8.974966381822956,R,
94,2019-05-19 14:35:00.076604,32.768473982810974,n2 n4 n5 n6 n7 n8 na nb,11.097887003649417,14.55082685500395,0.0,14.55082685500395,R,
96,2019-05-20 12:41:05.052515,61.44088399410248,n3 n4 n7 n8 na nb,8.44077916113939,15.455820860850626,0.0,15.455820860850626,R,
98,2019-05-21 05:39:46.580671,354.2380139827728,n0 n5 n6 n8 n9 nb,4.239860325278033,14.082790526064455,0.0,14.082790526064455,R,
99,2019-05-22 05:28:21.880913,4.096073031425476,nb,0.0,3.1126358812862422,0.0,3.1126358812862422,P,
100,2019-05-22 14:15:48.071600,8.192126989364624,nb,0.0,4.710391892390486,0.0,4.710391892390486,P,
103,2019-05-26 02:54:40.566926,20.480406999588013,n9 nb,0.0,5.539303614649197,0.0,5.539303614649197,S,
104,2019-05-27 02:42:15.396011,322.0305709838867,n5 n6 n7 n8 n9 na nb,0.0,21.083657184001563,7.230586563325342,21.083657184001563,R,
105,2019-05-28 11:18:20.789026,4.096076965332031,nb,0.0,4.668234975770683,0.0,4.668234975770683,P,
107,2019-05-29 09:57:11.244783,8.192163944244385,n9 na nb,34.77273974669713,7.960351443118614,0.0,34.77273974669713,R,
108,2019-05-29 10:42:51.525655,294.91770696640015,n0 n1 n3 n4 n5 n6 n9 na nb,54.2916987176515,34.73673511247661,0.0,54.2916987176515,R,
112,2019-06-01 23:46:14.423396,195.82099390029907,nb,0.0,6.250491981250491,0.0,6.250491981250491,P,
114,2019-06-04 04:28:09.810622,8.192196130752563,n6,0.0,3.1334357557629677,0.0,3.1334357557629677,P,
119,2019-06-06 21:01:21.022813,12.288267850875854,n6 nb,0.0,4.823288097380881,3.2706606321068383,4.823288097380881,R,
123,2019-06-09 02:40:06.101176,4.09607994556427,n6 n7 n8 n9 nb,35.13429486296058,7.857906696758798,0.0,35.13429486296058,R,
128,2019-06-12 18:03:54.023883,314.86994886398315,n3 n4 n5 nb,0.0,12.55202294595277,0.0,12.55202294595277,S,
131,2019-06-14 02:39:32.514097,4.096079111099243,n5 n6 nb,0.0,5.5576457967473685,6.000939828058184,6.000939828058184,R,
133,2019-06-18 15:07:03.873696,246.11553990840912,n2 n3 n4 n5 n6 n8 nb,0.0,17.54230239451633,7.395483878689467,17.54230239451633,R,
137,2019-06-23 12:22:24.004204,357.4688299894333,n2 n3 n5 n6 nb,0.0,9.726534856475094,0.0,9.726534856475094,S,
138,2019-06-24 12:10:09.324833,53.24876391887665,n1 n2,0.0,7.3456617155647805,0.0,7.3456617155647805,S,
142,2019-06-29 09:25:03.388667,319.1331681013108,n0 n6 n8 n9 nb,4.354190459451329,13.507648328905525,5.091043703059732,13.507648328905525,R,
143,2019-06-30 18:00:57.600395,16.384273052215576,n6 nb,0.0,6.645639632693326,5.645043250344563,6.645639632693326,R,
