pipeline_trig_id,catalog_trig_id,pipeline_datetime,catalog_datetime,delta_t_sec,pipeline_label,crupi_label,pipeline_ra,pipeline_dec,duration,sigma_r0,sigma_r1,sigma_r2
1,2019_1,2019-03-03 05:45:19,2019-03-03 05:45:19,0.0,GRB190303240,GRB190303240,299.0,6.0,88.06396198272705,9.79349037111334,17.25379759481961,0.0
2,2019_2,2019-03-04 19:37:21,2019-03-04 19:37:21,0.0,GRB190304818,GRB190304818,313.0,-73.0,13.82423710823059,4.479042287075641,6.523666150670795,0.0
5,2019_4,2019-03-06 22:37:42,2019-03-06 22:37:42,0.0,GRB190306943,GRB190306943,223.0,-8.0,194.0510959625244,17.29447033037102,27.612837733123204,0.0
6,2019_5,2019-03-07 03:37:19,2019-03-07 03:37:19,0.0,GRB190307151,GRB190307151,17.0,-15.0,206.33772897720337,33.807778734746314,41.40950626977616,0.0
9,2019_6,2019-03-10 09:32:35,2019-03-10 09:32:35,0.0,GRB190310398,GRB190310398,352.0,6.0,254.46677112579343,47.06204274823893,62.86503525146562,0.0
13,2019_8,2019-03-12 10:42:13,2019-03-12 10:42:13,0.0,GRB190312446,GRB190312446,334.0,-2.0,25.086886882781982,12.20628162344983,9.633594944065097,0.0
15,2019_10,2019-03-15 12:17:44,2019-03-15 12:17:44,0.0,GRB190315512,GRB190315512,151.0,-8.0,155.9052550792694,12.554964612486543,34.87417724099585,0.0
17,2019_11,2019-03-17 01:08:02,2019-03-17 01:08:06,4.0,nan,UNKNOWN: GRB,158.0,23.0,24.57640302181244,4.251700091435538,5.154500117453607,0.0
18,2019_12,2019-03-20 01:14:15,2019-03-20 01:14:21,6.0,GRB190320052,GRB190320052,117.0,-52.0,62.97708916664124,5.759178404669258,16.042850798722046,0.0
20,2019_13,2019-03-21 14:42:05,2019-03-21 14:42:05,0.0,SFLARE19032161,SFLARE19032161,5.0,-2.0,49.51909005641937,51.33990588978367,8.616169826779023,0.0
21,2019_14,2019-03-23 07:16:50,2019-03-23 07:16:50,0.0,GRB190323303,GRB190323303,155.0,4.0,136.70642399787903,14.60360970426776,35.10979422783405,5.366403978159127
22,2019_15,2019-03-23 21:05:18,2019-03-23 21:05:18,0.0,GRB190323879,GRB190323879,39.0,9.0,215.55548095703125,48.19242890880044,107.30462892588965,12.775633346922136
23,2019_16,2019-03-24 08:21:13,2019-03-24 08:21:13,0.0,GRB190324348,GRB190324348,79.0,13.0,217.09161603450767,24.113810450063728,70.40726567218263,8.991568773496244
24,2019_17,2019-03-24 22:44:17,2019-03-24 22:44:17,0.0,GRB190324947,GRB190324947,100.0,-57.0,188.41916799545288,33.46402236511043,57.43630685805422,5.440353979426097
25,2019_18,2019-03-25 23:58:59,2019-03-25 23:58:59,0.0,GRB190325999,GRB190325999,298.0,10.0,345.2202150821686,11.181840755467205,35.04357057900389,7.055390964934731
27,2019_19,2019-03-26 23:24:43,2019-03-26 23:24:43,0.0,GRB190326975,GRB190326975,158.0,56.0,37.11901295185089,4.160177759056441,10.8203406741573,0.0
28,2019_20,2019-03-27 02:39:13,2019-03-27 02:39:13,0.0,GRB190327111,GRB190327111,285.0,17.0,41.47100293636322,0.0,14.990637741435217,5.812286559263524
29,2019_21,2019-03-27 06:36:00,2019-03-27 06:36:04,4.0,nan,UNKNOWN: GRB,73.0,28.0,16.384281992912292,0.0,3.925613671997491,0.0
31,2019_22,2019-03-30 16:39:28,2019-03-30 16:39:28,0.0,GRB190330694,GRB190330694,100.0,23.0,153.2172840833664,14.652123127272729,36.2474698454893,8.97967053164557
32,2019_23,2019-04-01 03:20:19,2019-04-01 03:20:19,0.0,GRB190401139,GRB190401139,266.0,26.0,210.4353551864624,36.72150243265694,43.39080540111199,0.0
34,2019_24,2019-04-04 12:24:22,2019-04-04 12:24:17,5.0,nan,UNKNOWN: SF/GRB,16.0,26.0,53.248862981796265,10.274337357528491,12.197537806398003,0.0
35,2019_25*,2019-04-04 13:08:03,2019-04-04 13:08:07,4.0,nan,UNKNOWN: GRB,226.0,-15.0,16.384289979934692,4.580738213171894,5.660521243842366,0.0
38,2019_27,2019-04-06 10:47:22,2019-04-06 10:47:22,0.0,GRB190406450,GRB190406450,348.0,42.0,4.606253027915955,5.613871412169918,4.8123271960958345,0.0
40,2019_28,2019-04-06 17:52:31,2019-04-06 17:52:31,0.0,GRB190406745,GRB190406745,298.0,38.0,112.12974691390993,10.941553316645807,19.46790212995417,0.0
42,2019_29,2019-04-07 13:48:39,2019-04-07 13:48:39,0.0,GRB190407575,GRB190407575,74.0,-62.0,12.670713067054749,5.022105361429711,7.079029080874549,0.0
43,2019_30,2019-04-07 16:07:29,2019-04-07 16:07:29,0.0,GRB190407672,GRB190407672,185.0,26.0,20.99086093902588,8.635683693171844,9.371670101229206,0.0
44,2019_31,2019-04-08 12:51:31,2019-04-08 12:51:22,9.0,LOCLPAR1904085,LOCLPAR1904085,324.0,66.0,334.8529839515686,118.18248508470562,181.5341852163032,0.0
48,2019_32,2019-04-11 09:45:46,2019-04-11 09:45:46,0.0,GRB190411407,GRB190411407,286.0,-58.0,22.01637601852417,0.0,13.7419276450512,10.796552885747944
49,2019_33,2019-04-11 13:53:56,2019-04-11 13:53:56,0.0,GRB190411579,GRB190411579,42.0,47.0,91.64936101436616,11.261206804789962,17.966850395200456,0.0
53,2019_34,2019-04-15 04:09:46,2019-04-15 04:09:46,0.0,GRB190415173,GRB190415173,28.0,5.0,210.4828890562057,27.34551397712833,106.11887268018988,35.73849086989601
55,2019_35,2019-04-19 09:55:40,2019-04-19 09:55:40,0.0,GRB190419414,GRB190419414,115.0,-45.0,262.5322599411011,16.650775377039082,40.1724330308832,6.752777308707128
56,2019_36,2019-04-20 15:08:24,2019-04-20 15:08:24,0.0,nan,UNKNOWN: GRB/GF,294.0,-39.0,65.53733205795288,0.0,9.830879785522786,0.0
57,2019_37*,2019-04-20 22:32:52,2019-04-20 22:32:56,4.0,nan,UNKNOWN: GRB,193.0,37.0,24.576539993286133,17.04681810427551,9.350920636308018,0.0
58,2019_38,2019-04-20 23:32:27,2019-04-20 23:32:27,0.0,GRB190420981,GRB190420981,249.0,-68.0,8.382987022399902,0.0,3.739352005782436,0.0
59,2019_39,2019-04-22 16:05:04,2019-04-22 16:05:09,5.0,GRB190422670,GRB190422670,193.0,-40.0,26.112568020820618,0.0,7.400032970949923,0.0
61,2019_41,2019-04-22 22:56:01,2019-04-22 22:56:09,8.0,GRB190422957,GRB190422957,183.0,-62.0,195.5877789258957,12.038499722239369,12.581930019588642,0.0
64,2019_43,2019-04-28 18:48:11,2019-04-28 18:48:11,0.0,GRB190428783,GRB190428783,45.0,16.0,67.07303094863892,10.426931488125746,25.769415616438355,0.0
66,2019_44,2019-04-29 17:49:54,2019-04-29 17:49:54,0.0,GRB190429743,GRB190429743,203.0,-3.0,20.48037099838257,0.0,6.611127771574414,0.0
68,2019_45,2019-05-02 04:01:32,2019-05-02 04:01:32,0.0,GRB190502168,GRB190502168,93.0,11.0,28.73513901233673,10.48700993831392,10.77391335372069,0.0
69,2019_46,2019-05-04 09:57:36,2019-05-04 09:57:36,0.0,GRB190504415,GRB190504415,73.0,37.0,25.08667302131653,0.0,5.928037146009562,0.0
70,2019_47,2019-05-06 05:07:05,2019-05-06 05:07:05,0.0,SFLARE19050621,SFLARE19050621,39.0,8.0,277.5088770389557,462.4183913172542,96.15975126595096,0.0
72,2019_49,2019-05-06 17:47:45,2019-05-06 17:47:45,0.0,SFLARE19050674,SFLARE19050674,40.0,14.0,93.1856449842453,69.1868576402321,13.881499580947068,0.0
74,2019_50,2019-05-07 06:28:19,2019-05-07 06:28:19,0.0,GRB190507270,GRB190507270,164.0,-6.0,35.32705307006836,5.8481648991474335,8.669404513888892,0.0
75,2019_51,2019-05-07 17:15:13,2019-05-07 17:15:13,0.0,nan,UNKNOWN: TGF,267.0,-19.0,7.420368075370789,0.0,5.036192266380234,0.0
76,2019_52,2019-05-07 23:16:29,2019-05-07 23:16:29,0.0,GRB190507970,GRB190507970,291.0,-30.0,210.4351810216904,19.81332684761282,37.56275054778359,0.0
77,2019_53,2019-05-08 19:22:49,2019-05-08 19:22:49,0.0,GRB190508808,GRB190508808,178.0,21.0,83.45738101005554,10.098396984318455,16.902099657263378,0.0
78,2019_54,2019-05-09 05:44:02,2019-05-09 05:44:02,0.0,SFL190509239,SFL190509239,43.0,11.0,397.3183598518372,206.59611567299245,36.62766486354576,0.0
79,2019_55,2019-05-10 10:12:57,2019-05-10 10:12:57,0.0,GRB190510430,GRB190510430,114.0,35.0,393.22217094898224,3.52740294924554,5.237219117905464,0.0
80,2019_56,2019-05-11 07:14:26,2019-05-11 07:14:26,0.0,GRB190511302,GRB190511302,134.0,-20.0,209.41019809246063,29.587068320581203,63.5832312975682,0.0
81,2019_57,2019-05-12 14:39:59,2019-05-12 14:40:04,5.0,GRB190512611,GRB190512611,90.0,1.0,30.2084881067276,4.865351341069048,6.368805725567621,0.0
87,2019_62,2019-05-14 21:41:40,2019-05-14 21:41:40,0.0,TGF190514901,TGF190514901,272.0,21.0,8.192117929458618,6.710641162405741,4.394526843953838,0.0
89,2019_63,2019-05-15 16:04:20,2019-05-15 16:04:20,0.0,nan,UNKNOWN: GRB,105.0,51.0,20.48036801815033,5.033623074504873,4.091039923434509,0.0
92,2019_64,2019-05-17 19:30:08,2019-05-17 19:30:08,0.0,GRB190517813,GRB190517813,267.0,14.0,71.169065117836,13.312711026009262,21.50187505109689,0.0
93,2019_65,2019-05-19 07:24:53,2019-05-19 07:24:53,0.0,GRB190519309,GRB190519309,115.0,-33.0,215.5541069507599,61.87957147790055,101.0320960798681,0.0
95,2019_66,2019-05-20 05:34:01,2019-05-20 05:34:01,0.0,nan,UNKNOWN: GRB,205.0,-16.0,24.576431035995483,7.484800470035252,9.81086236702128,0.0
97,2019_67,2019-05-20 14:20:57,2019-05-20 14:21:05,8.0,LOCLPAR1905205,LOCLPAR1905205,288.0,60.0,240.64356195926663,60.284810162727496,74.2679995304516,0.0
101,2019_68,2019-05-24 11:15:49,2019-05-24 11:15:53,4.0,nan,UNKNOWN: GRB,246.0,60.0,36.86463499069214,0.0,7.788343792325052,0.0
106,2019_69,2019-05-28 23:32:56,2019-05-28 23:32:56,0.0,nan,UNKNOWN: GRB/TGF,27.0,-16.0,20.48041200637817,4.363271727172718,4.398490885072656,0.0
109,2019_70,2019-05-30 10:19:05,2019-05-30 10:19:05,0.0,GRB190530430,GRB190530430,118.0,34.0,215.2992820739746,219.59492536494344,739.6668523625666,225.4542645059061
110,2019_71,2019-05-31 07:29:10,2019-05-31 07:29:10,0.0,GRB190531312,GRB190531312,28.0,17.0,91.64983201026917,12.161035846372686,28.17804915611816,0.0
111,2019_72,2019-05-31 20:10:02,2019-05-31 20:10:02,0.0,GRB190531840,GRB190531840,51.0,-37.0,221.18844592571256,45.40946129106364,170.4111576704546,33.160412382644
113,2019_73,2019-06-03 19:04:25,2019-06-03 19:04:31,6.0,GRB190603795,GRB190603795,28.0,31.0,26.112587094306942,8.32961283460379,7.745041717049576,0.0
115,2019_74,2019-06-04 10:42:33,2019-06-04 10:42:33,0.0,GRB190604446,GRB190604446,345.0,51.0,186.62693691253665,20.233400186567163,56.64960136398636,11.407057312722944
116,2019_75,2019-06-05 23:22:29,2019-06-05 23:22:29,0.0,GRB190605974,GRB190605974,337.0,14.0,12.478935956954956,0.0,5.369958310016785,0.0
117,2019_76,2019-06-06 01:55:04,2019-06-06 01:55:04,0.0,GRB190606080,GRB190606080,80.0,-2.0,51.08009219169617,6.893327529021557,23.570657960544583,5.611794493006995
118,2019_77*,2019-06-06 13:21:42,2019-06-06 13:21:42,0.0,nan,UNKNOWN: GRB/GF,261.0,4.0,20.48046398162841,10.014685904550502,7.311849342323426,0.0
120,2019_78,2019-06-07 01:42:46,2019-06-07 01:42:46,0.0,GRB190607071,GRB190607071,276.0,-50.0,41.21541595458984,8.510248388042205,11.714412799167544,0.0
121,2019_79,2019-06-08 00:12:20,2019-06-08 00:12:20,0.0,GRB190608009,GRB190608009,224.0,-27.0,155.90577495098114,10.355742167437082,30.85447715506084,0.0
122,2019_80,2019-06-08 20:22:39,2019-06-08 20:22:43,4.0,LOCLPAR1906088,UNKNOWN: UNC(LP),143.0,3.0,1154.0717240571976,1462.7861280474633,482.43457420665897,0.0
124,2019_83,2019-06-09 07:33:36,2019-06-09 07:33:36,0.0,GRB190609315,GRB190609315,189.0,-39.0,232.4527360200882,12.577590300449494,44.69995406177006,9.423409468085104
125,2019_84,2019-06-10 18:00:05,2019-06-10 18:00:05,0.0,GRB190610750,GRB190610750,302.0,41.0,143.36279606819153,20.944496513839013,37.24760399659865,0.0
126,2019_85,2019-06-11 22:47:46,2019-06-11 22:47:46,0.0,GRB190611950,GRB190611950,75.0,39.0,280.4520778656006,46.92630995875074,112.1376415567185,19.018189399597816
127,2019_86,2019-06-12 03:57:24,2019-06-12 03:57:24,0.0,GRB190612165,GRB190612165,248.0,68.0,22.01643991470337,5.065040126715948,5.43919970872019,0.0
129,2019_87,2019-06-13 04:07:21,2019-06-13 04:07:21,0.0,GRB190613172,GRB190613172,116.0,67.0,49.1530179977417,8.535101514605122,14.025461332141262,0.0
130,2019_88,2019-06-13 10:46:58,2019-06-13 10:46:58,0.0,GRB190613449,GRB190613449,310.0,-11.0,46.59294307231903,8.91329184756391,20.70311613739469,0.0
132,2019_89,2019-06-15 15:16:26,2019-06-15 15:16:26,0.0,GRB190615636,GRB190615636,203.0,29.0,71.16911602020264,8.57737267410951,15.27468423540534,0.0
134,2019_90,2019-06-19 00:24:24,2019-06-19 00:24:24,0.0,GRB190619018,GRB190619018,345.0,9.0,154.6262570619583,15.58604945162555,16.719524500228587,0.0
135,2019_91,2019-06-19 14:15:59,2019-06-19 14:15:55,4.0,GRB190619595,GRB190619595,292.0,15.0,236.54790198802948,22.04840310389193,51.74164872426886,5.544994167395746
136,2019_92,2019-06-20 12:10:10,2019-06-20 12:10:10,0.0,GRB190620507,GRB190620507,155.0,25.0,214.5316059589386,42.13241894415209,119.0994874233513,19.87872418129421
139,2019_93,2019-06-26 06:06:24,2019-06-26 06:06:24,0.0,GRB190626254,GRB190626254,177.0,-62.0,4.606426000595093,3.136105171664492,3.0734226691042066,0.0
140,2019_94,2019-06-28 04:23:34,2019-06-28 04:23:34,0.0,nan,UNKNOWN: GRB,232.0,22.0,8.192156076431274,0.0,3.3377588447653426,0.0
141,2019_95,2019-06-28 12:30:54,2019-06-28 12:30:54,0.0,GRB190628521,GRB190628521,109.0,-66.0,26.11242914199829,5.0776110681114615,6.8722227495649415,0.0
