trig_ids,start_index,start_met,start_times,end_index,end_met,duration,catalog_triggers,trig_dets,predicted_class,ra,dec,ra_montecarlo,dec_montecarlo,ra_std,dec_std,met_localisation,ra_earth,dec_earth,earth_vis,sun_vis,ra_sun,dec_sun,l_galactic,b_galactic,lat_fermi,lon_fermi,alt_fermi,l
0,8104,573124424.4956121,2019-03-01 09:13:39.495612,8124,573124502.320862,77.82524991035461,,n0_r2 n1_r2 n2_r2 n3_r2 n4_r2 n5_r2 n6_r2 n8_r1 n8_r2 n9_r2 na_r2 nb_r1 nb_r2,GF,256.69,-8.64,248.6,-12.5,4362.32,1038.17,573124494.1287341,86.89655412146183,-0.6027157068937975,True,True,341.7446920222444,-7.733269872026555,12.391507494579622,18.63661609647845,0.6027156386882294,329.2992504374861,532396.6622777213,1.116808917122664
1,41799,573284724.164136,2019-03-03 05:45:19.164136,41820,573284808.1320341,83.96789801120758,GRB_bn190303240,n0_r0 n0_r1 n1_r0 n1_r1 n2_r0 n2_r1 n5_r0 n5_r1 na_r1,GRB,299.16,6.49,299.47,4.69,147.78,169.57,573284742.594969,103.29300161229143,12.603108203943725,True,True,343.4814559469464,-7.026747761334255,46.3671259567706,-11.342218719106326,-12.603107815306604,36.1656438322388,533592.0662534109,1.250676948431065
2,69921,573421046.294318,2019-03-04 19:37:21.294318,69924,573421056.0224811,9.728163123130798,GRB_bn190304818,n4_r0 n4_r1,GRB,312.65,-73.46,292.76,-66.71,9073.01,360.41,573421046.294318,56.7998716839522,-3.8597854819318727,True,True,344.9533763936693,-6.421224849891494,320.3231016974498,-34.26258199218043,3.859785064477097,140.1854883200695,537382.4908079786,1.0106311374536283
3,97778,573547171.270521,2019-03-06 06:39:26.270521,97821,573547343.3052421,172.03472101688385,,n0_r0 n1_r0 n1_r1 n2_r0 n2_r1 n3_r0 n3_r1 n4_r0 n5_r0 n5_r1 n6_r0 n6_r1 n7_r0 n7_r1 n8_r0 n9_r0 na_r0 nb_r0 nb_r1,GF,203.81,-38.57,201.43,-38.93,373.87,54.63,573547339.209178,92.1195045810758,16.182077421030996,True,True,346.3130583199153,-5.856829931589648,312.25149135312665,23.507953694636445,-16.182074954417203,7.843896988026017,538363.8868414385,1.3705120398175763
4,97830,573547384.265892,2019-03-06 06:42:59.265892,97929,573547785.680276,401.4143840074539,,n0_r0 n0_r1 n1_r0 n1_r1 n3_r0 n3_r1 n4_r0 n4_r1 n5_r0 n5_r1 n6_r0 n6_r1 n7_r0 n7_r1 n8_r0 n9_r0 n9_r1 na_r0 na_r1 nb_r0 nb_r1,SF,207.54,-40.45,207.47,-40.64,6.83,6.7,573547494.8596361,101.8593891874904,19.33202271306154,True,True,346.3147317038377,-5.856132504756964,314.86035581784967,21.05725844433936,-19.33202013974369,16.933463059900532,538042.3922378123,1.446453057794279
5,109210,573604667.66626,2019-03-06 22:37:42.666260,109257,573604857.6212921,189.95503211021423,GRB_bn190306943,n0_r1 n1_r0 n1_r1 n6_r0 n6_r1 n7_r1 n8_r1 n9_r0 n9_r1 na_r0 na_r1 nb_r0 nb_r1,GRB,223.27,-7.54,222.9,-7.88,35.16,25.91,573604693.778666,106.88044983966778,21.80678131308829,True,True,346.929288442252,-5.5995515101947655,347.6618151757379,44.50914819279895,-21.8067781009218,142.9732891353608,538326.6656790517,1.4307965026587617
6,113596,573622644.0990701,2019-03-07 03:37:19.099070,113646,573622846.34073,202.24165987968445,GRB190307151,n0_r0 n0_r1 n1_r0 n1_r1 n2_r0 n2_r1 n3_r0 n3_r1 n4_r1 n5_r0 n5_r1 n8_r0 n8_r1 n9_r1 na_r0 na_r1 nb_r0 nb_r1,GRB,17.22,-14.88,18.2,-14.42,29.91,23.91,573622693.7621319,166.25032575169027,23.121545386657612,True,True,347.1225273857844,-5.518691752270612,142.16448418920635,-77.09748057795139,-23.12154092741457,127.13788599282998,531469.3517983558,1.492162263628548
7,145485,573775817.1486499,2019-03-08 22:10:12.148650,145487,573775821.244714,4.09606409072876,GRB_bn190308923,n9_r1 nb_r1,GRB,164.06,-23.42,172.55,-20.83,1745.9,550.47,573775817.1486499,91.26392331942412,21.279743329221493,True,True,348.76345956912144,-4.828755832683075,271.40108359956275,32.300632158014274,-21.27974180590842,132.39055647691853,541407.6857883553,1.4218940980547177
8,151009,573798457.043872,2019-03-09 04:27:32.043872,151014,573798473.428134,16.384261965751648,,n2_r0 n3_r0 n3_r1 n6_r0 n7_r0 n7_r1 n8_r0,GRB,190.28,-63.54,197.38,-55.02,2780.56,399.64,573798469.3320701,78.66438202947751,18.2601525203402,True,True,349.0057787296396,-4.726398011799472,301.7808788393976,-0.6906049851444046,-18.260152847470664,25.148496266704,541994.0714005107,1.4078693196286594
9,172757,573903160.130661,2019-03-10 09:32:35.130661,172819,573903410.501363,250.3707020282745,GRB_bn190310398,n0_r0 n0_r1 n1_r0 n1_r1 n2_r0 n2_r1 n3_r0 n3_r1 n4_r0 n4_r1 n5_r0 n5_r1 n6_r1 n7_r1 n8_r0 n8_r1 n9_r0 n9_r1 na_r0 na_r1 nb_r0 nb_r1,GRB,351.66,6.42,351.64,6.57,3.52,3.08,573903209.7939401,202.87935628904933,1.9638176147196669,True,True,350.1248514888938,-4.252237073349946,88.38647940350992,-50.67024935400197,-1.96381732403866,71.75000422631585,523497.2406543815,1.0381430142909711
10,179476,573937104.708027,2019-03-10 18:58:19.708027,179479,573937112.9001591,8.192132115364075,,n5_r1 nb_r1,GRB,111.46,-56.87,121.49,-37.38,6774.22,1560.73,573937100.611961,180.51821040571173,10.948865351970111,True,True,350.48647849032955,-4.098527440701603,268.30259425998827,-18.005604743439044,-10.948865204551112,267.7904842566895,527890.1761347455,1.1148017075553296
11,205425,574054358.06474,2019-03-12 03:32:33.064740,205439,574054411.3136501,53.24891018867493,,n0_r2 n3_r2 n5_r1 n5_r2 n6_r1 n6_r2 n8_r2 n9_r2 nb_r1 nb_r2,GRB,190.06,17.09,173.59,3.63,7800.19,2327.07,574054378.545084,10.147367621304031,-2.3598081480255058,True,False,351.73618360201414,-3.5656729361984807,287.9124846219034,79.62941856602818,2.3598078901308828,327.4237011108007,535671.4971465499,1.1127819007380135
12,205677,574055390.2737119,2019-03-12 03:49:45.273712,205711,574055525.443817,135.17010509967804,,n0_r0 n0_r1 n1_r0 n2_r0 n2_r1 n3_r0 n3_r1 n4_r0 n5_r0 n5_r1 n6_r0 n7_r0 n7_r1 n8_r0 n8_r1 na_r0 nb_r0 nb_r1,GRB,349.13,-81.22,324.5,-74.14,3562.92,286.53,574055390.2737119,70.49625344928558,21.542703797479327,True,True,351.7469534346899,-3.5610702474570632,307.23945292892085,-35.10354871521626,-21.542701805961688,23.54550233254608,544525.1123876374,1.5039572152714982
13,210208,574080138.3553231,2019-03-12 10:42:13.355323,210214,574080159.3461411,20.99081802368164,GRB_bn190312446,n0_r0 n0_r1 n1_r1 n3_r0 n3_r1 n4_r0,GRB,333.82,-2.01,329.09,-0.36,183.46,75.52,574080142.961859,192.99244535581087,0.0301084422146975,True,True,352.0103881008858,-3.4484333177820594,60.07797089052809,-44.97243289542096,-0.0301084303921557,42.62311585748773,524946.7412454529,1.0650698442985065
14,261359,574319372.571028,2019-03-15 05:09:27.571028,261364,574319388.955294,16.384266018867493,,n6_r0 n6_r1 n9_r0,GF,269.23,47.39,264.91,35.18,5743.26,1213.86,574319372.571028,151.7387342259304,10.360161554465238,True,True,354.55109842347963,-2.357442900976374,74.44141681694526,28.5254241522113,-10.360160877530024,81.85024376113742,534950.7269503325,1.1446152851828657
15,266147,574345069.443512,2019-03-15 12:17:44.443512,266185,574345221.252696,151.80918407440186,GRB_bn190315512,n0_r1 n1_r1 n2_r1 n3_r1 n4_r1 n5_r1 n6_r1 n7_r0 n7_r1 n8_r1 n9_r0 n9_r1 na_r0 na_r1 nb_r0 nb_r1,GRB,151.39,-7.63,150.44,-8.26,49.05,29.16,574345073.794026,331.6972254273686,-9.500541440583,True,False,354.8235217042363,-2.2400325453181247,247.77625805073723,36.901166542171794,9.50054109353073,154.42710736574784,527200.0326739362,1.0311594051797806
16,269082,574359199.987376,2019-03-15 16:13:14.987376,269088,574359220.467704,20.48032808303833,,n0_r1 n1_r1 n3_r1 n5_r1 nb_r1,GF,356.79,-17.22,325.08,-19.15,5713.54,1338.45,574359204.0834479,142.39863125007483,12.922143041127216,True,True,354.9732567641397,-2.1754690692093,63.33005291504025,-72.15182253875201,-12.92214159489139,266.0910977611159,537114.4170229733,1.1172286705512111
17,295251,574477687.545779,2019-03-17 01:08:02.545779,295257,574477708.0261091,20.48033010959625,,nb_r0 nb_r1,SF,157.57,22.68,158.36,13.12,2986.17,1065.87,574477691.641844,45.11375589789485,23.130046352321088,True,False,356.2277607551233,-1.6338022521430156,212.95090870035068,57.789883321430736,-23.13004323517336,33.75637727028482,543619.2314389317,1.5369310443765023
18,350314,574737260.9760339,2019-03-20 01:14:15.976034,350329,574737319.857045,58.8810111284256,GRB_bn190320052,n6_r1 n7_r1 n8_r1 n9_r1 na_r1 nb_r0 nb_r1,GRB,117.15,-52.01,120.12,-48.47,1285.28,246.09,574737270.7041981,203.90931389881044,-22.967694610322248,True,True,358.9703072429905,-0.4463928110330311,265.19332912138907,-12.95041009327719,22.96769193435749,188.01123922339,527205.5516887981,1.210673990595674
19,376856,574866998.951699,2019-03-21 13:16:33.951699,376864,574867027.624149,28.672449946403503,,n5_r1 nb_r1,GRB,219.71,18.71,214.73,13.93,4677.68,1200.85,574867015.335963,105.43625260254214,11.619897762695436,True,True,0.3388058464109312,0.1468470696964542,19.79557650889969,63.94223158756695,-11.61989613287686,267.4554319381035,541369.4463446157,1.1155909789406984
20,378040,574872130.640015,2019-03-21 14:42:05.640015,378052,574872176.063043,45.423027992248535,SFLARE_bn190321613,n2_r0 n4_r0 n4_r1 n5_r0 n5_r1,GRB,4.71,-2.14,4.5,-2.36,5.85,10.25,574872130.640015,67.88746186295094,22.957449132906767,False,True,0.3927362300829917,0.1702259812883081,104.21029324862435,-63.82392102305128,-22.95744741275886,208.53451676925727,542830.2234834672,1.2568113510139372
21,409231,575018215.151962,2019-03-23 07:16:50.151962,409264,575018347.762314,132.61035192012787,GRB_bn190323303,n0_r1 n1_r1 n6_r0 n6_r1 n7_r1 n8_r1 n9_r0 n9_r1 n9_r2 na_r0 na_r1 nb_r0 nb_r1,GRB,154.93,3.8,153.4,3.41,83.18,47.65,575018228.9762101,275.10590976894224,-10.935064091390446,True,True,1.932445002706308,0.8374796264061141,238.99038908528104,46.94317823915452,10.935064208927328,165.3432030014887,521668.5880144602,1.0506419526176882
22,420601,575067923.089176,2019-03-23 21:05:18.089176,420653,575068134.5485921,211.45941603183743,GRB_bn190323879,n0_r0 n0_r1 n0_r2 n1_r0 n1_r1 n1_r2 n2_r1 n3_r0 n3_r1 n3_r2 n4_r0 n4_r1 n4_r2 n5_r0 n5_r1 n5_r2 n6_r0 n6_r1 n6_r2 n7_r0 n7_r1 n7_r2 n8_r0 n8_r1 n9_r1 na_r0 na_r1 nb_r0 nb_r1,GRB,38.85,9.2,38.75,9.2,2.28,2.35,575067949.201602,163.28492914843045,-19.548376976214616,True,True,2.4562271551956134,1.0643048915224549,161.27064868596827,-45.79239902057903,19.54837541773325,205.78742336347057,535205.5596180672,1.2065812418474224
23,428198,575108478.213153,2019-03-24 08:21:13.213153,428251,575108691.2087021,212.99554908275604,GRB_bn190324348,n0_r0 n0_r1 n0_r2 n1_r0 n1_r1 n1_r2 n2_r0 n2_r1 n2_r2 n3_r1 n4_r1 n4_r2 n5_r0 n5_r1 n6_r1 n7_r1 n8_r0 n8_r1 n9_r0 n9_r1 n9_r2 na_r0 na_r1 na_r2 nb_r0 nb_r1,GRB,79.38,13.18,79.46,13.12,3.66,4.43,575108490.5013511,201.07903491445504,-25.470001095511723,True,True,2.8832556634170543,1.2491391593919572,189.8924578296825,-13.96285596854674,25.46999727753326,74.19695094542382,531503.6164429246,1.1373666421713515
24,440174,575160262.996502,2019-03-24 22:44:17.996502,440220,575160447.319602,184.3230999708176,GRB_bn190324947,n0_r1 n2_r1 n6_r0 n6_r1 n6_r2 n7_r0 n7_r1 n7_r2 n8_r0 n8_r1 n9_r0 n9_r1 na_r0 na_r1 nb_r0 nb_r1,GRB,100.35,-57.31,99.85,-57.21,7.04,3.28,575160267.092577,226.6521652866934,-22.643652232137484,True,True,3.4285692032522737,1.4850284063369197,266.77240286470203,-23.87869324116892,22.643651642748104,243.4436159818916,528001.7041117008,1.417036804413677
25,459213,575251144.388279,2019-03-25 23:58:59.388279,459299,575251485.5124259,341.124146938324,GRB_bn190325999,n0_r0 n0_r1 n0_r2 n1_r0 n1_r1 n2_r0 n2_r1 n2_r2 n3_r1 n4_r1 n5_r0 n5_r1 n5_r2 n9_r1 na_r1 nb_r1,GRB,298.05,9.9,299.45,9.43,62.3,20.93,575251148.610839,191.8686237535144,-25.45833819145424,True,True,4.385636601391058,1.8985610528689905,48.82852977334496,-8.698723929811942,25.45833410553223,188.9503099166104,533643.0964728766,1.2507111385338934
26,466482,575289113.816601,2019-03-26 10:31:48.816601,466485,575289122.008735,8.192133903503418,,nb_r1,GRB,231.87,-47.32,218.5,-35.72,4200.55,836.13,575289113.816601,67.20991113938852,13.548687573124436,True,False,4.785428096336992,2.071095835379567,328.43460565514505,7.6782180019556225,-13.548686830269425,265.6701279075124,537101.3603309315,1.1187655677013448
27,477038,575335488.6472781,2019-03-26 23:24:43.647278,477047,575335521.67023,33.02295196056366,GRB_bn190326975,n0_r1 n1_r1 n6_r1 n9_r0 n9_r1 na_r1,GRB,158.06,55.61,160.61,54.91,393.8,97.78,575335488.6472781,105.88872262240308,-5.630618954053553,True,True,5.273778248015915,2.281658930959537,154.57479658877656,52.09764108900491,5.630618225149666,110.59144378694192,537632.6913711051,0.982235807718193
28,479088,575347158.5350131,2019-03-27 02:39:13.535013,479098,575347195.909948,37.37493491172791,GRB_bn190327111,n1_r1 n2_r1 n3_r1 n3_r2 n4_r1 n6_r1 n7_r1 n7_r2 n8_r1 n9_r1 na_r1,GRB,285.18,16.58,275.0,19.18,2896.45,673.57,575347158.5350131,120.11466877646772,-12.23887513292129,True,True,5.396669665644419,2.334611134864625,48.765252007179775,5.48221822219138,12.238873462938196,76.05972975524375,538007.2292741603,1.01152538673614
29,481890,575361365.375902,2019-03-27 06:36:00.375902,481894,575361377.664113,12.28821098804474,,n1_r1,GRB,73.14,28.44,86.79,22.25,3069.17,737.25,575361365.375902,295.7080358509044,10.886186284430291,True,True,5.54627831189212,2.399055416483149,173.74321586603222,-9.836725607479435,-10.886184846310764,192.2958522550463,524414.3303762304,1.1089595259083007
30,484667,575374784.468979,2019-03-27 10:19:39.468979,484681,575374837.7178011,53.24882209300995,,nb_r1,GRB,180.08,-15.63,190.21,-11.51,4780.34,1364.35,575374825.429615,68.4314587486997,10.283921478936287,True,False,5.688024547609143,2.460092179505043,285.2386085554675,45.482615163042354,-10.283919973470956,268.782175438699,535829.3887972293,1.1153136071769594
31,545515,575656773.819233,2019-03-30 16:39:28.819233,545552,575656922.9404421,149.12120914459229,GRB_bn190330694,n0_r0 n0_r1 n0_r2 n1_r0 n1_r1 n2_r0 n2_r1 n2_r2 n3_r1 n4_r1 n5_r1 n6_r0 n6_r1 n8_r1 n9_r0 n9_r1 na_r0 na_r1 nb_r1,GRB,100.15,23.13,99.75,23.3,16.51,8.29,575656779.451323,198.2507254896691,-20.118223398447032,True,True,8.65819312001654,3.733538402523808,191.02433670983947,8.069010047691242,20.11822009360175,300.57648352099784,535707.8586380541,1.4575289628466712
32,571127,575781624.2574949,2019-04-01 03:20:19.257495,571178,575781830.596786,206.33929109573364,GRB_bn190401139,n2_r1 n3_r0 n3_r1 n4_r0 n4_r1 n5_r1 n6_r0 n6_r1 n7_r0 n7_r1 n8_r0 n8_r1 n9_r0 n9_r1 na_r0 na_r1 nb_r0 nb_r1,GRB,266.11,25.51,266.07,25.38,8.32,6.85,575781629.8895819,143.28274758213558,-25.380132666681856,True,True,9.974399842044908,4.29376239698397,49.96690703082965,25.330378210673548,25.3801316960298,83.97406765379125,538739.7714147517,1.123032127984259
33,574353,575796928.4847901,2019-04-01 07:35:23.484790,574354,575796928.4847901,0.0,,n6_r1 nb_r1,GRB,204.19,-17.06,206.85,-11.93,3198.05,1109.34,575796924.388722,30.1934018163183,12.308289588037718,True,False,10.135698350208516,4.362213550655183,318.1900547073834,44.46752788266785,-12.308288180766452,266.98317227352896,527659.2296175777,1.1165822800825806
34,633856,576073467.0139041,2019-04-04 12:24:22.013904,633869,576073516.166702,49.15279793739319,,n0_r0 n0_r1 n1_r0 n1_r1 n2_r1 n3_r1 n5_r0 n5_r1,GRB,15.54,26.31,26.58,23.94,2573.97,739.92,576073475.206042,179.30821976137614,-15.762191814440856,True,True,13.055115104720736,5.592368097345948,125.91627502660968,-36.49836628539301,15.762189976002452,340.64815136120166,538185.156927825,1.1102176172124405
35,634496,576076088.4995221,2019-04-04 13:08:03.499522,634500,576076100.78774,12.288217902183533,,n9_r0 n9_r1 na_r1,GRB,226.5,-14.79,217.66,-12.51,2081.67,765.14,576076092.595595,344.1574887217487,20.401207610378236,True,False,13.082775332258157,5.603936755381574,344.9587209356752,36.86893900025351,-20.40120492140674,134.56176764465263,527230.3263891482,1.391232598363048
36,635042,576078329.048334,2019-04-04 13:45:24.048334,635092,576078529.755377,200.7070430517197,,n0_r0 n0_r1 n1_r0 n1_r1 n2_r0 n2_r1 n3_r0 n3_r1 n4_r1 n5_r0 n5_r1 n6_r0 n6_r1 n7_r0 n7_r1 n8_r0 n8_r1 n9_r0 n9_r1 na_r1 nb_r0 nb_r1,GF,227.09,62.19,219.09,61.68,2719.42,97.99,576078357.720759,124.1407025377828,-25.50196396341143,True,True,13.106713378392762,5.613947230743847,99.6930611223622,48.29921778216356,25.50196159895757,265.081130125087,536069.8419169375,1.6619164697916935
37,653189,576163975.3783721,2019-04-05 13:32:50.378372,653208,576164049.107494,73.72912192344666,,n2_r1 n3_r1 n4_r0 n4_r1 n5_r1 n7_r1 na_r1,GRB,294.54,-71.34,276.27,-58.19,7754.12,864.62,576163983.570493,120.79903990834916,-25.49752714068963,True,True,14.01196801183838,5.991525991933148,323.9979869816892,-29.318863632270084,25.497523948077625,263.98826292205706,535064.0872958302,1.6540351229619583
38,669111,576240447.8862,2019-04-06 10:47:22.886200,669112,576240447.8862,0.0,GRB190406450,n3_r0 n3_r1 n4_r0,GRB,348.11,42.16,337.72,38.49,2860.87,415.83,576240442.254105,256.16430793778994,21.064656123271813,True,True,14.820919827018688,6.327251871224576,103.98905232806992,-17.04584773419928,-21.06465386933905,79.90345423497092,537597.8744850224,1.4334174320607225
39,671344,576249596.942503,2019-04-06 13:19:51.942503,671372,576249707.536159,110.59365606307983,,n0_r0 n0_r1 n1_r1 n2_r1 n3_r1 n5_r0 n5_r1 n6_r0 n6_r1 n7_r0 n7_r1 n8_r1 n9_r0 n9_r1 nb_r0 nb_r1,GRB,228.5,58.82,223.62,50.7,3575.58,457.75,576249637.903114,119.43812347351007,-25.32312462538564,True,True,14.918253292282769,6.367535099415896,95.02825220591792,49.86603531966252,25.32312366490334,264.75716397530505,534173.6020104785,1.6528667888840085
40,674684,576265956.6192131,2019-04-06 17:52:31.619213,674711,576266064.652897,108.03368389606476,GRB_bn190406745,n0_r1 n2_r1 n3_r0 n3_r1 n4_r0 n4_r1 n5_r1 n6_r1 n7_r1,GRB,298.33,38.41,298.39,39.23,591.42,109.15,576265966.347362,64.75371529703308,-18.46589588985747,True,False,15.091107958929202,6.439013801463025,73.57219082376388,5.57996789905324,18.465893124937796,141.85128839803292,525965.9291467651,1.0649215647050996
41,682171,576304711.202073,2019-04-07 04:38:26.202073,682178,576304735.778492,24.57641899585724,,nb_r1,GRB,192.97,6.58,194.28,0.03,5397.45,1740.06,576304723.490283,352.40395049251805,11.386138978771596,True,False,15.501512601631145,6.6084103333223245,303.2482794940739,69.45415801465384,-11.38613722463536,267.5712931737955,524503.5590073129,1.1152775648670332
42,690165,576337724.219028,2019-04-07 13:48:39.219028,690168,576337732.793671,8.574643015861511,GRB_bn190407575,n3_r1 n6_r0 n6_r1 n9_r1,GRB,74.48,-61.64,88.41,-59.3,4118.43,306.72,576337724.219028,268.2710117334676,24.61950399531814,True,True,15.85109524772302,6.752347700860566,271.36561707289945,-37.02888270971636,-24.6195006386115,45.55884527763919,538230.1188890445,1.56308946580564
43,691891,576346054.054014,2019-04-07 16:07:29.054014,691896,576346070.948805,16.89479100704193,GRB_bn190407672,n6_r0 n6_r1 n7_r1 n9_r0 n9_r1 na_r0 na_r1 nb_r1,GRB,184.9,25.94,186.44,25.08,163.65,79.62,576346054.054014,72.42857076385022,-22.136556797808865,True,False,15.939354519653136,6.788635193709169,220.63949331605087,82.78178164959598,22.136555772856287,174.91373597432593,526575.8074383448,1.1634313061191224
44,707797,576420696.0709361,2019-04-08 12:51:31.070936,707878,576421026.8278611,330.7569249868393,LOCLPAR_bn190408536,n0_r0 n0_r1 n1_r0 n1_r1 n2_r0 n2_r1 n3_r0 n3_r1 n4_r0 n4_r1 n5_r0 n5_r1 n6_r0 n6_r1 n7_r0 n7_r1 n8_r0 n8_r1 n9_r0 n9_r1 na_r0 na_r1 nb_r0 nb_r1,GRB,324.31,65.86,320.32,63.27,879.66,66.62,576420822.024813,108.0177676148953,-25.22168007422212,True,True,16.731932285823625,7.113531231909154,104.79392019696716,10.092561162040262,25.221678860146064,258.1167730656206,531141.9631444168,1.6009207479788892
45,708116,576422006.331919,2019-04-08 13:13:21.331919,708146,576422125.1178219,118.78590297698976,,n0_r2 n1_r2 n5_r2 n6_r2 n9_r2 nb_r1 nb_r2,GRB,56.55,8.82,71.56,14.85,5134.48,1388.82,576422063.6768291,185.52252581924756,-1.219740545176489,True,True,16.745100148380402,7.118914064537755,178.82431028983075,-34.47509010849396,1.2197403385198058,330.433820374585,538907.6783100434,1.1138397728015588
46,724000,576497717.6658759,2019-04-09 10:15:12.665876,724031,576497840.548008,122.88213205337524,,n0_r0 n1_r0 n2_r0 n6_r0 n9_r0 n9_r1 na_r0,GRB,259.37,-40.84,253.53,-42.37,964.67,209.06,576497779.1069491,277.2702717335891,25.470809840256035,True,True,17.548438671131425,7.446354087952026,346.8914792827851,-1.7111016226384377,-25.47080783915003,105.8368398526083,538678.9194141171,1.6053868197920833
47,740757,576577585.4812751,2019-04-10 08:26:20.481275,740759,576577589.577345,4.096069931983948,,n1_r0 n9_r0 n9_r1 na_r0 nb_r0,GRB,265.43,-37.63,262.18,-39.13,613.82,197.42,576577581.385205,266.1161759894359,25.572170606826813,False,True,18.39595204948232,7.789707402517005,352.1567662757635,-3.856075061370845,-25.57216570917145,121.2628707345183,540822.9992814304,1.5973866037698057
48,760246,576668751.549222,2019-04-11 09:45:46.549222,760251,576668769.4695301,17.920308113098145,GRB_bn190411407,n0_r1 n0_r2 n1_r1 n1_r2 n2_r1 n2_r2 n6_r1 n6_r2 n8_r2 n9_r1 n9_r2 na_r1 na_r2,GRB,285.68,-58.01,280.97,-53.77,1470.19,139.72,576668757.181324,251.51472143129809,25.41357970147336,True,True,19.365336622415835,8.179684659094987,338.39526047001726,-24.200603581274887,-25.4135762647939,85.72213785148223,543191.8120785713,1.6053909419108026
49,763605,576683641.2991,2019-04-11 13:53:56.299100,763627,576683728.8524021,87.55330204963684,GRB_bn190411579,n0_r1 n1_r0 n1_r1 n2_r0 n2_r1 n5_r0 n5_r1 n9_r1,GRB,41.55,46.85,41.15,45.71,147.04,98.22,576683646.931182,113.63407012365565,-21.13524486050798,True,True,19.5237593913656,8.243129443500585,142.51943268954426,-11.612294033053216,21.135244424158373,245.6310012174945,529036.970658677,1.3901402131921166
50,771787,576726818.220988,2019-04-12 01:53:33.220988,771791,576726830.509196,12.2882080078125,,nb_r1,GRB,191.15,-16.58,182.89,-7.28,4381.64,1154.0,576726822.317057,314.1345460753177,13.443420321323972,True,False,19.983321074767613,8.426705323379629,300.56615265231113,46.25993071455525,-13.44341839501134,265.7414743512464,531266.3779819125,1.1184883551628024
51,789972,576812501.524514,2019-04-13 01:41:36.524514,789984,576812546.581418,45.05690407752991,,n8_r1 n9_r1 nb_r1,GRB,173.34,0.24,174.88,0.83,4507.23,1222.62,576812517.908835,314.42367323724795,10.563933424349894,True,False,20.896323901999956,8.789299407913308,264.8208565987553,57.2180839896164,-10.563933269960671,267.9880395637301,531089.45320453,1.1145065903382676
52,815936,576929772.4975271,2019-04-14 10:16:07.497527,815951,576929829.842598,57.34507083892822,,n2_r2 n7_r2 n9_r2 na_r2 nb_r1 nb_r2,GRB,265.3,-25.78,256.69,-15.86,5720.7,1350.72,576929805.2661469,144.67511462983754,-1.636734384534556,True,True,22.147846543303277,9.281598772701573,2.1769374468049127,2.491947749457135,1.6367342489711696,328.2041465286422,532587.0415140697,1.1139254191322487
53,829072,576994191.42907,2019-04-15 04:09:46.429070,829123,576994397.815877,206.38680696487427,GRB_bn190415173,n0_r0 n0_r1 n0_r2 n1_r0 n1_r1 n1_r2 n2_r0 n2_r1 n2_r2 n3_r0 n3_r1 n3_r2 n4_r0 n4_r1 n4_r2 n5_r0 n5_r1 n5_r2 n6_r0 n6_r1 n6_r2 n7_r1 n7_r2 n8_r1 n8_r2 n9_r1 na_r0 na_r1 nb_r1,GRB,28.28,5.43,28.25,5.5,1.48,1.92,576994197.061192,243.13876176379893,25.28040749100421,True,True,22.83595319489168,9.549850712836465,149.8305161282883,-54.193827360846775,-25.280404828744864,157.6340738730856,545253.0598316117,1.511617421906462
54,879610,577234629.176326,2019-04-17 22:57:04.176326,879612,577234633.2724099,4.096083879470825,,n5_r1 n5_r2 n7_r1 nb_r1,GRB,141.88,-19.65,137.48,-14.17,3182.02,941.9,577234625.0802419,276.8694252442568,12.410291033775136,True,True,25.41214514272016,10.538046264479195,250.83372253574112,21.98407618733507,-12.410289551059805,266.8385224097486,539690.1001155567,1.1166697722307684
55,907304,577360545.2036531,2019-04-19 09:55:40.203653,907368,577360803.639827,258.43617391586304,GRB_bn190419414,n0_r0 n0_r1 n0_r2 n1_r0 n1_r1 n2_r0 n2_r1 n3_r1 n4_r1 n5_r1 n6_r0 n6_r1 n6_r2 n7_r1 n8_r1 n9_r0 n9_r1 n9_r2 na_r0 na_r1 nb_r1,GRB,114.77,-45.5,113.68,-45.3,55.81,10.78,577360549.6824241,290.76380576578583,1.6709086472513766,True,True,26.766186091176245,11.04672307157359,258.5492752926698,-11.329763834165396,-1.6709085549619966,114.61053084989908,536466.0840198426,1.0125044749108012
56,929036,577465709.717224,2019-04-20 15:08:24.717224,929052,577465771.158476,61.44125199317932,,n4_r1 n8_r1,SF,293.85,-38.73,280.67,-30.42,4673.22,1015.14,577465730.197649,81.64328902452999,-11.20206539424526,True,False,27.899908837291427,11.466664996847578,0.3729816480718678,-24.68358731036409,11.202063834844,186.03796744509413,521177.9227762376,1.0806672590867066
57,934485,577492377.540127,2019-04-20 22:32:52.540127,934491,577492398.02057,20.480443000793457,,n6_r0 n6_r1 n7_r0 n7_r1 n8_r0 n9_r0 n9_r1 nb_r0 nb_r1,SF,193.39,37.39,188.07,40.3,1242.64,282.46,577492377.540127,315.736647942185,-14.229193996206131,True,True,28.187549493386108,11.572323254782122,120.54472794429104,79.73310634493876,14.229193870730054,308.7967556853556,532721.1015321761,1.2612041684555062
58,935356,577495952.207299,2019-04-20 23:32:27.207299,935358,577495956.494206,4.286906957626343,GRB_bn190420981,n6_r1,GRB,249.39,-67.96,240.26,-61.61,4032.8,356.61,577495952.207299,183.03812133739788,25.28751853044733,True,True,28.2261486834843,11.586474140384492,321.7336355796541,-13.80044361851523,-25.28751390945469,161.16298908152024,540609.0978344665,1.497703019672679
59,966105,577641909.008729,2019-04-22 16:05:04.008729,966111,577641931.0252011,22.016472101211548,GRB_bn190422670,na_r1 nb_r1,GRB,192.73,-40.34,192.94,-33.72,1193.28,708.82,577641914.640847,24.725165051859253,-23.935400773618134,True,False,29.804941933232566,12.15958281443015,302.82908381326354,22.53036269866971,23.935399168527965,113.00809432547884,525347.9255709808,1.1003687952736094
60,968123,577652316.100524,2019-04-22 18:58:31.100524,968124,577652316.100524,0.0,,n0_r1 n2_r1 n2_r2 n4_r1 n9_r1 na_r1,SF,143.32,3.38,138.8,10.31,8783.33,2084.92,577652312.004428,314.921563332365,-18.33775606499116,True,True,29.917609414515976,12.200050818477855,230.67006025235588,37.113401420517846,18.33775443112515,359.7635276289869,534176.2497123934,1.097842227289832
61,971483,577666566.6647191,2019-04-22 22:56:01.664719,971530,577666758.156421,191.4917018413544,GRB_bn190422957,n6_r0 n6_r1 n7_r0 n7_r1 n8_r0 n8_r1 nb_r1,GRB,183.45,-62.4,183.21,-59.97,1866.85,180.52,577666707.467437,142.62528702154418,20.85364611153193,True,True,30.07364695303666,12.256000404186016,298.5898561697117,0.1539669551809933,-20.853643658648217,127.32194010083155,532117.6695800604,1.4089859370604516
62,987358,577742395.347401,2019-04-23 19:59:50.347401,987369,577742693.82614,298.4787390232086,,n2_r1 n2_r2 n4_r1 n5_r1 n5_r2 n6_r1 n6_r2 n8_r1 n8_r2 na_r1 nb_r1 nb_r2,GRB,153.92,-54.28,165.34,-31.73,6559.86,1392.02,577742432.212144,239.96325754738191,11.189777035011112,True,True,30.895344804465385,12.548776001248122,281.3940294755382,1.9429729223892165,-11.1897768966719,268.2762800362294,540379.4292685158,1.115866178943715
63,1064684,578103374.861204,2019-04-28 00:16:09.861204,1064715,578103497.743333,122.88212895393372,,n0_r0 n0_r1 n1_r0 n1_r1 n2_r0 n2_r1 n3_r0 n3_r1 n4_r0 n4_r1 n5_r0 n5_r1 n6_r0 n6_r1 n7_r0 n7_r1 n8_r0 n8_r1 n9_r0 n9_r1 na_r0 na_r1 nb_r0 nb_r1,GRB,48.41,48.63,70.89,44.18,3212.3,334.55,578103407.629773,305.1574029950599,-24.187291162287508,True,True,34.83386520609122,13.907293986874627,145.75835801271396,-7.839478009030467,24.18728783864956,265.28818925065013,538038.3232190554,1.6146871447517732
64,1078239,578170096.1801441,2019-04-28 18:48:11.180144,1078255,578170159.157114,62.976969957351685,GRB_bn190428783,n0_r0 n0_r1 n1_r0 n1_r1 n2_r1 n3_r0 n3_r1 n4_r1 n5_r0 n5_r1 na_r0 na_r1 nb_r1,GRB,45.15,15.6,43.91,14.88,29.4,27.5,578170101.812228,193.3533424737859,16.234128538889646,True,True,35.5656153136439,14.151246647078873,163.05089495922735,-37.01278633127728,-16.23412621760655,234.83085428072891,533032.9768080882,1.1303689312657927
65,1095169,578250226.331763,2019-04-29 17:03:41.331763,1095171,578250230.4278259,4.096062898635864,,n5_r1,GF,61.91,-3.78,77.27,2.62,5955.91,1747.84,578250222.2357011,201.98930275928936,10.36527822671183,True,True,36.44640933842515,14.441263763883896,195.30236311763048,-37.7423968715225,-10.365277808652422,268.71770582957106,532205.996402768,1.115309915864354
66,1095798,578252999.6745961,2019-04-29 17:49:54.674596,1095803,578253016.0588961,16.384299993515015,GRB_bn190429743,n9_r1 na_r1 nb_r1,GRB,202.84,-3.47,198.63,3.81,1155.41,471.53,578252999.6745961,17.151884625466142,-12.301506010358825,True,False,36.47697701051502,14.451257016336507,321.94877729321354,57.92394408197064,12.301503991552472,72.27594277880478,530687.0121418637,1.016348514410217
67,1121127,578367480.2762821,2019-05-01 01:37:55.276282,1121140,578367529.429111,49.15282893180847,,n3_r2 n4_r2 n5_r1 n5_r2 n6_r1 n6_r2 n8_r2 n9_r2 nb_r1,GF,331.05,29.75,272.93,26.59,13700.37,1786.8,578367496.6605539,31.001061129392266,-1.993920579963696,False,False,37.73911304366226,14.859632205243583,84.77429876195956,-20.47011370746752,1.9939203236680876,327.7481648404636,529927.3487387338,1.1133424455044447
68,1141194,578462497.528154,2019-05-02 04:01:32.528154,1141201,578462522.167227,24.63907301425934,GRB_bn190502168,n0_r0 n0_r1 n3_r0 n3_r1 n4_r0 n4_r1 n6_r1 n7_r1,GRB,93.21,11.35,94.37,10.02,424.21,146.75,578462497.528154,254.93413028558885,-19.395517365179977,True,True,38.78935189552115,15.193055997555524,198.42947909849715,-3.2428818961714607,19.395514455564225,154.7605223623216,535538.0230475998,1.091724979971615
69,1181506,578656661.764602,2019-05-04 09:57:36.764602,1181512,578656682.755209,20.990607023239136,GRB_bn190504415,n3_r1 n4_r1,GRB,73.35,37.26,84.37,25.93,3416.13,834.26,578656656.1325121,251.7106467721521,-22.38450867267464,True,True,40.94439726306671,15.858682998892991,166.92030025300045,-4.182316284814819,22.384509597868146,60.328016351847054,534342.4714001346,1.1228521770185895
70,1215087,578812030.322161,2019-05-06 05:07:05.322161,1215155,578812303.734967,273.41280603408813,SFLARE_bn190506213,n0_r0 n0_r1 n1_r0 n1_r1 n2_r0 n2_r1 n3_r0 n3_r1 n4_r0 n4_r1 n5_r0 n5_r1,GRB,39.46,8.04,39.42,8.06,0.3,0.31,578812124.53181,334.5506017233892,-11.68679639587695,True,True,42.67841267591867,16.375790314887332,162.93404418071952,-46.39915986492269,11.686794610094012,213.6093951499479,537919.2494483619,1.1238931416554498
71,1221284,578843573.599868,2019-05-06 13:52:48.599868,1221322,578843725.154104,151.55423593521118,SFLARE_bn190506577,n0_r0 n1_r0 n2_r0 n3_r0 n4_r0 n5_r0 n5_r1,GRB,68.89,-4.17,68.41,-3.67,10.32,8.02,578843614.5604692,158.61062335856138,8.887928497757832,True,True,43.03055009828472,16.47875701859039,200.03161546580588,-31.94440143098067,-8.887927593143617,266.1017209319453,523757.8422013151,1.1100521720540593
72,1224723,578857670.2786851,2019-05-06 17:47:45.278685,1224745,578857759.3682591,89.08957397937775,SFLARE_bn190506742,n1_r0 n1_r1 n2_r0 n2_r1 n3_r0 n3_r1 n4_r0 n4_r1 n5_r0 n5_r1,GRB,39.97,13.58,39.88,13.45,4.78,5.92,578857697.5446651,326.92555325121793,-13.312265349614826,True,True,43.18813277757763,16.524609496900094,159.2109336653191,-41.52437648342141,13.31226418883544,15.576900333334809,538205.578502354,1.0612829395720065
73,1229005,578875224.2078661,2019-05-06 22:40:19.207866,1229039,578875359.378275,135.1704089641571,,n0_r1 n0_r2 n1_r2 n2_r1 n2_r2 n3_r2 n4_r1 n4_r2 n5_r1 n5_r2 n6_r1 n6_r2 n7_r1 n7_r2 n8_r1 n8_r2 n9_r1 n9_r2 na_r2 nb_r1 nb_r2,GRB,198.2,-25.87,195.67,-25.26,6809.41,1237.08,578875277.456812,352.49018558965554,-1.2907524614627273,True,False,43.38493100966436,16.581676439813954,308.9357554029586,36.75498137774364,1.290752272910538,327.69134321332604,538044.3846911322,1.115441066478958
74,1234238,578903304.718355,2019-05-07 06:28:19.718355,1234246,578903335.949329,31.23097407817841,GRB_bn190507270,n1_r1 n9_r0 n9_r1 na_r0 na_r1,GRB,163.54,-5.72,165.58,-5.1,240.64,177.91,578903310.8624591,321.6770102031396,-13.95223891570578,True,True,43.698949256278816,16.67228208153215,257.7636921764141,46.60568421543836,13.952238384464902,179.75251134487888,537990.1385799475,1.0914674246109315
75,1242651,578942118.232585,2019-05-07 17:15:13.232585,1242653,578942121.557142,3.324557065963745,GRB_bn190507712,na_r1,GRB,266.88,-19.3,255.91,-22.54,3978.05,640.21,578942118.232585,243.25051722282373,-24.60599892752664,False,True,44.13405526156343,16.79690371015773,8.480104716892791,4.616258429490799,24.60599579377108,299.1859322998936,531088.159707714,1.5939734780286607
76,1247717,578963794.125768,2019-05-07 23:16:29.125768,1247768,578964000.464888,206.3391200304032,GRB_bn190507970,n0_r1 n1_r1 n6_r0 n6_r1 n7_r1 n8_r1 n9_r0 n9_r1 na_r0 na_r1 nb_r0 nb_r1,GRB,290.97,-29.96,290.29,-30.28,33.09,21.38,578963816.142106,171.73666667198975,-1.6832129472575916,True,True,44.37753455372189,16.866171241105768,8.556179671256846,-19.66449150892469,1.6832127336599716,137.01659611943643,522213.4366996161,1.013364539849591
77,1262847,579036174.1204281,2019-05-08 19:22:49.120428,1262867,579036253.4817431,79.36131501197815,GRB_bn190508808,n6_r1 n7_r0 n7_r1 n8_r0 n8_r1 nb_r0 nb_r1,GRB,177.78,20.83,179.17,19.29,136.68,89.14,579036183.848587,50.86052555252843,23.946387596584376,True,False,45.19065081817106,17.0950445034302,234.27139380643607,74.87157501646466,-23.946384887126687,73.78277941237582,538630.1062983695,1.534960363510232
78,1270152,579073447.1113801,2019-05-09 05:44:02.111380,1270249,579073840.333675,393.2222949266434,SFLARE_bn190509239,n0_r0 n0_r1 n1_r0 n1_r1 n2_r0 n2_r1 n3_r0 n3_r1 n4_r0 n4_r1 n5_r0 n5_r1 n6_r0 n7_r0 n8_r0 na_r0 nb_r0,GRB,42.99,11.38,43.0,11.54,1.31,1.02,579073643.722496,254.3442414454855,-25.454661734910346,True,True,45.61218304137632,17.212204620184533,164.1300924250212,-41.65192604690692,25.45466196275852,120.7563460185223,531335.6754586857,1.119416943826797
79,1291594,579175982.637909,2019-05-10 10:12:57.637909,1291688,579176371.7640159,389.1261068582535,GRB_bn190510430,n1_r1 n4_r0 n4_r1,GRB,113.68,34.96,120.88,36.35,2204.39,366.32,579176363.333111,248.1896078561594,-25.367425449124266,True,True,46.770301970637554,17.528810458579628,184.2843778934248,23.461422709106134,25.367421491423453,45.431510761649385,529621.9276743022,1.1811586059629058
80,1307861,579251671.919611,2019-05-11 07:14:26.919611,1307912,579251877.2337401,205.314129114151,GRB_bn190511302,n0_r0 n0_r1 n1_r0 n1_r1 n2_r0 n2_r1 n3_r0 n3_r1 n4_r1 n5_r1 n6_r0 n6_r1 n7_r0 n7_r1 n8_r0 n8_r1 n9_r0 n9_r1 na_r0 na_r1 nb_r1,GRB,133.89,-19.96,133.6,-19.7,13.25,10.07,579251697.006649,316.2165695081069,-4.398278932891207,True,True,47.62172623178843,17.756599544182983,246.02205617891,15.994967869397485,4.398278298067549,158.70875922237653,537196.139741913,1.0303634858183852
81,1332393,579364804.209834,2019-05-12 14:39:59.209834,1332400,579364830.322258,26.11242401599884,TGF_bn190512623,n0_r0 n0_r1 n3_r1,TGF,89.96,1.42,89.12,1.22,354.63,251.97,579364809.841922,245.6683693924688,-24.255394144785942,True,True,48.90341599498146,18.091484926343487,205.69538975738567,-10.796419441218774,24.25539337880437,335.5667048739573,527511.4385747559,1.2234717360629377
82,1365428,579522666.104814,2019-05-14 10:31:01.104814,1365494,579522932.348782,266.24396789073944,,n0_r0 n0_r1 n1_r0 n1_r1 n2_r0 n2_r1 n3_r0 n3_r1 n4_r0 n4_r1 n5_r0 n5_r1 n6_r0 n6_r1 n7_r0 n7_r1 n8_r0 n8_r1 n9_r0 n9_r1 na_r0 na_r1 nb_r0 nb_r1,GRB,242.69,13.89,239.94,14.19,315.31,69.56,579522784.890588,120.03556676516564,1.9226593309271989,True,True,50.70003472802944,18.54454038299523,27.39977459659539,41.81544262840846,-1.922659209591302,269.90236037915747,526723.5784286464,1.133974600031152
83,1366699,579527876.30041,2019-05-14 11:57:51.300410,1366717,579527945.933502,69.6330919265747,,n0_r0 n1_r0 n2_r0 n3_r0 n4_r0 n5_r0 n6_r0 n7_r0 n7_r1 n8_r0 n8_r1 n9_r0 na_r0 nb_r0,GRB,248.17,-45.59,247.77,-46.79,286.58,75.56,579527937.7413759,87.18242361301209,15.819321220262031,True,False,50.75876647423014,18.55902595637625,338.07276627420777,1.6434418931021948,-15.81932086566172,215.520216157684,535082.2616109021,1.1426006588772952
84,1366719,579527958.221707,2019-05-14 11:59:13.221707,1366977,579529010.909483,1052.6877759695053,,n0_r0 n0_r1 n1_r0 n1_r1 n2_r0 n2_r1 n3_r0 n3_r1 n4_r0 n4_r1 n5_r0 n5_r1 n6_r0 n6_r1 n7_r0 n7_r1 n8_r0 n8_r1 n9_r0 n9_r1 na_r0 na_r1 nb_r0 nb_r1,GF,0.8,-1.66,0.78,-1.6,0.53,0.61,579528679.128665,130.3657584982399,-3.2105836945109645,True,True,50.76721741522476,18.561108593549942,96.47825437846431,-62.031961772053535,3.2105833806801987,255.6059812220725,524681.1437682665,1.1304266548012225
85,1368261,579534278.450626,2019-05-14 13:44:33.450626,1368264,579534286.6427461,8.19212007522583,,n0_r0 n2_r0 n3_r0 n4_r0 n4_r1 n5_r0 n6_r0 n7_r0 n8_r0 n9_r0 na_r0 nb_r0,GF,246.43,8.04,242.77,7.27,232.16,46.89,579534282.546686,124.1110422900804,-0.45272153294586,True,True,50.83109524977454,18.576836718231597,22.70986979983963,35.9454445295374,0.4527214979914786,225.9397592164996,525893.2585589864,1.0714102695441765
86,1368267,579534303.0269921,2019-05-14 13:44:58.026992,1368431,579534970.684782,667.6577899456024,,n0_r0 n0_r1 n1_r0 n1_r1 n2_r0 n2_r1 n3_r0 n3_r1 n4_r0 n4_r1 n5_r0 n5_r1 n6_r0 n6_r1 n7_r0 n7_r1 n8_r0 n8_r1 n9_r0 n9_r1 na_r0 na_r1 nb_r0 nb_r1,GRB,41.16,10.43,41.21,10.48,1.31,1.09,579534700.3448341,148.26970738063164,-11.44532524901448,True,True,50.83585845179452,18.578008544070062,162.9209856358447,-43.4834248155982,11.44532328693615,248.3528352153165,522314.0343906185,1.2042193697016783
87,1374616,579562905.141253,2019-05-14 21:41:40.141253,1374618,579562909.237312,4.096058964729309,TGF_bn190514901,n9_r0 n9_r1,TGF,272.3,20.97,277.22,13.71,2681.36,517.98,579562905.141253,127.39016341256595,-3.081612674474468,True,True,51.15753794844856,18.65683228858935,47.615689025002645,18.39410740522427,3.081612415049491,109.63154566967516,525216.184170533,0.9856231142901896
88,1382204,579602210.387608,2019-05-15 08:36:45.387608,1382207,579602218.5797341,8.192126035690308,,n6_r1 n8_r1,SF,275.49,-14.1,266.46,-9.27,3531.14,940.43,579602210.387608,87.80139929724676,13.39789886972343,True,False,51.60622842076471,18.765741140360536,17.05753839005889,-0.0184734896902002,-13.397897249337342,265.8225289364599,534856.3124077484,1.1184252690111671
89,1388657,579629065.723707,2019-05-15 16:04:20.723707,1388662,579629082.108005,16.384298086166382,,n4_r0 n4_r1,SF,104.77,50.96,135.5,40.42,9779.23,1620.13,579629065.723707,335.09562551483054,16.83395196467574,True,True,51.913070365141536,18.83952243933498,165.64956721067074,21.89431314575744,-16.83395285813733,40.9131589798823,541855.7940954956,1.337409957278119
90,1400394,579687917.67521,2019-05-16 08:25:12.675210,1400397,579687925.8673351,8.192125082015991,,n6_r1 nb_r1,SF,241.73,-31.03,236.65,-25.57,4249.48,1420.4,579687917.67521,88.828720685641,10.198266533050129,True,False,52.58627509007828,18.99940757857117,344.9730199227004,15.46087672945046,-10.198266392723896,268.7584028830533,534470.6408321799,1.1151884079384138
91,1426343,579805151.017297,2019-05-17 16:59:06.017297,1426359,579805212.4583111,61.44101405143738,,n6_r2 n8_r1 n8_r2 n9_r2 na_r2 nb_r1 nb_r2,GF,269.08,33.51,253.88,28.21,5431.39,1489.47,579805208.3622451,279.3247942788476,-1.1471986237255325,False,True,53.93114663643424,19.310595948811184,59.26489280156803,25.368805564517626,1.14719862034285,329.2052468688316,529141.5042863375,1.114742174268572
92,1428229,579814213.892417,2019-05-17 19:30:08.892417,1428246,579814280.965415,67.072998046875,GRB_bn190517813,n0_r1 n1_r1 n4_r1 n6_r1 n7_r1 n8_r1 n9_r0 n9_r1 na_r0 na_r1 nb_r0 nb_r1,GRB,267.2,13.52,267.65,13.12,16.43,16.12,579814213.892417,124.04796675057956,-10.54969137614085,True,True,54.03458094510714,19.334074417272724,38.33108694377568,19.886083314914536,10.549690119042868,136.30263576386903,526711.1237588103,1.0116167936313276
93,1454778,579943498.760658,2019-05-19 07:24:53.760658,1454830,579943710.218695,211.458037018776,GRB_bn190519309,n0_r0 n0_r1 n1_r0 n1_r1 n2_r0 n2_r1 n3_r0 n3_r1 n4_r0 n4_r1 n5_r0 n5_r1 n7_r1 n8_r0 n8_r1 n9_r0 n9_r1 na_r0 na_r1 nb_r1,GRB,115.45,-33.07,115.56,-32.91,3.69,2.58,579943542.279768,356.73244277276643,25.406852809573344,True,False,55.52276231534515,19.66464864287687,247.75732895738068,-4.944858866103507,-25.40684949953235,188.6434621591941,544627.4682277859,1.373356198715263
94,1461073,579969305.076604,2019-05-19 14:35:00.076604,1461081,579969333.749018,28.67241394519806,,n2_r1 n4_r0 n4_r1 n5_r1 n6_r0 n7_r0 n7_r1 n8_r0 n8_r1 na_r1 nb_r0,GRB,278.56,-32.86,250.0,-24.7,9398.59,1624.61,579969309.172663,181.12230539104957,-25.44311001016788,True,True,55.81987811363175,19.72902527537892,1.5125676690615946,-11.030360415401509,25.44310577283977,265.377323016146,522559.7880535976,1.661768265008531
95,1471615,580023246.539628,2019-05-20 05:34:01.539628,1471621,580023267.019981,20.48035299777985,,n6_r0 n7_r1 n9_r0 n9_r1 na_r1 nb_r0 nb_r1,GRB,204.56,-15.86,203.49,-15.79,2094.76,705.41,580023250.635697,339.1907570993104,24.67126248805712,True,True,56.44253387296405,19.862179957267,319.1044049039274,45.53483282797901,-24.67126129291889,198.07431904949544,542476.5066669524,1.3214134408049454
96,1477738,580048870.052515,2019-05-20 12:41:05.052515,1477753,580048927.397341,57.344825983047485,,n3_r1 n4_r0 n4_r1 n7_r0 n7_r1 n8_r0 n8_r1 na_r1 nb_r1,SF,292.85,-23.22,271.18,-21.34,7824.71,2033.52,580048882.340689,154.05961938962707,-24.314788526715063,True,True,56.73871833950439,19.92468259830365,15.849998938575055,-18.7632458645332,24.314784945961947,265.85200500521023,525266.151160212,1.623135064922995
97,1479200,580054862.595882,2019-05-20 14:20:57.595882,1479258,580055099.143384,236.5475019216537,LOCLPAR_bn190520598,n0_r0 n0_r1 n1_r0 n1_r1 n2_r0 n2_r1 n3_r0 n3_r1 n4_r0 n4_r1 n5_r0 n5_r1 n6_r0 n6_r1 n7_r0 n7_r1 n8_r0 n8_r1 n9_r0 n9_r1 na_r0 na_r1 nb_r0 nb_r1,SF,288.41,60.46,291.0,57.5,790.14,93.0,580054918.916704,176.69492291448705,-25.387685013259357,True,True,56.80850266308873,19.93933033929124,91.2837176280302,20.747645571520824,25.38768165619405,263.266040976151,523240.3322082056,1.6448126902118267
98,1490023,580109987.484606,2019-05-21 05:39:42.484606,1490032,580110341.722996,354.23838996887207,,n0_r1 n5_r1 n6_r0 n6_r1 n8_r1 n9_r1 nb_r1,GRB,242.55,-13.06,242.44,-11.23,2411.39,680.59,580110007.964939,50.545935207003936,12.233641155273125,True,False,57.44586091416423,20.07172379753072,359.6077112423803,27.24365784889922,-12.23363953159177,266.95089728939257,541200.841473408,1.1163553147281
99,1508243,580195706.880913,2019-05-22 05:28:21.880913,1508244,580195706.880913,0.0,,nb_r1,GRB,249.72,-4.57,232.4,-2.97,5979.83,1492.75,580195702.784848,50.79787700514658,9.27533779143175,True,False,58.43915331463957,20.27305492956433,11.99385820937619,26.662896401297367,-9.27533674583578,269.16347941309937,540566.6019520446,1.1151581431581596
100,1515963,580227353.0716,2019-05-22 14:15:48.071600,1515965,580227357.167664,4.09606409072876,,nb_r1,GRB,227.73,-21.29,223.49,-5.22,7850.27,2265.29,580227348.975529,243.92610123060896,-2.100658196697743,False,True,58.80652791226513,20.34597278274541,341.343585331174,30.984065583585533,2.1006581905229744,330.0715539028662,522393.174631668,1.110694977342001
101,1550192,580389354.140197,2019-05-24 11:15:49.140197,1550201,580389386.908753,32.768555998802185,,n3_r1 n7_r1,GRB,246.35,59.89,237.72,51.16,4501.63,749.02,580389358.236267,16.547922979538708,16.687625938904745,True,False,60.69195288410691,20.707025905733563,90.46883757637846,41.30539754213039,-16.687624625345293,145.80660256824112,541256.461796802,1.2778533052528107
102,1559702,580437959.147786,2019-05-25 00:45:54.147786,1559703,580437959.147786,0.0,GRB_bn190525032,n0_r1,GRB,346.86,18.43,343.48,13.64,348.33,522.42,580437954.87703,198.99400944512527,-14.439354303602768,True,True,61.25901848075674,20.81129360268621,91.11166432900951,-37.92963245940175,14.4393526095824,125.21229596781518,522635.8852256057,1.020578656735352
103,1579652,580532085.566926,2019-05-26 02:54:40.566926,1579657,580532101.951244,16.384317994117737,,n9_r1 nb_r1,GRB,212.43,-9.37,208.36,-2.06,4869.08,1580.99,580532097.855164,12.23066289482426,14.189556358613732,True,False,62.35949835292512,21.007920198206435,333.0885564137833,48.86737374897299,-14.189554719775288,265.1125546909825,539168.8056714878,1.1205004323661625
104,1597818,580617740.396011,2019-05-27 02:42:15.396011,1597839,580618058.330843,317.93483197689056,,n5_r1 n5_r2 n6_r1 n7_r1 n8_r1 n8_r2 n9_r1 n9_r2 na_r1 nb_r1 nb_r2,SF,225.01,-8.47,212.9,-6.19,2653.46,837.47,580617797.741179,12.88532270076156,11.23024950633183,True,False,63.36347064977584,21.180703753995257,348.6731122011255,42.69434931186564,-11.230247680317635,267.7067013121869,537949.4130954555,1.1151689131897065
105,1623791,580735105.789026,2019-05-28 11:18:20.789026,1623792,580735105.789026,0.0,,nb_r1,SF,304.27,-43.44,288.35,-31.64,7870.13,1682.59,580735101.692949,203.78467508267784,-2.110952754674134,True,True,64.74097357704126,21.407501348423512,356.93286697394376,-33.32801533189566,2.11095240957908,328.5013910799559,524258.74925192393,1.1122470481041156
106,1632154,580779181.910072,2019-05-28 23:32:56.910072,1632159,580779198.294405,16.38433301448822,,n4_r0 n4_r1,SF,26.89,-16.24,60.9,-13.28,10722.09,1916.37,580779190.1022501,100.4986556315436,-24.835831810069173,True,False,65.25966290043873,21.489815810137166,175.86999184771767,-73.03941829190288,24.835831215190023,41.01071352558062,537595.7980962005,1.1751791055168426
107,1641104,580816636.244783,2019-05-29 09:57:11.244783,1641106,580816640.340865,4.096081972122192,,n9_r0 na_r0 na_r1 nb_r0,SF,282.55,-52.19,281.02,-49.1,1348.08,481.09,580816636.244783,303.0589952369339,25.09428917625076,True,True,65.70060942539484,21.55846387885586,343.9601774167916,-20.935120184697887,-25.09428814311321,87.11827017171136,531661.8150145703,1.5926199049131375
108,1641772,580819376.525655,2019-05-29 10:42:51.525655,1641844,580819667.347286,290.82163095474243,,n0_r0 n0_r1 n1_r0 n3_r0 n3_r1 n4_r0 n4_r1 n5_r0 n6_r0 n6_r1 n9_r0 n9_r1 na_r0 na_r1 nb_r0 nb_r1,SF,14.29,27.9,21.64,32.53,2386.52,439.67,580819392.9099691,115.95846175489316,-25.461130657299822,True,False,65.73308493312328,21.56347146990193,124.47829422795252,-34.95462310841753,25.46112700767545,248.50019011842173,536509.6305687294,1.534114668071899
109,1659778,580904350.064273,2019-05-30 10:19:05.064273,1659830,580904561.267473,211.2031999826432,GRB_bn190530430,n0_r0 n0_r1 n0_r2 n1_r0 n1_r1 n1_r2 n2_r0 n2_r1 n2_r2 n3_r0 n3_r1 n3_r2 n4_r0 n4_r1 n4_r2 n5_r0 n5_r1 n5_r2 n6_r1 n7_r1 n8_r1 n9_r0 n9_r1 n9_r2 na_r0 na_r1 na_r2 nb_r0 nb_r1 nb_r2,GRB,117.77,34.14,117.75,34.15,0.13,0.08,580904368.7514801,68.25252890600053,-20.98506249314206,True,False,66.73511707577842,21.71472122888028,186.22472347362924,26.454991898598266,20.98506101702324,205.7588494148454,538178.9831276053,1.2287027911318846
110,1675626,580980555.801218,2019-05-31 07:29:10.801218,1675648,580980643.3549709,87.55375289916992,GRB_bn190531312,n0_r0 n0_r1 n1_r0 n1_r1 n2_r0 n2_r1 n3_r0 n3_r1 n4_r1 n5_r0 n5_r1 n9_r1,GRB,27.85,16.8,27.55,16.2,39.13,30.32,580980565.529408,192.6922167105901,1.8372177996111163,True,True,67.63516478682614,21.845188956470192,142.96471192418846,-43.72310311640705,-1.837217577649077,11.842711449838133,527735.687523385,1.121034452381787
111,1684658,581026207.285366,2019-05-31 20:10:02.285366,1684711,581026424.377731,217.0923649072647,GRB_bn190531840,n0_r0 n0_r1 n0_r2 n1_r0 n1_r1 n1_r2 n2_r1 n2_r2 n3_r0 n3_r1 n3_r2 n4_r0 n4_r1 n4_r2 n5_r0 n5_r1 n5_r2 n6_r0 n6_r1 n6_r2 n7_r0 n7_r1 n7_r2 n8_r0 n8_r1 n8_r2 n9_r1 na_r0 na_r1 nb_r0 nb_r1,GRB,50.58,-36.78,49.96,-36.9,5.34,1.1,581026240.054029,191.0173618187257,2.7538835700951827,True,True,68.17535467410346,21.92104150333813,239.40624507701696,-56.81231807021205,-2.7538833867915065,179.3362887521083,528374.6740845949,1.0556096002511572
112,1705682,581125579.4233961,2019-06-01 23:46:14.423396,1705691,581125612.192112,32.76871585845947,,nb_r1,GRB,175.5,-37.76,175.41,-18.95,4145.58,1200.42,581125587.615569,335.1186024953905,10.290641024016354,True,True,69.35201702919672,22.079893618763062,288.06926518920244,23.101207483259405,-10.290639951021596,268.3559930580323,528515.2034648684,1.1146977714546518
113,1738954,581281470.47154,2019-06-03 19:04:25.471540,1738960,581281492.488036,22.016496062278748,GRB_bn190603795,n0_r1 n3_r0 n3_r1 n4_r0 n4_r1 n5_r0,GRB,28.16,30.66,30.75,31.05,2086.63,590.63,581281480.199765,78.01857444371994,-25.565255216566744,True,False,71.20278528902574,22.312049869737447,138.18998437186536,-30.387128793954187,25.565253229705377,79.9251945756987,538288.729626248,1.1291293211441604
114,1746767,581315294.810622,2019-06-04 04:28:09.810622,1746769,581315298.9067141,4.096092104911804,,n6_r1,GF,290.76,50.06,269.19,43.17,5761.41,723.41,581315290.71453,46.34886930307671,-23.27290572423913,True,False,71.60485149659537,22.35961864004566,81.57971271652742,15.72889182959462,23.272901736299435,266.99262927868506,535310.6992057341,1.5936649905737947
115,1751698,581337758.2148311,2019-06-04 10:42:33.214831,1751743,581337940.745676,182.5308449268341,GRB_bn190604446,n0_r1 n1_r1 n2_r1 n2_r2 n3_r0 n3_r1 n3_r2 n4_r0 n4_r1 n4_r2 n5_r1 n6_r0 n6_r1 n6_r2 n7_r0 n7_r1 n7_r2 n8_r0 n8_r1 n8_r2,GRB,345.23,50.9,345.86,51.27,15.05,10.29,581337764.358969,22.02223592155705,-17.55319393260388,True,False,71.87222719626448,22.39068527717513,105.74189615455974,-8.243895661549837,17.55319211106638,148.76944348160436,531341.376065173,1.0667932984148694
116,1778967,581469754.359182,2019-06-05 23:22:29.359182,1778970,581469762.742026,8.382843971252441,GRB_bn190605974,n4_r1 n8_r1,GRB,336.66,14.0,333.07,14.51,762.75,276.16,581469754.359182,63.71397223737481,-25.578488689552053,True,False,73.44446643103448,22.564199178835214,77.89504245012886,-35.91112610928001,25.578485691018383,358.9971029465887,536497.2813166915,1.1783674418642092
117,1781202,581478909.5851669,2019-06-06 01:55:04.585167,1781214,581478956.5691721,46.98400521278381,GRB_bn190606080,n0_r0 n0_r1 n1_r0 n1_r1 n2_r1 n3_r1 n3_r2 n4_r1 n5_r0 n5_r1 n9_r1 na_r1,GRB,79.63,-1.73,79.63,-3.27,37.52,63.57,581478915.2172861,283.50595866326347,19.05704593065155,True,True,73.55370488355862,22.57567234399241,203.4835901727091,-21.38129193307196,-19.057044146742737,180.5143451574327,526643.5016280338,1.254119894165599
118,1789811,581520107.6989701,2019-06-06 13:21:42.698970,1789816,581520124.0833461,16.384376049041748,,n7_r0 n7_r1 n8_r0 n8_r1 nb_r0,GRB,260.88,4.46,252.18,6.78,1789.69,674.99,581520107.6989701,354.2345526317445,-12.64031922751242,True,True,74.04508035849706,22.62634424765451,26.700606601372744,21.565208410150063,12.640316995194633,79.13767749256114,525863.2355243465,1.0098189294485955
119,1795361,581547686.0228131,2019-06-06 21:01:21.022813,1795364,581547694.214995,8.192181944847107,,n6_r2 nb_r1,GRB,106.13,-23.61,131.3,-24.41,7803.71,1383.41,581547686.0228131,297.1807284533742,12.291625798835785,True,True,74.37421348448567,22.65942802485276,235.5068094076362,-7.819197029350797,-12.291626215582369,266.8595560607736,524421.8621580937,1.1163897538448242
120,1799404,581564571.5944741,2019-06-07 01:42:46.594474,1799414,581564608.713805,37.11933088302612,GRB_bn190607071,n6_r1 n7_r1 n9_r0 n9_r1 na_r0 na_r1 nb_r0 nb_r1,GRB,275.75,-50.37,272.97,-49.26,1588.79,203.22,581564571.5944741,281.8033169657167,17.488838517756356,True,True,74.57579492958804,22.67935085840552,344.19036296643714,-16.31954349933553,-17.488836277259008,180.9329676547245,526367.1358488179,1.2220547256276748
121,1816546,581645545.699758,2019-06-08 00:12:20.699758,1816584,581645697.5094471,151.8096890449524,GRB_bn190608009,n6_r1 n7_r1 n8_r1 n9_r1 na_r0 na_r1 nb_r0 nb_r1,GRB,224.4,-27.03,223.99,-26.26,82.48,46.43,581645550.050287,340.21236662499217,-10.927037642573971,True,True,75.5431399078591,22.771363973164732,334.76408057045666,27.93138294045911,10.927037833351484,261.0079821769139,523434.792238441,1.2437123520943452
122,1831674,581718164.323481,2019-06-08 20:22:39.323481,1831955,581719314.2991221,1149.975641131401,LOCLPAR_bn190608859,n0_r0 n0_r1 n1_r0 n1_r1 n2_r0 n2_r1 n3_r0 n3_r1 n4_r0 n4_r1 n5_r0 n5_r1 n6_r0 n6_r1 n7_r0 n7_r1 n8_r0 n8_r1 n9_r0 n9_r1 na_r0 na_r1 nb_r0 nb_r1,GRB,142.76,2.92,142.83,2.94,0.8,0.59,581719134.0713761,300.89513222864593,4.681623559050772,True,True,76.42299027204409,22.84988873864761,230.78425371045213,36.39930407205945,-4.681623541434874,274.25123071920825,522699.8769243648,1.134090778667645
123,1837200,581740811.101176,2019-06-09 02:40:06.101176,1837201,581740811.101176,0.0,,n6_r0 n7_r0 n7_r1 n8_r0 n9_r0 nb_r0,GRB,212.56,-38.54,210.42,-36.67,1681.35,532.73,581740807.005085,226.36619849179183,25.464263092716138,False,True,76.68227844455927,22.872090341335923,319.4288048228093,21.798266957151963,-25.464261043342493,109.1711520059488,535679.3325350264,1.6026629692270318
124,1841018,581758421.5868111,2019-06-09 07:33:36.586811,1841074,581758649.943455,228.3566439151764,GRB190609315,n3_r1 n3_r2 n4_r1 n5_r1 n6_r0 n6_r1 n6_r2 n7_r0 n7_r1 n7_r2 n8_r0 n8_r1 n8_r2 n9_r0 n9_r1 n9_r2 na_r1 nb_r1 nb_r2,GRB,188.96,-38.93,190.6,-40.2,78.16,38.28,581758469.715787,261.76420994792016,19.014824430468845,True,True,76.8936358343777,22.889871419992268,299.6202233497088,23.840187205667,-19.01482263157233,70.77303871238603,529320.9745152221,1.363314866977953
125,1866435,581882410.5244889,2019-06-10 18:00:05.524489,1866470,581882549.7912071,139.26671814918518,GRB_bn190610750,n0_r0 n0_r1 n1_r0 n1_r1 n2_r0 n2_r1 n5_r1 n6_r0 n6_r1 n7_r0 n7_r1 n8_r1 n9_r0 n9_r1 na_r0 na_r1 nb_r1,GRB,301.52,41.46,301.98,41.37,9.36,7.89,581882410.5244889,147.4494834388675,13.335325081630687,True,False,78.37785105148234,23.00672687606361,77.47146034014193,5.075698744054886,-13.33532305279194,158.62437344267994,541270.3063660046,1.1924866700737713
126,1888839,581986071.1383371,2019-06-11 22:47:46.138337,1888907,581986347.4943401,276.3560029268265,GRB_bn190611950,n0_r1 n0_r2 n1_r0 n1_r1 n1_r2 n2_r0 n2_r1 n2_r2 n3_r1 n3_r2 n4_r0 n4_r1 n4_r2 n5_r0 n5_r1 n5_r2 n9_r1,GRB,75.22,38.91,75.13,38.8,3.25,1.62,581986146.786572,208.5435108984662,25.401780767801583,True,True,79.6214638213518,23.093838526930337,166.54473953732276,-2.0013169771725035,-25.40177749466148,146.30054684264513,540203.5391409158,1.5532993737741672
127,1893372,582004649.136301,2019-06-12 03:57:24.136301,1893377,582004667.056663,17.92036199569702,GRB_bn190612165,n4_r0 n4_r1 n8_r0 n8_r1,GRB,248.49,67.58,211.69,53.76,13969.22,1698.42,582004649.136301,293.2376477424553,-2.374755865367509,True,True,79.84339107846712,23.108348020812866,99.44858576935562,37.81807309203813,2.374755970960443,153.69048802247303,522355.61582604615,1.0292333471582171
128,1903135,582055439.0238831,2019-06-12 18:03:54.023883,1903151,582055749.797756,310.77387285232544,,n3_r1 n4_r1 n5_r1 nb_r1,GF,130.93,-3.12,132.05,-8.43,5142.39,1188.78,582055492.2728901,260.2983560793093,11.061525402528188,True,True,80.45340081661905,23.14661349984213,229.53356754035497,23.160566938144147,-11.06152433080887,268.3247843785615,528818.9241642572,1.1157185026269008
129,1911909,582091646.818509,2019-06-13 04:07:21.818509,1911921,582091691.875435,45.05692601203919,GRB_bn190613172,n0_r0 n0_r1 n1_r0 n1_r1 n3_r0 n3_r1,GRB,116.44,67.36,119.81,64.86,2467.53,241.16,582091655.010684,18.02826889739027,-25.524153653009527,True,True,80.88742120405078,23.17239568379759,148.55096925646902,30.086093320737028,25.524150751543765,234.96407221036404,525090.8614720046,1.4441077336325865
130,1916272,582115623.513305,2019-06-13 10:46:58.513305,1916283,582115666.0101581,42.49685311317444,GRB_bn190613449,n3_r1 n4_r1 n5_r1 n6_r0 n6_r1 n7_r0 n7_r1 n8_r0 n8_r1 n9_r1 nb_r1,GRB,309.81,-10.77,307.82,-9.81,78.23,23.1,582115623.513305,89.11658342457848,-4.98396245187078,True,False,81.17515076895646,23.188826082351333,35.33543360424474,-28.78463921143984,4.983961953521998,205.91020007134648,534479.8441695226,1.0675713183880282
131,1929087,582172777.514097,2019-06-14 02:39:32.514097,1929088,582172777.514097,0.0,,n5_r1 n5_r2 nb_r2,SF,63.57,35.35,97.26,21.75,9740.71,1969.03,582172773.418018,90.28708458146232,-2.302240531543216,False,False,81.8613967895951,23.22588358184843,163.00178743296857,-11.29530281781383,2.3022402714359487,328.3041216077254,534657.5911054736,1.1119437065971922
132,1956077,582304591.8603051,2019-06-15 15:16:26.860305,1956094,582304658.933351,67.0730459690094,GRB_bn190615636,n4_r1 n6_r1 n7_r1 n8_r0 n8_r1 nb_r0 nb_r1,GRB,203.2,28.57,204.39,28.53,185.0,113.26,582304597.4923921,115.0082293366943,13.621916462649985,True,False,83.44523471519709,23.29995513029893,44.31564315017607,80.74790995079498,-13.621914851713314,162.2544530971736,539973.1698720357,1.192492567742781
133,2010897,582563228.8736961,2019-06-18 15:07:03.873696,2010914,582563470.893514,242.01981794834137,,n2_r1 n3_r1 n3_r2 n4_r2 n5_r1 n5_r2 n6_r1 n8_r1 nb_r1,GRB,81.44,30.02,96.92,10.3,7680.4,2467.81,582563290.314582,223.0622474938196,9.932248473373226,True,True,86.55618110458965,23.39891435700305,176.7538873683621,-3.0490602378025304,-9.932247305615556,269.47056572847936,537650.8012198596,1.116010339465468
134,2019013,582596669.495268,2019-06-19 00:24:24.495268,2019050,582596820.02546,150.53019201755524,GRB_bn190619018,n0_r0 n0_r1 n1_r1 n3_r0 n3_r1 n6_r0 n6_r1 n9_r0 n9_r1,GRB,345.34,9.02,342.08,13.8,244.91,268.49,582596765.240663,172.69728203003,24.17428319273076,True,True,86.95892531572629,23.40721832736015,82.67699993332498,-45.076688482899,-24.17428049287659,79.24485301022195,545505.4306596534,1.5494055050002946
135,2028572,582646564.266721,2019-06-19 14:15:59.266721,2028629,582646796.718557,232.4518359899521,GRB_bn190619595,n1_r1 n2_r0 n2_r1 n3_r1 n4_r1 n5_r0 n5_r1 n6_r1 n7_r0 n7_r1 n7_r2 n8_r0 n8_r1 n8_r2 n9_r0 n9_r1 na_r0 na_r1 nb_r0 nb_r1,GRB,292.39,14.76,292.48,14.79,8.77,7.96,582646608.299454,70.90051885244404,6.173545629852414,True,False,87.55864753218198,23.417669268258106,50.38124792736092,-1.5114955764205042,-6.173544993759431,129.20006797860722,529633.1317733997,1.0693777623060905
136,2045409,582725415.296803,2019-06-20 12:10:10.296803,2045461,582725625.732342,210.4355390071869,GRB_bn190620507,n0_r0 n0_r1 n0_r2 n1_r0 n1_r1 n1_r2 n2_r0 n2_r1 n2_r2 n3_r0 n3_r1 n3_r2 n4_r0 n4_r1 n4_r2 n5_r0 n5_r1 n5_r2 n6_r0 n6_r1 n6_r2 n7_r0 n7_r1 n7_r2 n8_r0 n8_r1 n8_r2 n9_r1 na_r0 na_r1 nb_r1,GRB,154.95,25.44,154.94,25.34,2.04,2.09,582725429.1210451,2.545913436474609,-19.96729945731534,True,True,88.50712112282241,23.429522335110704,207.0304096392399,56.0947450062604,19.96729728000787,91.52619244577,521229.607035686,1.0572625523967958
137,2100507,582985349.004204,2019-06-23 12:22:24.004204,2100513,582985369.484499,20.480294942855835,,n2_r1 n3_r1 n5_r1 n6_r1,GRB,333.13,-22.65,327.26,-19.41,2162.94,808.04,582985365.3884411,184.0379502741453,12.37913474649901,True,True,91.63497468584528,23.428027984343824,31.08332738999072,-53.82694068124496,-12.379133669556987,266.9851024299427,541311.959891604,1.116765521094186
138,2118706,583071014.324833,2019-06-24 12:10:09.324833,2118719,583071063.4775391,49.15270602703095,,n1_r1 n2_r1,GRB,22.39,37.54,49.68,27.79,8649.16,1455.11,583071055.285423,184.02179582633164,9.533633870246176,True,True,92.66579031829347,23.41389493718804,131.23709499356232,-24.71238547847416,-9.533633303452492,268.95017595430625,540439.0177115125,1.114945706612016
139,2150966,583221989.245432,2019-06-26 06:06:24.245432,2150967,583221989.245432,0.0,GRB_bn190626254,n2_r0 n2_r1,GRB,176.79,-62.06,175.41,-47.14,7290.4,1633.62,583221983.1013331,336.72159325776227,-15.69655197466039,True,True,94.48059822355675,23.37258552389909,295.47937187455324,-0.1178375881529742,15.696551655077965,151.06229465952413,524340.4640472266,1.0567011753457314
140,2186360,583388619.935779,2019-06-28 04:23:34.935779,2186362,583388624.031857,4.096078038215637,,n8_r1,GRB,231.88,21.54,203.95,16.61,6078.57,1539.48,583388615.83971,32.933717673639194,14.761771612613154,True,False,96.48253847205126,23.30271594099216,32.654434986398705,54.14971859975374,-14.76177032409737,231.070404933962,525149.7127837753,1.1201770154417632
141,2192542,583417859.808183,2019-06-28 12:30:54.808183,2192548,583417881.824545,22.01636207103729,GRB_bn190628521,na_r0 na_r1 nb_r0 nb_r1,GRB,109.36,-66.03,134.35,-42.47,10997.26,2492.92,583417865.440276,78.30473019395308,25.293900717620357,True,False,96.83370991851568,23.28783204646391,277.1095057186976,-22.068117278093208,-25.29389845943217,154.23439088714017,530798.3034529916,1.5246081567169738
142,2208278,583493108.388667,2019-06-29 09:25:03.388667,2208293,583493165.733542,57.34487497806549,,n0_r1 n0_r2 n6_r0 n8_r1 n9_r1 nb_r1 nb_r2,GRB,304.0,-38.12,295.96,-32.14,1977.49,593.62,583493161.637481,146.84774696965957,11.18842910235857,True,False,97.73733801677248,23.24592776597887,3.139359028990292,-32.27863953431962,-11.188428476168454,268.18426648430744,534622.8483550276,1.115739517219507
143,2234242,583610462.600395,2019-06-30 18:00:57.600395,2234246,583610474.888593,12.288197994232178,,n6_r2 nb_r1 nb_r2,GRB,249.01,18.9,220.27,18.62,7535.17,1343.69,583610470.792527,338.0085135465278,-1.9172500078765664,True,True,99.14393709312368,23.17036689261522,36.42195930179873,38.07245427653529,1.9172497652964469,329.2186504769835,527313.4721838724,1.112091490345185
