trig_ids,start_index,start_met,start_times,end_index,end_met,duration,catalog_triggers,trig_dets,predicted_class,sigma_r0,sigma_r1,sigma_r2,qtl_cut_r0,qtl_cut_r1,qtl_cut_r2
0,8104,573124424.4956121,2019-03-01 09:13:39.495612,8124,573124502.320862,77.82524991035461,,n0_r2 n1_r2 n2_r2 n3_r2 n4_r2 n5_r2 n6_r2 n8_r1 n8_r2 n9_r2 na_r2 nb_r1 nb_r2,GF,0.0,17.413094436781627,13.70287768724845,0.0,0.0,0.05
1,41799,573284724.164136,2019-03-03 05:45:19.164136,41820,573284808.1320341,83.96789801120758,GRB_bn190303240,n0_r0 n0_r1 n1_r0 n1_r1 n2_r0 n2_r1 n5_r0 n5_r1 na_r1,GRB,9.79349037111334,17.25379759481961,0.0,0.65,0.7,0.0
2,69921,573421046.294318,2019-03-04 19:37:21.294318,69924,573421056.0224811,9.728163123130798,GRB_bn190304818,n4_r0 n4_r1,GRB,4.479042287075641,6.523666150670795,0.0,0.7,0.7,0.0
3,97778,573547171.270521,2019-03-06 06:39:26.270521,97821,573547343.3052421,172.03472101688385,,n0_r0 n1_r0 n1_r1 n2_r0 n2_r1 n3_r0 n3_r1 n4_r0 n5_r0 n5_r1 n6_r0 n6_r1 n7_r0 n7_r1 n8_r0 n9_r0 na_r0 nb_r0 nb_r1,GF,54.9673681513731,22.00046090367641,0.0,0.55,0.25,0.0
4,97830,573547384.265892,2019-03-06 06:42:59.265892,97929,573547785.680276,401.4143840074539,,n0_r0 n0_r1 n1_r0 n1_r1 n3_r0 n3_r1 n4_r0 n4_r1 n5_r0 n5_r1 n6_r0 n6_r1 n7_r0 n7_r1 n8_r0 n9_r0 n9_r1 na_r0 na_r1 nb_r0 nb_r1,SF,88.0503460326249,23.75077444234056,0.0,0.05,0.25,0.0
5,109210,573604667.66626,2019-03-06 22:37:42.666260,109257,573604857.6212921,189.95503211021423,GRB_bn190306943,n0_r1 n1_r0 n1_r1 n6_r0 n6_r1 n7_r1 n8_r1 n9_r0 n9_r1 na_r0 na_r1 nb_r0 nb_r1,GRB,289.55378374699666,112.99254093710712,0.0,0.15,0.5,0.0
6,113596,573622644.0990701,2019-03-07 03:37:19.099070,113646,573622846.34073,202.24165987968445,GRB190307151,n0_r0 n0_r1 n1_r0 n1_r1 n2_r0 n2_r1 n3_r0 n3_r1 n4_r1 n5_r0 n5_r1 n8_r0 n8_r1 n9_r1 na_r0 na_r1 nb_r0 nb_r1,GRB,16.93550800017828,27.364884191631607,0.0,0.35,0.8,0.0
7,145485,573775817.1486499,2019-03-08 22:10:12.148650,145487,573775821.244714,4.09606409072876,GRB_bn190308923,n9_r1 nb_r1,GRB,16.877020652013563,25.518807597562564,0.0,0.3,0.85,0.0
8,151009,573798457.043872,2019-03-09 04:27:32.043872,151014,573798473.428134,16.384261965751648,,n2_r0 n3_r0 n3_r1 n6_r0 n7_r0 n7_r1 n8_r0,GRB,33.807778734746314,41.40950626977616,0.0,0.8,0.85,0.0
9,172757,573903160.130661,2019-03-10 09:32:35.130661,172819,573903410.501363,250.3707020282745,GRB_bn190310398,n0_r0 n0_r1 n1_r0 n1_r1 n2_r0 n2_r1 n3_r0 n3_r1 n4_r0 n4_r1 n5_r0 n5_r1 n6_r1 n7_r1 n8_r0 n8_r1 n9_r0 n9_r1 na_r0 na_r1 nb_r0 nb_r1,GRB,0.0,4.407220723613786,0.0,0.0,0.0,0.0
10,179476,573937104.708027,2019-03-10 18:58:19.708027,179479,573937112.9001591,8.192132115364075,,n5_r1 nb_r1,GRB,19.77501446510888,13.265789287544848,0.0,0.0,0.0,0.0
11,205425,574054358.06474,2019-03-12 03:32:33.064740,205439,574054411.3136501,53.24891018867493,,n0_r2 n3_r2 n5_r1 n5_r2 n6_r1 n6_r2 n8_r2 n9_r2 nb_r1 nb_r2,GRB,4.697517328611181,6.870965111208026,0.0,0.65,0.65,0.0
12,205677,574055390.2737119,2019-03-12 03:49:45.273712,205711,574055525.443817,135.17010509967804,,n0_r0 n0_r1 n1_r0 n2_r0 n2_r1 n3_r0 n3_r1 n4_r0 n5_r0 n5_r1 n6_r0 n7_r0 n7_r1 n8_r0 n8_r1 na_r0 nb_r0 nb_r1,GRB,47.80602016937821,66.80490560156738,0.0,0.95,0.95,0.0
13,210208,574080138.3553231,2019-03-12 10:42:13.355323,210214,574080159.3461411,20.99081802368164,GRB_bn190312446,n0_r0 n0_r1 n1_r1 n3_r0 n3_r1 n4_r0,GRB,0.0,6.457427689891169,0.0,0.0,0.0,0.0
14,261359,574319372.571028,2019-03-15 05:09:27.571028,261364,574319388.955294,16.384266018867493,,n6_r0 n6_r1 n9_r0,GF,0.0,5.40282966379054,3.67305949074074,0.0,0.25,0.25
15,266147,574345069.443512,2019-03-15 12:17:44.443512,266185,574345221.252696,151.80918407440186,GRB_bn190315512,n0_r1 n1_r1 n2_r1 n3_r1 n4_r1 n5_r1 n6_r1 n7_r0 n7_r1 n8_r1 n9_r0 n9_r1 na_r0 na_r1 nb_r0 nb_r1,GRB,0.0,7.84843820224719,6.312015012323547,0.0,0.05,0.05
16,269082,574359199.987376,2019-03-15 16:13:14.987376,269088,574359220.467704,20.48032808303833,,n0_r1 n1_r1 n3_r1 n5_r1 nb_r1,GF,0.0,14.989114011679616,10.786215186383796,0.0,0.1,0.1
17,295251,574477687.545779,2019-03-17 01:08:02.545779,295257,574477708.0261091,20.48033010959625,,nb_r0 nb_r1,SF,67.92806464641396,12.390079431708092,0.0,0.0,0.45,0.0
18,350314,574737260.9760339,2019-03-20 01:14:15.976034,350329,574737319.857045,58.8810111284256,GRB_bn190320052,n6_r1 n7_r1 n8_r1 n9_r1 na_r1 nb_r0 nb_r1,GRB,73.09076576111029,25.880784726134586,0.0,0.0,0.3,0.0
19,376856,574866998.951699,2019-03-21 13:16:33.951699,376864,574867027.624149,28.672449946403503,,n5_r1 nb_r1,GRB,12.20628162344983,9.633594944065097,0.0,0.7,0.55,0.0
20,378040,574872130.640015,2019-03-21 14:42:05.640015,378052,574872176.063043,45.423027992248535,SFLARE_bn190321613,n2_r0 n4_r0 n4_r1 n5_r0 n5_r1,GRB,7.335734251968504,6.262445526344264,0.0,0.0,0.0,0.0
21,409231,575018215.151962,2019-03-23 07:16:50.151962,409264,575018347.762314,132.61035192012787,GRB_bn190323303,n0_r1 n1_r1 n6_r0 n6_r1 n7_r1 n8_r1 n9_r0 n9_r1 n9_r2 na_r0 na_r1 nb_r0 nb_r1,GRB,12.554964612486543,34.87417724099585,0.0,0.8,0.85,0.0
22,420601,575067923.089176,2019-03-23 21:05:18.089176,420653,575068134.5485921,211.45941603183743,GRB_bn190323879,n0_r0 n0_r1 n0_r2 n1_r0 n1_r1 n1_r2 n2_r1 n3_r0 n3_r1 n3_r2 n4_r0 n4_r1 n4_r2 n5_r0 n5_r1 n5_r2 n6_r0 n6_r1 n6_r2 n7_r0 n7_r1 n7_r2 n8_r0 n8_r1 n9_r1 na_r0 na_r1 nb_r0 nb_r1,GRB,0.0,10.161361703709211,0.0,0.0,0.05,0.0
23,428198,575108478.213153,2019-03-24 08:21:13.213153,428251,575108691.2087021,212.99554908275604,GRB_bn190324348,n0_r0 n0_r1 n0_r2 n1_r0 n1_r1 n1_r2 n2_r0 n2_r1 n2_r2 n3_r1 n4_r1 n4_r2 n5_r0 n5_r1 n6_r1 n7_r1 n8_r0 n8_r1 n9_r0 n9_r1 n9_r2 na_r0 na_r1 na_r2 nb_r0 nb_r1,GRB,4.251700091435538,5.154500117453607,0.0,0.3,0.3,0.0
24,440174,575160262.996502,2019-03-24 22:44:17.996502,440220,575160447.319602,184.3230999708176,GRB_bn190324947,n0_r1 n2_r1 n6_r0 n6_r1 n6_r2 n7_r0 n7_r1 n7_r2 n8_r0 n8_r1 n9_r0 n9_r1 na_r0 na_r1 nb_r0 nb_r1,GRB,5.759178404669258,16.042850798722046,0.0,0.55,0.6,0.0
25,459213,575251144.388279,2019-03-25 23:58:59.388279,459299,575251485.5124259,341.124146938324,GRB_bn190325999,n0_r0 n0_r1 n0_r2 n1_r0 n1_r1 n2_r0 n2_r1 n2_r2 n3_r1 n4_r1 n5_r0 n5_r1 n5_r2 n9_r1 na_r1 nb_r1,GRB,0.0,4.776729757256831,0.0,0.0,0.0,0.0
26,466482,575289113.816601,2019-03-26 10:31:48.816601,466485,575289122.008735,8.192133903503418,,nb_r1,GRB,0.0,7.672000228440892,0.0,0.0,0.05,0.0
27,477038,575335488.6472781,2019-03-26 23:24:43.647278,477047,575335521.67023,33.02295196056366,GRB_bn190326975,n0_r1 n1_r1 n6_r1 n9_r0 n9_r1 na_r1,GRB,51.33990588978367,8.616169826779023,0.0,0.55,0.45,0.0
28,479088,575347158.5350131,2019-03-27 02:39:13.535013,479098,575347195.909948,37.37493491172791,GRB_bn190327111,n1_r1 n2_r1 n3_r1 n3_r2 n4_r1 n6_r1 n7_r1 n7_r2 n8_r1 n9_r1 na_r1,GRB,14.60360970426776,35.10979422783405,5.366403978159127,0.8,0.8,0.8
29,481890,575361365.375902,2019-03-27 06:36:00.375902,481894,575361377.664113,12.28821098804474,,n1_r1,GRB,48.19242890880044,107.30462892588965,12.775633346922136,0.85,0.9,0.9
30,484667,575374784.468979,2019-03-27 10:19:39.468979,484681,575374837.7178011,53.24882209300995,,nb_r1,GRB,24.113810450063728,70.40726567218263,8.991568773496244,0.85,0.9,0.95
31,545515,575656773.819233,2019-03-30 16:39:28.819233,545552,575656922.9404421,149.12120914459229,GRB_bn190330694,n0_r0 n0_r1 n0_r2 n1_r0 n1_r1 n2_r0 n2_r1 n2_r2 n3_r1 n4_r1 n5_r1 n6_r0 n6_r1 n8_r1 n9_r0 n9_r1 na_r0 na_r1 nb_r1,GRB,33.46402236511043,57.43630685805422,5.440353979426097,0.95,0.95,1.0
32,571127,575781624.2574949,2019-04-01 03:20:19.257495,571178,575781830.596786,206.33929109573364,GRB_bn190401139,n2_r1 n3_r0 n3_r1 n4_r0 n4_r1 n5_r1 n6_r0 n6_r1 n7_r0 n7_r1 n8_r0 n8_r1 n9_r0 n9_r1 na_r0 na_r1 nb_r0 nb_r1,GRB,10.843288798783572,35.04357057900389,7.244482247933884,0.9,0.9,0.95
33,574353,575796928.4847901,2019-04-01 07:35:23.484790,574354,575796928.4847901,0.0,,n6_r1 nb_r1,GRB,5.355113196814562,9.81072563980289,0.0,0.4,0.65,0.0
34,633856,576073467.0139041,2019-04-04 12:24:22.013904,633869,576073516.166702,49.15279793739319,,n0_r0 n0_r1 n1_r0 n1_r1 n2_r1 n3_r1 n5_r0 n5_r1,GRB,0.0,5.066038632986626,0.0,0.0,0.0,0.0
35,634496,576076088.4995221,2019-04-04 13:08:03.499522,634500,576076100.78774,12.288217902183533,,n9_r0 n9_r1 na_r1,GRB,4.160177759056441,10.8203406741573,0.0,0.25,0.7,0.0
36,635042,576078329.048334,2019-04-04 13:45:24.048334,635092,576078529.755377,200.7070430517197,,n0_r0 n0_r1 n1_r0 n1_r1 n2_r0 n2_r1 n3_r0 n3_r1 n4_r1 n5_r0 n5_r1 n6_r0 n6_r1 n7_r0 n7_r1 n8_r0 n8_r1 n9_r0 n9_r1 na_r1 nb_r0 nb_r1,GF,0.0,14.990637741435217,5.812286559263524,0.0,0.65,0.75
37,653189,576163975.3783721,2019-04-05 13:32:50.378372,653208,576164049.107494,73.72912192344666,,n2_r1 n3_r1 n4_r0 n4_r1 n5_r1 n7_r1 na_r1,GRB,0.0,3.925613671997491,0.0,0.0,0.65,0.0
38,669111,576240447.8862,2019-04-06 10:47:22.886200,669112,576240447.8862,0.0,GRB190406450,n3_r0 n3_r1 n4_r0,GRB,0.0,3.302905059989568,0.0,0.0,0.0,0.0
39,671344,576249596.942503,2019-04-06 13:19:51.942503,671372,576249707.536159,110.59365606307983,,n0_r0 n0_r1 n1_r1 n2_r1 n3_r1 n5_r0 n5_r1 n6_r0 n6_r1 n7_r0 n7_r1 n8_r1 n9_r0 n9_r1 nb_r0 nb_r1,GRB,0.0,5.7622602284227264,0.0,0.0,0.0,0.0
40,674684,576265956.6192131,2019-04-06 17:52:31.619213,674711,576266064.652897,108.03368389606476,GRB_bn190406745,n0_r1 n2_r1 n3_r0 n3_r1 n4_r0 n4_r1 n5_r1 n6_r1 n7_r1,GRB,14.652123127272729,36.2474698454893,8.97967053164557,0.8,1.0,1.0
41,682171,576304711.202073,2019-04-07 04:38:26.202073,682178,576304735.778492,24.57641899585724,,nb_r1,GRB,36.72150243265694,43.39080540111199,0.0,0.95,0.9,0.0
42,690165,576337724.219028,2019-04-07 13:48:39.219028,690168,576337732.793671,8.574643015861511,GRB_bn190407575,n3_r1 n6_r0 n6_r1 n9_r1,GRB,0.0,6.681059192375218,0.0,0.0,0.0,0.0
43,691891,576346054.054014,2019-04-07 16:07:29.054014,691896,576346070.948805,16.89479100704193,GRB_bn190407672,n6_r0 n6_r1 n7_r1 n9_r0 n9_r1 na_r0 na_r1 nb_r1,GRB,10.274337357528491,12.197537806398003,0.0,0.05,0.15,0.0
44,707797,576420696.0709361,2019-04-08 12:51:31.070936,707878,576421026.8278611,330.7569249868393,LOCLPAR_bn190408536,n0_r0 n0_r1 n1_r0 n1_r1 n2_r0 n2_r1 n3_r0 n3_r1 n4_r0 n4_r1 n5_r0 n5_r1 n6_r0 n6_r1 n7_r0 n7_r1 n8_r0 n8_r1 n9_r0 n9_r1 na_r0 na_r1 nb_r0 nb_r1,GRB,4.580738213171894,5.660521243842366,0.0,0.0,0.0,0.0
45,708116,576422006.331919,2019-04-08 13:13:21.331919,708146,576422125.1178219,118.78590297698976,,n0_r2 n1_r2 n5_r2 n6_r2 n9_r2 nb_r1 nb_r2,GRB,32.0654057367387,53.04853765936284,0.0,0.6,0.6,0.0
46,724000,576497717.6658759,2019-04-09 10:15:12.665876,724031,576497840.548008,122.88213205337524,,n0_r0 n1_r0 n2_r0 n6_r0 n9_r0 n9_r1 na_r0,GRB,10.1105429073857,17.81089055933451,0.0,0.1,0.0,0.0
47,740757,576577585.4812751,2019-04-10 08:26:20.481275,740759,576577589.577345,4.096069931983948,,n1_r0 n9_r0 n9_r1 na_r0 nb_r0,GRB,5.613871412169918,4.8123271960958345,0.0,0.0,0.0,0.0
48,760246,576668751.549222,2019-04-11 09:45:46.549222,760251,576668769.4695301,17.920308113098145,GRB_bn190411407,n0_r1 n0_r2 n1_r1 n1_r2 n2_r1 n2_r2 n6_r1 n6_r2 n8_r2 n9_r1 n9_r2 na_r1 na_r2,GRB,19.09076016126377,29.54859785157488,0.0,0.15,0.15,0.0
49,763605,576683641.2991,2019-04-11 13:53:56.299100,763627,576683728.8524021,87.55330204963684,GRB_bn190411579,n0_r1 n1_r0 n1_r1 n2_r0 n2_r1 n5_r0 n5_r1 n9_r1,GRB,10.941553316645807,19.46790212995417,0.0,0.4,0.65,0.0
50,771787,576726818.220988,2019-04-12 01:53:33.220988,771791,576726830.509196,12.2882080078125,,nb_r1,GRB,0.0,3.630483592814372,0.0,0.0,0.0,0.0
51,789972,576812501.524514,2019-04-13 01:41:36.524514,789984,576812546.581418,45.05690407752991,,n8_r1 n9_r1 nb_r1,GRB,0.0,5.97340538253216,0.0,0.0,0.0,0.0
52,815936,576929772.4975271,2019-04-14 10:16:07.497527,815951,576929829.842598,57.34507083892822,,n2_r2 n7_r2 n9_r2 na_r2 nb_r1 nb_r2,GRB,5.022105361429711,7.079029080874549,0.0,0.55,0.55,0.0
53,829072,576994191.42907,2019-04-15 04:09:46.429070,829123,576994397.815877,206.38680696487427,GRB_bn190415173,n0_r0 n0_r1 n0_r2 n1_r0 n1_r1 n1_r2 n2_r0 n2_r1 n2_r2 n3_r0 n3_r1 n3_r2 n4_r0 n4_r1 n4_r2 n5_r0 n5_r1 n5_r2 n6_r0 n6_r1 n6_r2 n7_r1 n7_r2 n8_r1 n8_r2 n9_r1 na_r0 na_r1 nb_r1,GRB,8.635683693171844,9.371670101229206,0.0,0.55,0.7,0.0
54,879610,577234629.176326,2019-04-17 22:57:04.176326,879612,577234633.2724099,4.096083879470825,,n5_r1 n5_r2 n7_r1 nb_r1,GRB,118.18248508470562,181.5341852163032,0.0,0.3,0.25,0.0
55,907304,577360545.2036531,2019-04-19 09:55:40.203653,907368,577360803.639827,258.43617391586304,GRB_bn190419414,n0_r0 n0_r1 n0_r2 n1_r0 n1_r1 n2_r0 n2_r1 n3_r1 n4_r1 n5_r1 n6_r0 n6_r1 n6_r2 n7_r1 n8_r1 n9_r0 n9_r1 n9_r2 na_r0 na_r1 nb_r1,GRB,0.0,13.421322451184682,9.313757082273115,0.0,0.1,0.15
56,929036,577465709.717224,2019-04-20 15:08:24.717224,929052,577465771.158476,61.44125199317932,,n4_r1 n8_r1,SF,18.344553330852253,7.016056426138125,0.0,0.0,0.25,0.0
57,934485,577492377.540127,2019-04-20 22:32:52.540127,934491,577492398.02057,20.480443000793457,,n6_r0 n6_r1 n7_r0 n7_r1 n8_r0 n9_r0 n9_r1 nb_r0 nb_r1,SF,32.39575340898692,11.610112641003266,0.0,0.25,0.2,0.0
58,935356,577495952.207299,2019-04-20 23:32:27.207299,935358,577495956.494206,4.286906957626343,GRB_bn190420981,n6_r1,GRB,35.56619853695526,12.859725292357064,0.0,0.2,0.1,0.0
59,966105,577641909.008729,2019-04-22 16:05:04.008729,966111,577641931.0252011,22.016472101211548,GRB_bn190422670,na_r1 nb_r1,GRB,38.77816017378712,13.86974995061566,0.0,0.15,0.05,0.0
60,968123,577652316.100524,2019-04-22 18:58:31.100524,968124,577652316.100524,0.0,,n0_r1 n2_r1 n2_r2 n4_r1 n9_r1 na_r1,SF,31.064470371305884,10.340632048374903,0.0,0.05,0.15,0.0
61,971483,577666566.6647191,2019-04-22 22:56:01.664719,971530,577666758.156421,191.4917018413544,GRB_bn190422957,n6_r0 n6_r1 n7_r0 n7_r1 n8_r0 n8_r1 nb_r1,GRB,0.0,13.7419276450512,10.796552885747944,0.0,0.7,0.7
62,987358,577742395.347401,2019-04-23 19:59:50.347401,987369,577742693.82614,298.4787390232086,,n2_r1 n2_r2 n4_r1 n5_r1 n5_r2 n6_r1 n6_r2 n8_r1 n8_r2 na_r1 nb_r1 nb_r2,GRB,11.261206804789962,17.966850395200456,0.0,0.05,0.75,0.0
63,1064684,578103374.861204,2019-04-28 00:16:09.861204,1064715,578103497.743333,122.88212895393372,,n0_r0 n0_r1 n1_r0 n1_r1 n2_r0 n2_r1 n3_r0 n3_r1 n4_r0 n4_r1 n5_r0 n5_r1 n6_r0 n6_r1 n7_r0 n7_r1 n8_r0 n8_r1 n9_r0 n9_r1 na_r0 na_r1 nb_r0 nb_r1,GRB,0.0,5.552978809967788,0.0,0.0,0.2,0.0
64,1078239,578170096.1801441,2019-04-28 18:48:11.180144,1078255,578170159.157114,62.976969957351685,GRB_bn190428783,n0_r0 n0_r1 n1_r0 n1_r1 n2_r1 n3_r0 n3_r1 n4_r1 n5_r0 n5_r1 na_r0 na_r1 nb_r1,GRB,0.0,9.381025071820316,0.0,0.0,0.0,0.0
65,1095169,578250226.331763,2019-04-29 17:03:41.331763,1095171,578250230.4278259,4.096062898635864,,n5_r1,GF,0.0,11.838589936934468,8.155348086192234,0.0,0.1,0.1
66,1095798,578252999.6745961,2019-04-29 17:49:54.674596,1095803,578253016.0588961,16.384299993515015,GRB_bn190429743,n9_r1 na_r1 nb_r1,GRB,27.34551397712833,106.11887268018988,35.73849086989601,0.75,0.95,0.95
67,1121127,578367480.2762821,2019-05-01 01:37:55.276282,1121140,578367529.429111,49.15282893180847,,n3_r2 n4_r2 n5_r1 n5_r2 n6_r1 n6_r2 n8_r2 n9_r2 nb_r1,GF,0.0,8.772843203172144,4.250898108632397,0.0,0.15,0.1
68,1141194,578462497.528154,2019-05-02 04:01:32.528154,1141201,578462522.167227,24.63907301425934,GRB_bn190502168,n0_r0 n0_r1 n3_r0 n3_r1 n4_r0 n4_r1 n6_r1 n7_r1,GRB,10.85618475728155,34.5541443213949,7.536603653989564,0.85,0.95,0.95
69,1181506,578656661.764602,2019-05-04 09:57:36.764602,1181512,578656682.755209,20.990607023239136,GRB_bn190504415,n3_r1 n4_r1,GRB,7.791497909010268,15.06065211391294,0.0,0.65,0.75,0.0
70,1215087,578812030.322161,2019-05-06 05:07:05.322161,1215155,578812303.734967,273.41280603408813,SFLARE_bn190506213,n0_r0 n0_r1 n1_r0 n1_r1 n2_r0 n2_r1 n3_r0 n3_r1 n4_r0 n4_r1 n5_r0 n5_r1,GRB,13.516754301355585,24.464918035011543,0.0,0.85,0.9,0.0
71,1221284,578843573.599868,2019-05-06 13:52:48.599868,1221322,578843725.154104,151.55423593521118,SFLARE_bn190506577,n0_r0 n1_r0 n2_r0 n3_r0 n4_r0 n5_r0 n5_r1,GRB,0.0,9.830879785522786,0.0,0.0,0.3,0.0
72,1224723,578857670.2786851,2019-05-06 17:47:45.278685,1224745,578857759.3682591,89.08957397937775,SFLARE_bn190506742,n1_r0 n1_r1 n2_r0 n2_r1 n3_r0 n3_r1 n4_r0 n4_r1 n5_r0 n5_r1,GRB,17.04681810427551,9.350920636308018,0.0,0.0,0.0,0.0
73,1229005,578875224.2078661,2019-05-06 22:40:19.207866,1229039,578875359.378275,135.1704089641571,,n0_r1 n0_r2 n1_r2 n2_r1 n2_r2 n3_r2 n4_r1 n4_r2 n5_r1 n5_r2 n6_r1 n6_r2 n7_r1 n7_r2 n8_r1 n8_r2 n9_r1 n9_r2 na_r2 nb_r1 nb_r2,GRB,0.0,3.739352005782436,0.0,0.0,0.55,0.0
74,1234238,578903304.718355,2019-05-07 06:28:19.718355,1234246,578903335.949329,31.23097407817841,GRB_bn190507270,n1_r1 n9_r0 n9_r1 na_r0 na_r1,GRB,0.0,7.400032970949923,0.0,0.0,0.45,0.0
75,1242651,578942118.232585,2019-05-07 17:15:13.232585,1242653,578942121.557142,3.324557065963745,GRB_bn190507712,na_r1,GRB,0.0,6.966602075154236,5.102591470054447,0.0,0.55,0.55
76,1247717,578963794.125768,2019-05-07 23:16:29.125768,1247768,578964000.464888,206.3391200304032,GRB_bn190507970,n0_r1 n1_r1 n6_r0 n6_r1 n7_r1 n8_r1 n9_r0 n9_r1 na_r0 na_r1 nb_r0 nb_r1,GRB,0.0,4.575723821039904,0.0,0.0,0.2,0.0
77,1262847,579036174.1204281,2019-05-08 19:22:49.120428,1262867,579036253.4817431,79.36131501197815,GRB_bn190508808,n6_r1 n7_r0 n7_r1 n8_r0 n8_r1 nb_r0 nb_r1,GRB,0.0,3.177400903614457,0.0,0.0,0.0,0.0
78,1270152,579073447.1113801,2019-05-09 05:44:02.111380,1270249,579073840.333675,393.2222949266434,SFLARE_bn190509239,n0_r0 n0_r1 n1_r0 n1_r1 n2_r0 n2_r1 n3_r0 n3_r1 n4_r0 n4_r1 n5_r0 n5_r1 n6_r0 n7_r0 n8_r0 na_r0 nb_r0,GRB,10.731687569264864,11.018974832353672,0.0,0.2,0.4,0.0
79,1291594,579175982.637909,2019-05-10 10:12:57.637909,1291688,579176371.7640159,389.1261068582535,GRB_bn190510430,n1_r1 n4_r0 n4_r1,GRB,0.0,16.549683710046793,8.867397119224186,0.0,0.15,0.1
80,1307861,579251671.919611,2019-05-11 07:14:26.919611,1307912,579251877.2337401,205.314129114151,GRB_bn190511302,n0_r0 n0_r1 n1_r0 n1_r1 n2_r0 n2_r1 n3_r0 n3_r1 n4_r1 n5_r1 n6_r0 n6_r1 n7_r0 n7_r1 n8_r0 n8_r1 n9_r0 n9_r1 na_r0 na_r1 nb_r1,GRB,33.830727013880654,32.8077509994289,0.0,0.3,0.25,0.0
81,1332393,579364804.209834,2019-05-12 14:39:59.209834,1332400,579364830.322258,26.11242401599884,TGF_bn190512623,n0_r0 n0_r1 n3_r1,TGF,10.426931488125746,25.769415616438355,0.0,0.9,0.9,0.0
82,1365428,579522666.104814,2019-05-14 10:31:01.104814,1365494,579522932.348782,266.24396789073944,,n0_r0 n0_r1 n1_r0 n1_r1 n2_r0 n2_r1 n3_r0 n3_r1 n4_r0 n4_r1 n5_r0 n5_r1 n6_r0 n6_r1 n7_r0 n7_r1 n8_r0 n8_r1 n9_r0 n9_r1 na_r0 na_r1 nb_r0 nb_r1,GRB,0.0,4.456172802960222,0.0,0.0,0.0,0.0
83,1366699,579527876.30041,2019-05-14 11:57:51.300410,1366717,579527945.933502,69.6330919265747,,n0_r0 n1_r0 n2_r0 n3_r0 n4_r0 n5_r0 n6_r0 n7_r0 n7_r1 n8_r0 n8_r1 n9_r0 na_r0 nb_r0,GRB,0.0,6.611127771574414,0.0,0.0,0.45,0.0
84,1366719,579527958.221707,2019-05-14 11:59:13.221707,1366977,579529010.909483,1052.6877759695053,,n0_r0 n0_r1 n1_r0 n1_r1 n2_r0 n2_r1 n3_r0 n3_r1 n4_r0 n4_r1 n5_r0 n5_r1 n6_r0 n6_r1 n7_r0 n7_r1 n8_r0 n8_r1 n9_r0 n9_r1 na_r0 na_r1 nb_r0 nb_r1,GF,0.0,12.174026185381232,7.479233534586859,0.0,0.0,0.0
85,1368261,579534278.450626,2019-05-14 13:44:33.450626,1368264,579534286.6427461,8.19212007522583,,n0_r0 n2_r0 n3_r0 n4_r0 n4_r1 n5_r0 n6_r0 n7_r0 n8_r0 n9_r0 na_r0 nb_r0,GF,0.0,14.619420997649517,8.876457973154364,0.0,0.0,0.0
86,1368267,579534303.0269921,2019-05-14 13:44:58.026992,1368431,579534970.684782,667.6577899456024,,n0_r0 n0_r1 n1_r0 n1_r1 n2_r0 n2_r1 n3_r0 n3_r1 n4_r0 n4_r1 n5_r0 n5_r1 n6_r0 n6_r1 n7_r0 n7_r1 n8_r0 n8_r1 n9_r0 n9_r1 na_r0 na_r1 nb_r0 nb_r1,GRB,10.48700993831392,10.77391335372069,0.0,0.65,0.55,0.0
87,1374616,579562905.141253,2019-05-14 21:41:40.141253,1374618,579562909.237312,4.096058964729309,TGF_bn190514901,n9_r0 n9_r1,TGF,0.0,5.928037146009562,0.0,0.0,0.35,0.0
88,1382204,579602210.387608,2019-05-15 08:36:45.387608,1382207,579602218.5797341,8.192126035690308,,n6_r1 n8_r1,SF,462.4183913172542,96.15975126595096,0.0,0.8,0.85,0.0
89,1388657,579629065.723707,2019-05-15 16:04:20.723707,1388662,579629082.108005,16.384298086166382,,n4_r0 n4_r1,SF,82.57741409392466,10.248418721911657,0.0,0.55,0.4,0.0
90,1400394,579687917.67521,2019-05-16 08:25:12.675210,1400397,579687925.8673351,8.192125082015991,,n6_r1 nb_r1,SF,69.1868576402321,13.881499580947068,0.0,0.4,0.45,0.0
91,1426343,579805151.017297,2019-05-17 16:59:06.017297,1426359,579805212.4583111,61.44101405143738,,n6_r2 n8_r1 n8_r2 n9_r2 na_r2 nb_r1 nb_r2,GF,0.0,28.879443456223395,19.54560667275356,0.0,0.0,0.05
92,1428229,579814213.892417,2019-05-17 19:30:08.892417,1428246,579814280.965415,67.072998046875,GRB_bn190517813,n0_r1 n1_r1 n4_r1 n6_r1 n7_r1 n8_r1 n9_r0 n9_r1 na_r0 na_r1 nb_r0 nb_r1,GRB,5.8481648991474335,8.669404513888892,0.0,0.6,0.6,0.0
93,1454778,579943498.760658,2019-05-19 07:24:53.760658,1454830,579943710.218695,211.458037018776,GRB_bn190519309,n0_r0 n0_r1 n1_r0 n1_r1 n2_r0 n2_r1 n3_r0 n3_r1 n4_r0 n4_r1 n5_r0 n5_r1 n7_r1 n8_r0 n8_r1 n9_r0 n9_r1 na_r0 na_r1 nb_r1,GRB,0.0,5.036192266380234,0.0,0.0,0.55,0.0
94,1461073,579969305.076604,2019-05-19 14:35:00.076604,1461081,579969333.749018,28.67241394519806,,n2_r1 n4_r0 n4_r1 n5_r1 n6_r0 n7_r0 n7_r1 n8_r0 n8_r1 na_r1 nb_r0,GRB,19.81332684761282,37.56275054778359,0.0,0.85,0.9,0.0
95,1471615,580023246.539628,2019-05-20 05:34:01.539628,1471621,580023267.019981,20.48035299777985,,n6_r0 n7_r1 n9_r0 n9_r1 na_r1 nb_r0 nb_r1,GRB,10.098396984318455,16.902099657263378,0.0,0.7,0.85,0.0
96,1477738,580048870.052515,2019-05-20 12:41:05.052515,1477753,580048927.397341,57.344825983047485,,n3_r1 n4_r0 n4_r1 n7_r0 n7_r1 n8_r0 n8_r1 na_r1 nb_r1,SF,95.59146872191262,13.013278218944969,0.0,0.65,0.65,0.0
97,1479200,580054862.595882,2019-05-20 14:20:57.595882,1479258,580055099.143384,236.5475019216537,LOCLPAR_bn190520598,n0_r0 n0_r1 n1_r0 n1_r1 n2_r0 n2_r1 n3_r0 n3_r1 n4_r0 n4_r1 n5_r0 n5_r1 n6_r0 n6_r1 n7_r0 n7_r1 n8_r0 n8_r1 n9_r0 n9_r1 na_r0 na_r1 nb_r0 nb_r1,SF,206.59611567299245,36.62766486354576,0.0,0.85,0.85,0.0
98,1490023,580109987.484606,2019-05-21 05:39:42.484606,1490032,580110341.722996,354.23838996887207,,n0_r1 n5_r1 n6_r0 n6_r1 n8_r1 n9_r1 nb_r1,GRB,3.537138220805564,4.118455506117908,0.0,0.0,0.05,0.0
99,1508243,580195706.880913,2019-05-22 05:28:21.880913,1508244,580195706.880913,0.0,,nb_r1,GRB,0.0,4.424021679148601,0.0,0.0,0.55,0.0
100,1515963,580227353.0716,2019-05-22 14:15:48.071600,1515965,580227357.167664,4.09606409072876,,nb_r1,GRB,29.587068320581203,63.5832312975682,0.0,0.9,0.9,0.0
101,1550192,580389354.140197,2019-05-24 11:15:49.140197,1550201,580389386.908753,32.768555998802185,,n3_r1 n7_r1,GRB,4.865351341069048,6.368805725567621,0.0,0.45,0.65,0.0
102,1559702,580437959.147786,2019-05-25 00:45:54.147786,1559703,580437959.147786,0.0,GRB_bn190525032,n0_r1,GRB,14.95480754443235,9.596581697054702,0.0,0.0,0.0,0.0
103,1579652,580532085.566926,2019-05-26 02:54:40.566926,1579657,580532101.951244,16.384317994117737,,n9_r1 nb_r1,GRB,85.77281463505695,53.382901701203686,0.0,0.3,0.25,0.0
104,1597818,580617740.396011,2019-05-27 02:42:15.396011,1597839,580618058.330843,317.93483197689056,,n5_r1 n5_r2 n6_r1 n7_r1 n8_r1 n8_r2 n9_r1 n9_r2 na_r1 nb_r1 nb_r2,SF,80.53562183289904,14.636606275449088,0.0,0.0,0.1,0.0
105,1623791,580735105.789026,2019-05-28 11:18:20.789026,1623792,580735105.789026,0.0,,nb_r1,SF,95.94401589702764,20.09951016232743,0.0,0.0,0.05,0.0
106,1632154,580779181.910072,2019-05-28 23:32:56.910072,1632159,580779198.294405,16.38433301448822,,n4_r0 n4_r1,SF,1607.1818215568865,526.142042362632,0.0,0.7,0.7,0.0
107,1641104,580816636.244783,2019-05-29 09:57:11.244783,1641106,580816640.340865,4.096081972122192,,n9_r0 na_r0 na_r1 nb_r0,SF,40.5786983778575,5.991641362994938,0.0,0.2,0.1,0.0
108,1641772,580819376.525655,2019-05-29 10:42:51.525655,1641844,580819667.347286,290.82163095474243,,n0_r0 n0_r1 n1_r0 n3_r0 n3_r1 n4_r0 n4_r1 n5_r0 n6_r0 n6_r1 n9_r0 n9_r1 na_r0 na_r1 nb_r0 nb_r1,SF,1153.1872346478026,199.68700374498567,0.0,0.4,0.4,0.0
109,1659778,580904350.064273,2019-05-30 10:19:05.064273,1659830,580904561.267473,211.2031999826432,GRB_bn190530430,n0_r0 n0_r1 n0_r2 n1_r0 n1_r1 n1_r2 n2_r0 n2_r1 n2_r2 n3_r0 n3_r1 n3_r2 n4_r0 n4_r1 n4_r2 n5_r0 n5_r1 n5_r2 n6_r1 n7_r1 n8_r1 n9_r0 n9_r1 n9_r2 na_r0 na_r1 na_r2 nb_r0 nb_r1 nb_r2,GRB,6.710641162405741,4.394526843953838,0.0,0.1,0.1,0.0
110,1675626,580980555.801218,2019-05-31 07:29:10.801218,1675648,580980643.3549709,87.55375289916992,GRB_bn190531312,n0_r0 n0_r1 n1_r0 n1_r1 n2_r0 n2_r1 n3_r0 n3_r1 n4_r1 n5_r0 n5_r1 n9_r1,GRB,0.0,6.898147185085246,0.0,0.0,0.0,0.0
111,1684658,581026207.285366,2019-05-31 20:10:02.285366,1684711,581026424.377731,217.0923649072647,GRB_bn190531840,n0_r0 n0_r1 n0_r2 n1_r0 n1_r1 n1_r2 n2_r1 n2_r2 n3_r0 n3_r1 n3_r2 n4_r0 n4_r1 n4_r2 n5_r0 n5_r1 n5_r2 n6_r0 n6_r1 n6_r2 n7_r0 n7_r1 n7_r2 n8_r0 n8_r1 n8_r2 n9_r1 na_r0 na_r1 nb_r0 nb_r1,GRB,5.033623074504873,4.091039923434509,0.0,0.25,0.25,0.0
112,1705682,581125579.4233961,2019-06-01 23:46:14.423396,1705691,581125612.192112,32.76871585845947,,nb_r1,GRB,0.0,6.229008082566524,0.0,0.0,0.0,0.0
113,1738954,581281470.47154,2019-06-03 19:04:25.471540,1738960,581281492.488036,22.016496062278748,GRB_bn190603795,n0_r1 n3_r0 n3_r1 n4_r0 n4_r1 n5_r0,GRB,0.0,4.962646950771492,0.0,0.0,0.05,0.0
114,1746767,581315294.810622,2019-06-04 04:28:09.810622,1746769,581315298.9067141,4.096092104911804,,n6_r1,GF,0.0,11.914266547123042,8.062385015904907,0.0,0.0,0.1
115,1751698,581337758.2148311,2019-06-04 10:42:33.214831,1751743,581337940.745676,182.5308449268341,GRB_bn190604446,n0_r1 n1_r1 n2_r1 n2_r2 n3_r0 n3_r1 n3_r2 n4_r0 n4_r1 n4_r2 n5_r1 n6_r0 n6_r1 n6_r2 n7_r0 n7_r1 n7_r2 n8_r0 n8_r1 n8_r2,GRB,13.312711026009262,21.50187505109689,0.0,0.9,0.9,0.0
116,1778967,581469754.359182,2019-06-05 23:22:29.359182,1778970,581469762.742026,8.382843971252441,GRB_bn190605974,n4_r1 n8_r1,GRB,61.87957147790055,101.0320960798681,0.0,0.95,0.95,0.0
117,1781202,581478909.5851669,2019-06-06 01:55:04.585167,1781214,581478956.5691721,46.98400521278381,GRB_bn190606080,n0_r0 n0_r1 n1_r0 n1_r1 n2_r1 n3_r1 n3_r2 n4_r1 n5_r0 n5_r1 n9_r1 na_r1,GRB,13.050058246199248,16.039791152064836,0.0,0.0,0.0,0.0
118,1789811,581520107.6989701,2019-06-06 13:21:42.698970,1789816,581520124.0833461,16.384376049041748,,n7_r0 n7_r1 n8_r0 n8_r1 nb_r0,GRB,7.484800470035252,9.81086236702128,0.0,0.3,0.3,0.0
119,1795361,581547686.0228131,2019-06-06 21:01:21.022813,1795364,581547694.214995,8.192181944847107,,n6_r2 nb_r1,GRB,10.916252578009914,15.46694157108851,0.0,0.0,0.1,0.0
120,1799404,581564571.5944741,2019-06-07 01:42:46.594474,1799414,581564608.713805,37.11933088302612,GRB_bn190607071,n6_r1 n7_r1 n9_r0 n9_r1 na_r0 na_r1 nb_r0 nb_r1,GRB,60.284810162727496,74.2679995304516,0.0,0.5,0.55,0.0
121,1816546,581645545.699758,2019-06-08 00:12:20.699758,1816584,581645697.5094471,151.8096890449524,GRB_bn190608009,n6_r1 n7_r1 n8_r1 n9_r1 na_r0 na_r1 nb_r0 nb_r1,GRB,5.458025561774289,14.076040717921256,0.0,0.05,0.05,0.0
122,1831674,581718164.323481,2019-06-08 20:22:39.323481,1831955,581719314.2991221,1149.975641131401,LOCLPAR_bn190608859,n0_r0 n0_r1 n1_r0 n1_r1 n2_r0 n2_r1 n3_r0 n3_r1 n4_r0 n4_r1 n5_r0 n5_r1 n6_r0 n6_r1 n7_r0 n7_r1 n8_r0 n8_r1 n9_r0 n9_r1 na_r0 na_r1 nb_r0 nb_r1,GRB,0.0,3.111855769230768,0.0,0.0,0.0,0.0
123,1837200,581740811.101176,2019-06-09 02:40:06.101176,1837201,581740811.101176,0.0,,n6_r0 n7_r0 n7_r1 n8_r0 n9_r0 nb_r0,GRB,0.0,4.713471282342905,0.0,0.0,0.05,0.0
124,1841018,581758421.5868111,2019-06-09 07:33:36.586811,1841074,581758649.943455,228.3566439151764,GRB190609315,n3_r1 n3_r2 n4_r1 n5_r1 n6_r0 n6_r1 n6_r2 n7_r0 n7_r1 n7_r2 n8_r0 n8_r1 n8_r2 n9_r0 n9_r1 n9_r2 na_r1 nb_r1 nb_r2,GRB,0.0,7.788343792325052,0.0,0.0,0.0,0.0
125,1866435,581882410.5244889,2019-06-10 18:00:05.524489,1866470,581882549.7912071,139.26671814918518,GRB_bn190610750,n0_r0 n0_r1 n1_r0 n1_r1 n2_r0 n2_r1 n5_r1 n6_r0 n6_r1 n7_r0 n7_r1 n8_r1 n9_r0 n9_r1 na_r0 na_r1 nb_r1,GRB,0.0,3.0970802187784874,0.0,0.0,0.0,0.0
126,1888839,581986071.1383371,2019-06-11 22:47:46.138337,1888907,581986347.4943401,276.3560029268265,GRB_bn190611950,n0_r1 n0_r2 n1_r0 n1_r1 n1_r2 n2_r0 n2_r1 n2_r2 n3_r1 n3_r2 n4_r0 n4_r1 n4_r2 n5_r0 n5_r1 n5_r2 n9_r1,GRB,0.0,3.2607029673590486,0.0,0.0,0.0,0.0
127,1893372,582004649.136301,2019-06-12 03:57:24.136301,1893377,582004667.056663,17.92036199569702,GRB_bn190612165,n4_r0 n4_r1 n8_r0 n8_r1,GRB,0.0,3.820337473634871,0.0,0.0,0.2,0.0
128,1903135,582055439.0238831,2019-06-12 18:03:54.023883,1903151,582055749.797756,310.77387285232544,,n3_r1 n4_r1 n5_r1 nb_r1,GF,0.0,21.062105260942765,7.989147906537007,0.0,0.15,0.25
129,1911909,582091646.818509,2019-06-13 04:07:21.818509,1911921,582091691.875435,45.05692601203919,GRB_bn190613172,n0_r0 n0_r1 n1_r0 n1_r1 n3_r0 n3_r1,GRB,0.0,4.669056285810584,0.0,0.0,0.0,0.0
130,1916272,582115623.513305,2019-06-13 10:46:58.513305,1916283,582115666.0101581,42.49685311317444,GRB_bn190613449,n3_r1 n4_r1 n5_r1 n6_r0 n6_r1 n7_r0 n7_r1 n8_r0 n8_r1 n9_r1 nb_r1,GRB,4.363271727172718,4.398490885072656,0.0,0.3,0.55,0.0
131,1929087,582172777.514097,2019-06-14 02:39:32.514097,1929088,582172777.514097,0.0,,n5_r1 n5_r2 nb_r2,SF,40.30724193285085,12.386113346028724,0.0,0.0,0.0,0.0
132,1956077,582304591.8603051,2019-06-15 15:16:26.860305,1956094,582304658.933351,67.0730459690094,GRB_bn190615636,n4_r1 n6_r1 n7_r1 n8_r0 n8_r1 nb_r0 nb_r1,GRB,77.34501306101393,28.116463572499807,0.0,0.05,0.55,0.0
133,2010897,582563228.8736961,2019-06-18 15:07:03.873696,2010914,582563470.893514,242.01981794834137,,n2_r1 n3_r1 n3_r2 n4_r2 n5_r1 n5_r2 n6_r1 n8_r1 nb_r1,GRB,36.81375660302483,23.75734384656366,0.0,0.0,0.0,0.0
134,2019013,582596669.495268,2019-06-19 00:24:24.495268,2019050,582596820.02546,150.53019201755524,GRB_bn190619018,n0_r0 n0_r1 n1_r1 n3_r0 n3_r1 n6_r0 n6_r1 n9_r0 n9_r1,GRB,33.54645985466942,23.638649666165623,0.0,0.05,0.0,0.0
135,2028572,582646564.266721,2019-06-19 14:15:59.266721,2028629,582646796.718557,232.4518359899521,GRB_bn190619595,n1_r1 n2_r0 n2_r1 n3_r1 n4_r1 n5_r0 n5_r1 n6_r1 n7_r0 n7_r1 n7_r2 n8_r0 n8_r1 n8_r2 n9_r0 n9_r1 na_r0 na_r1 nb_r0 nb_r1,GRB,10.66686784236882,12.734996758601074,0.0,0.0,0.0,0.0
136,2045409,582725415.296803,2019-06-20 12:10:10.296803,2045461,582725625.732342,210.4355390071869,GRB_bn190620507,n0_r0 n0_r1 n0_r2 n1_r0 n1_r1 n1_r2 n2_r0 n2_r1 n2_r2 n3_r0 n3_r1 n3_r2 n4_r0 n4_r1 n4_r2 n5_r0 n5_r1 n5_r2 n6_r0 n6_r1 n6_r2 n7_r0 n7_r1 n7_r2 n8_r0 n8_r1 n8_r2 n9_r1 na_r0 na_r1 nb_r1,GRB,0.0,3.1627220099911844,0.0,0.0,0.0,0.0
137,2100507,582985349.004204,2019-06-23 12:22:24.004204,2100513,582985369.484499,20.480294942855835,,n2_r1 n3_r1 n5_r1 n6_r1,GRB,219.59492536494344,739.6668523625666,225.4542645059061,0.95,0.95,0.95
138,2118706,583071014.324833,2019-06-24 12:10:09.324833,2118719,583071063.4775391,49.15270602703095,,n1_r1 n2_r1,GRB,12.161035846372686,28.17804915611816,0.0,0.9,0.85,0.0
139,2150966,583221989.245432,2019-06-26 06:06:24.245432,2150967,583221989.245432,0.0,GRB_bn190626254,n2_r0 n2_r1,GRB,45.40946129106364,170.4111576704546,33.160412382644,0.9,0.9,0.95
140,2186360,583388619.935779,2019-06-28 04:23:34.935779,2186362,583388624.031857,4.096078038215637,,n8_r1,GRB,0.0,6.244132874785056,0.0,0.0,0.0,0.0
141,2192542,583417859.808183,2019-06-28 12:30:54.808183,2192548,583417881.824545,22.01636207103729,GRB_bn190628521,na_r0 na_r1 nb_r0 nb_r1,GRB,8.32961283460379,7.745041717049576,0.0,0.35,0.55,0.0
142,2208278,583493108.388667,2019-06-29 09:25:03.388667,2208293,583493165.733542,57.34487497806549,,n0_r1 n0_r2 n6_r0 n8_r1 n9_r1 nb_r1 nb_r2,GRB,0.0,3.134520796197265,0.0,0.0,0.0,0.0
143,2234242,583610462.600395,2019-06-30 18:00:57.600395,2234246,583610474.888593,12.288197994232178,,n6_r2 nb_r1 nb_r2,GRB,20.233400186567163,56.64960136398636,11.407057312722944,0.95,0.95,1.0
