trig_ids,start_index,start_met,start_times,start_times_offset,end_index,end_met,end_times,catalog_triggers,trig_dets,sigma_r0,sigma_r1,sigma_r2,duration,qtl_cut_r0,qtl_cut_r1,qtl_cut_r2
0,8104,573124424.4956121,2019-03-01 09:13:39.495612,2019-03-01 09:12:58.534956,8124,573124506.416926,2019-03-01 09:15:01.416926,,n0_r2 n1_r2 n2_r2 n3_r2 n4_r2 n5_r2 n6_r2 n8_r1 n8_r2 n9_r2 na_r2 nb_r1 nb_r2,0.0,17.413094436781627,13.70287768724845,81.92131388187408,0.0,0.0,0.05
1,41799,573284724.164136,2019-03-03 05:45:19.164136,2019-03-03 05:45:19.164136,41820,573284812.228098,2019-03-03 05:46:47.228098,GRB190303240,n0_r0 n0_r1 n1_r0 n1_r1 n2_r0 n2_r1 n5_r0 n5_r1 na_r1,9.793490371113341,17.25379759481961,0.0,88.06396198272705,0.65,0.7,0.0
2,69921,573421046.294318,2019-03-04 19:37:21.294318,2019-03-04 19:37:15.662228,69924,573421060.1185551,2019-03-04 19:37:35.118555,GRB190304818,n4_r0 n4_r1,4.479042287075641,6.523666150670795,0.0,13.82423710823059,0.7,0.7,0.0
3,97778,573547171.270521,2019-03-06 06:39:26.270521,2019-03-06 06:36:50.620050,97794,573547236.807549,2019-03-06 06:40:31.807549,,n0_r0 n1_r0 n1_r1 n2_r0 n2_r1 n3_r0 n3_r1 n4_r0 n5_r0 n5_r1 n6_r0 n6_r1 n7_r0 n7_r1 n8_r0 n9_r0 na_r0 nb_r0 nb_r1,54.9673681513731,22.000460903676412,0.0,65.53702795505524,0.55,0.25,0.0
4,97812,573547310.53672,2019-03-06 06:41:45.536720,2019-03-06 06:38:41.213809,97821,573547347.4013059,2019-03-06 06:42:22.401306,,n0_r0 n1_r0 n2_r0 n3_r0 n4_r0 n5_r0 n6_r0 n7_r0 n8_r0 n9_r0 na_r0 nb_r0 nb_r1,88.0503460326249,23.750774442340553,0.0,36.864585876464844,0.05,0.25,0.0
5,97830,573547384.265892,2019-03-06 06:42:59.265892,2019-03-06 06:39:34.462647,97929,573547789.77634,2019-03-06 06:49:44.776340,,n0_r0 n0_r1 n1_r0 n1_r1 n3_r0 n3_r1 n4_r0 n4_r1 n5_r0 n5_r1 n6_r0 n6_r1 n7_r0 n7_r1 n8_r0 n9_r0 n9_r1 na_r0 na_r1 nb_r0 nb_r1,289.55378374699666,112.99254093710712,0.0,405.5104479789734,0.15,0.5,0.0
6,109210,573604667.66626,2019-03-06 22:37:42.666260,2019-03-06 22:37:28.842028,109251,573604837.14097,2019-03-06 22:40:32.140970,GRB190306943,n0_r1 n1_r0 n1_r1 n6_r0 n6_r1 n7_r1 n8_r1 n9_r0 n9_r1 na_r0 na_r1 nb_r0 nb_r1,16.93550800017828,27.364884191631607,0.0,169.47470998764038,0.35,0.8,0.0
7,109252,573604841.2370341,2019-03-06 22:40:36.237034,2019-03-06 22:37:28.842028,109257,573604861.717356,2019-03-06 22:40:56.717356,GRB190306943,n9_r0 n9_r1 na_r1,16.877020652013563,25.518807597562564,0.0,20.480321884155273,0.3,0.85,0.0
8,113596,573622644.0990701,2019-03-07 03:37:19.099070,2019-03-07 03:37:13.466977,113646,573622850.436799,2019-03-07 03:40:45.436799,GRB190307151,n0_r0 n0_r1 n1_r0 n1_r1 n2_r0 n2_r1 n3_r0 n3_r1 n4_r1 n5_r0 n5_r1 n8_r0 n8_r1 n9_r1 na_r0 na_r1 nb_r0 nb_r1,33.807778734746314,41.40950626977616,0.0,206.33772897720337,0.8,0.85,0.0
9,145485,573775817.1486499,2019-03-08 22:10:12.148650,2019-03-08 22:10:08.052586,145487,573775825.3407781,2019-03-08 22:10:20.340778,GRB190308923,n9_r1 nb_r1,0.0,4.407220723613786,0.0,8.19212818145752,0.0,0.0,0.0
10,151009,573798457.043872,2019-03-09 04:27:32.043872,2019-03-09 04:26:34.698958,151014,573798477.524198,2019-03-09 04:27:52.524198,,n2_r0 n3_r0 n3_r1 n6_r0 n7_r0 n7_r1 n8_r0,19.775014465108878,13.265789287544848,0.0,20.480326056480408,0.0,0.0,0.0
11,172757,573903160.130661,2019-03-10 09:32:35.130661,2019-03-10 09:32:23.352912,172761,573903177.025392,2019-03-10 09:32:52.025392,GRB190310398,n3_r1 n4_r1 n5_r0 n5_r1,4.697517328611181,6.870965111208026,0.0,16.894731044769287,0.65,0.65,0.0
12,172768,573903205.6978719,2019-03-10 09:33:20.697872,2019-03-10 09:33:16.601805,172819,573903414.5974321,2019-03-10 09:36:49.597432,GRB190310398,n0_r0 n0_r1 n1_r0 n1_r1 n2_r0 n2_r1 n3_r0 n3_r1 n4_r0 n4_r1 n5_r0 n5_r1 n6_r1 n7_r1 n8_r0 n8_r1 n9_r0 n9_r1 na_r0 na_r1 nb_r0 nb_r1,47.80602016937821,66.80490560156738,0.0,208.899560213089,0.95,0.95,0.0
13,179476,573937104.708027,2019-03-10 18:58:19.708027,2019-03-10 18:57:46.939485,179479,573937116.996233,2019-03-10 18:58:31.996233,,n5_r1 nb_r1,0.0,6.457427689891169,0.0,12.288205981254578,0.0,0.0,0.0
14,205425,574054358.06474,2019-03-12 03:32:33.064740,2019-03-12 03:31:31.623671,205429,574054374.4490161,2019-03-12 03:32:49.449016,,nb_r1 nb_r2,0.0,5.4028296637905395,3.6730594907407403,16.384276151657104,0.0,0.25,0.25
15,205431,574054382.6411531,2019-03-12 03:32:57.641153,2019-03-12 03:31:31.623671,205432,574054386.737222,2019-03-12 03:33:01.737222,,n0_r2 n6_r1 nb_r2,0.0,7.84843820224719,6.312015012323547,4.096068859100342,0.0,0.05,0.05
16,205434,574054394.9293591,2019-03-12 03:33:09.929359,2019-03-12 03:31:31.623671,205439,574054415.409719,2019-03-12 03:33:30.409719,,n0_r2 n3_r2 n5_r1 n5_r2 n6_r2 n8_r2 n9_r2 na_r2 nb_r2,0.0,14.989114011679616,10.786215186383796,20.48035991191864,0.0,0.1,0.1
17,205677,574055390.2737119,2019-03-12 03:49:45.273712,2019-03-12 03:46:57.335061,205678,574055394.369775,2019-03-12 03:49:49.369775,,n0_r0 n1_r0 n2_r0 n3_r0 n5_r0 n6_r0 n7_r0 n8_r0 nb_r0 nb_r1,67.92806464641396,12.390079431708093,0.0,4.096063137054443,0.0,0.45,0.0
18,205692,574055451.714665,2019-03-12 03:50:46.714665,2019-03-12 03:47:21.911442,205711,574055529.5398791,2019-03-12 03:52:04.539879,,n0_r0 n0_r1 n1_r0 n2_r0 n2_r1 n3_r0 n3_r1 n4_r0 n5_r0 n5_r1 n6_r0 n7_r0 n7_r1 n8_r0 n8_r1 na_r0 nb_r0,73.09076576111029,25.880784726134586,0.0,77.82521402835846,0.0,0.3,0.0
19,210208,574080138.3553231,2019-03-12 10:42:13.355323,2019-03-12 10:42:07.723230,210214,574080163.44221,2019-03-12 10:42:38.442210,GRB190312446,n0_r0 n0_r1 n1_r1 n3_r0 n3_r1 n4_r0,12.20628162344983,9.633594944065095,0.0,25.086886882781982,0.7,0.55,0.0
20,261359,574319372.571028,2019-03-15 05:09:27.571028,2019-03-15 05:08:54.802496,261364,574319393.051367,2019-03-15 05:09:48.051367,,n6_r0 n6_r1 n9_r0,7.335734251968504,6.262445526344264,0.0,20.48033905029297,0.0,0.0,0.0
21,266147,574345069.443512,2019-03-15 12:17:44.443512,2019-03-15 12:17:38.299403,266185,574345225.348767,2019-03-15 12:20:20.348767,GRB190315512,n0_r1 n1_r1 n2_r1 n3_r1 n4_r1 n5_r1 n6_r1 n7_r0 n7_r1 n8_r1 n9_r0 n9_r1 na_r0 na_r1 nb_r0 nb_r1,12.554964612486545,34.87417724099585,0.0,155.9052550792694,0.8,0.85,0.0
22,269082,574359199.987376,2019-03-15 16:13:14.987376,2019-03-15 16:12:54.507048,269088,574359579.7508711,2019-03-15 16:19:34.750871,,n0_r1 n1_r1 n3_r1 n5_r1 nb_r1,0.0,10.161361703709213,0.0,379.7634950876236,0.0,0.05,0.0
23,295251,574477687.545779,2019-03-17 01:08:02.545779,2019-03-17 01:07:54.353650,295257,574477712.122182,2019-03-17 01:08:27.122182,,nb_r0 nb_r1,4.251700091435538,5.154500117453607,0.0,24.57640302181244,0.3,0.3,0.0
24,350314,574737260.9760339,2019-03-20 01:14:15.976034,2019-03-20 01:13:58.055733,350329,574737323.9531231,2019-03-20 01:15:18.953123,GRB190320052,n6_r1 n7_r1 n8_r1 n9_r1 na_r1 nb_r0 nb_r1,5.759178404669258,16.042850798722046,0.0,62.977089166641235,0.55,0.6,0.0
25,376856,574866998.951699,2019-03-21 13:16:33.951699,2019-03-21 13:16:09.375329,376859,574867011.2399011,2019-03-21 13:16:46.239901,,nb_r1,0.0,4.776729757256831,0.0,12.288202047348022,0.0,0.0,0.0
26,376861,574867019.432025,2019-03-21 13:16:54.432025,2019-03-21 13:16:21.663514,376864,574867305.836801,2019-03-21 13:21:40.836801,,n5_r1 nb_r1,0.0,7.672000228440892,0.0,286.404776096344,0.0,0.05,0.0
27,378040,574872130.640015,2019-03-21 14:42:05.640015,2019-03-21 14:41:59.495913,378052,574872180.1591051,2019-03-21 14:42:55.159105,SFLARE19032161,n2_r0 n4_r0 n4_r1 n5_r0 n5_r1,51.33990588978367,8.616169826779023,0.0,49.51909005641937,0.55,0.45,0.0
28,409231,575018215.151962,2019-03-23 07:16:50.151962,2019-03-23 07:16:44.519864,409264,575018351.858386,2019-03-23 07:19:06.858386,GRB190323303,n0_r1 n1_r1 n6_r0 n6_r1 n7_r1 n8_r1 n9_r0 n9_r1 n9_r2 na_r0 na_r1 nb_r0 nb_r1,14.60360970426776,35.10979422783405,5.366403978159127,136.70642399787903,0.8,0.8,0.8
29,420601,575067923.089176,2019-03-23 21:05:18.089176,2019-03-23 21:05:18.089176,420653,575068138.644657,2019-03-23 21:08:53.644657,GRB190323879,n0_r0 n0_r1 n0_r2 n1_r0 n1_r1 n1_r2 n2_r1 n3_r0 n3_r1 n3_r2 n4_r0 n4_r1 n4_r2 n5_r0 n5_r1 n5_r2 n6_r0 n6_r1 n6_r2 n7_r0 n7_r1 n7_r2 n8_r0 n8_r1 n9_r1 na_r0 na_r1 nb_r0 nb_r1,48.19242890880044,107.30462892588965,12.775633346922136,215.55548095703125,0.85,0.9,0.9
30,428198,575108478.213153,2019-03-24 08:21:13.213153,2019-03-24 08:21:07.581054,428251,575108695.304769,2019-03-24 08:24:50.304769,GRB190324348,n0_r0 n0_r1 n0_r2 n1_r0 n1_r1 n1_r2 n2_r0 n2_r1 n2_r2 n3_r1 n4_r1 n4_r2 n5_r0 n5_r1 n6_r1 n7_r1 n8_r0 n8_r1 n9_r0 n9_r1 n9_r2 na_r0 na_r1 na_r2 nb_r0 nb_r1,24.113810450063728,70.40726567218263,8.991568773496244,217.09161603450775,0.85,0.9,0.95
31,440174,575160262.996502,2019-03-24 22:44:17.996502,2019-03-24 22:44:13.900427,440220,575160451.41567,2019-03-24 22:47:26.415670,GRB190324947,n0_r1 n2_r1 n6_r0 n6_r1 n6_r2 n7_r0 n7_r1 n7_r2 n8_r0 n8_r1 n9_r0 n9_r1 na_r0 na_r1 nb_r0 nb_r1,33.46402236511043,57.43630685805422,5.440353979426097,188.41916799545288,0.95,0.95,1.0
32,459213,575251144.388279,2019-03-25 23:58:59.388279,2019-03-25 23:58:53.244180,459253,575251301.189365,2019-03-26 00:01:36.189365,GRB190325999,n0_r0 n0_r1 n0_r2 n1_r0 n1_r1 n2_r0 n2_r1 n2_r2 n3_r1 n4_r1 n5_r0 n5_r1 n5_r2 n9_r1 na_r1 nb_r1,10.843288798783572,35.04357057900389,7.244482247933884,156.80108606815338,0.9,0.9,0.95
33,459288,575251444.551743,2019-03-26 00:03:59.551743,2019-03-26 00:03:55.455676,459299,575251489.608494,2019-03-26 00:04:44.608494,GRB190325999,n1_r1 n2_r0 n2_r1 n5_r1,5.355113196814562,9.81072563980289,0.0,45.056751012802124,0.4,0.65,0.0
34,466482,575289113.816601,2019-03-26 10:31:48.816601,2019-03-26 10:31:28.336286,466485,575289540.983904,2019-03-26 10:38:55.983904,,nb_r1,0.0,5.066038632986626,0.0,427.16730296611786,0.0,0.0,0.0
35,477038,575335488.6472781,2019-03-26 23:24:43.647278,2019-03-26 23:24:37.503187,477047,575335525.766291,2019-03-26 23:25:20.766291,GRB190326975,n0_r1 n1_r1 n6_r1 n9_r0 n9_r1 na_r1,4.160177759056441,10.8203406741573,0.0,37.11901295185089,0.25,0.7,0.0
36,479088,575347158.5350131,2019-03-27 02:39:13.535013,2019-03-27 02:38:45.372959,479098,575347200.006016,2019-03-27 02:39:55.006016,GRB190327111,n1_r1 n2_r1 n3_r1 n3_r2 n4_r1 n6_r1 n7_r1 n7_r2 n8_r1 n9_r1 na_r1,0.0,14.990637741435215,5.812286559263524,41.47100293636322,0.0,0.65,0.75
37,481890,575361365.375902,2019-03-27 06:36:00.375902,2019-03-27 06:35:39.895532,481894,575361381.760184,2019-03-27 06:36:16.760184,,n1_r1,0.0,3.925613671997491,0.0,16.384281992912292,0.0,0.65,0.0
38,484667,575374784.468979,2019-03-27 10:19:39.468979,2019-03-27 10:19:31.276855,484669,575374792.661105,2019-03-27 10:19:47.661105,,nb_r1,0.0,3.302905059989568,0.0,8.192126035690308,0.0,0.0,0.0
39,484678,575374829.5256771,2019-03-27 10:20:24.525677,2019-03-27 10:19:43.565042,484681,575375023.3373641,2019-03-27 10:23:38.337364,,nb_r1,0.0,5.7622602284227264,0.0,193.81168699264526,0.0,0.0,0.0
40,545515,575656773.819233,2019-03-30 16:39:28.819233,2019-03-30 16:39:28.819233,545552,575656927.036517,2019-03-30 16:42:02.036517,GRB190330694,n0_r0 n0_r1 n0_r2 n1_r0 n1_r1 n2_r0 n2_r1 n2_r2 n3_r1 n4_r1 n5_r1 n6_r0 n6_r1 n8_r1 n9_r0 n9_r1 na_r0 na_r1 nb_r1,14.652123127272729,36.2474698454893,8.97967053164557,153.2172840833664,0.8,1.0,1.0
41,571127,575781624.2574949,2019-04-01 03:20:19.257495,2019-04-01 03:20:13.625408,571178,575781834.6928501,2019-04-01 03:23:49.692850,GRB190401139,n2_r1 n3_r0 n3_r1 n4_r0 n4_r1 n5_r1 n6_r0 n6_r1 n7_r0 n7_r1 n8_r0 n8_r1 n9_r0 n9_r1 na_r0 na_r1 nb_r0 nb_r1,36.72150243265694,43.39080540111199,0.0,210.4353551864624,0.95,0.9,0.0
42,574353,575796928.4847901,2019-04-01 07:35:23.484790,2019-04-01 07:34:50.716230,574354,575796932.580858,2019-04-01 07:35:27.580858,,n6_r1 nb_r1,0.0,6.681059192375218,0.0,4.096067905426025,0.0,0.0,0.0
43,633856,576073467.0139041,2019-04-04 12:24:22.013904,2019-04-04 12:24:09.725704,633869,576073520.2627671,2019-04-04 12:25:15.262767,,n0_r0 n0_r1 n1_r0 n1_r1 n2_r1 n3_r1 n5_r0 n5_r1,10.274337357528493,12.197537806398005,0.0,53.248862981796265,0.05,0.15,0.0
44,634496,576076088.4995221,2019-04-04 13:08:03.499522,2019-04-04 13:07:55.307378,634500,576076104.8838121,2019-04-04 13:08:19.883812,,n9_r0 n9_r1 na_r1,4.580738213171894,5.660521243842366,0.0,16.384289979934692,0.0,0.0,0.0
45,635042,576078329.048334,2019-04-04 13:45:24.048334,2019-04-04 13:45:07.664076,635092,576078533.851439,2019-04-04 13:48:48.851439,,n0_r0 n0_r1 n1_r0 n1_r1 n2_r0 n2_r1 n3_r0 n3_r1 n4_r1 n5_r0 n5_r1 n6_r0 n6_r1 n7_r0 n7_r1 n8_r0 n8_r1 n9_r0 n9_r1 na_r1 nb_r0 nb_r1,32.0654057367387,53.04853765936284,0.0,204.8031049966812,0.6,0.6,0.0
46,653189,576163975.3783721,2019-04-05 13:32:50.378372,2019-04-05 13:32:42.186251,653208,576164053.203555,2019-04-05 13:34:08.203555,,n2_r1 n3_r1 n4_r0 n4_r1 n5_r1 n7_r1 na_r1,10.1105429073857,17.81089055933451,0.0,77.82518291473389,0.1,0.0,0.0
47,669111,576240447.8862,2019-04-06 10:47:22.886200,2019-04-06 10:47:12.132193,669112,576240452.492453,2019-04-06 10:47:27.492453,GRB190406450,n3_r0 n3_r1 n4_r0,5.613871412169918,4.8123271960958345,0.0,4.606253027915955,0.0,0.0,0.0
48,671344,576249596.942503,2019-04-06 13:19:51.942503,2019-04-06 13:19:47.846444,671372,576249711.632218,2019-04-06 13:21:46.632218,,n0_r0 n0_r1 n1_r1 n2_r1 n3_r1 n5_r0 n5_r1 n6_r0 n6_r1 n7_r0 n7_r1 n8_r1 n9_r0 n9_r1 nb_r0 nb_r1,19.09076016126377,29.54859785157488,0.0,114.68971502780914,0.15,0.15,0.0
49,674684,576265956.6192131,2019-04-06 17:52:31.619213,2019-04-06 17:52:25.987118,674711,576266068.74896,2019-04-06 17:54:23.748960,GRB190406745,n0_r1 n2_r1 n3_r0 n3_r1 n4_r0 n4_r1 n5_r1 n6_r1 n7_r1,10.941553316645809,19.46790212995417,0.0,112.12974691390991,0.4,0.65,0.0
50,682171,576304711.202073,2019-04-07 04:38:26.202073,2019-04-07 04:38:13.913847,682173,576304719.3942131,2019-04-07 04:38:34.394213,,nb_r1,0.0,3.6304835928143717,0.0,8.192140102386475,0.0,0.0,0.0
51,682174,576304723.490283,2019-04-07 04:38:38.490283,2019-04-07 04:38:13.913847,682178,576304739.874561,2019-04-07 04:38:54.874561,,nb_r1,0.0,5.97340538253216,0.0,16.384277939796448,0.0,0.0,0.0
52,690165,576337724.219028,2019-04-07 13:48:39.219028,2019-04-07 13:48:27.313323,690168,576337736.8897411,2019-04-07 13:48:51.889741,GRB190407575,n3_r1 n6_r0 n6_r1 n9_r1,5.022105361429711,7.079029080874549,0.0,12.670713067054749,0.55,0.55,0.0
53,691891,576346054.054014,2019-04-07 16:07:29.054014,2019-04-07 16:07:17.276371,691896,576346075.0448749,2019-04-07 16:07:50.044875,GRB190407672,n6_r0 n6_r1 n7_r1 n9_r0 n9_r1 na_r0 na_r1 nb_r1,8.635683693171844,9.371670101229206,0.0,20.99086093902588,0.55,0.7,0.0
54,707797,576420696.0709361,2019-04-08 12:51:31.070936,2019-04-08 12:51:14.686682,707878,576421030.92392,2019-04-08 12:57:05.923920,LOCLPAR1904085,n0_r0 n0_r1 n1_r0 n1_r1 n2_r0 n2_r1 n3_r0 n3_r1 n4_r0 n4_r1 n5_r0 n5_r1 n6_r0 n6_r1 n7_r0 n7_r1 n8_r0 n8_r1 n9_r0 n9_r1 na_r0 na_r1 nb_r0 nb_r1,118.18248508470562,181.53418521630317,0.0,334.8529839515686,0.3,0.25,0.0
55,708116,576422006.331919,2019-04-08 13:13:21.331919,2019-04-08 13:12:40.371266,708146,576422129.213887,2019-04-08 13:15:24.213887,,n0_r2 n1_r2 n5_r2 n6_r2 n9_r2 nb_r1 nb_r2,0.0,13.421322451184682,9.313757082273115,122.88196802139282,0.0,0.1,0.15
56,724000,576497717.6658759,2019-04-09 10:15:12.665876,2019-04-09 10:13:17.975903,724001,576497721.761945,2019-04-09 10:15:16.761945,,n1_r0 n9_r0 n9_r1 na_r0,18.344553330852253,7.016056426138125,0.0,4.096069097518921,0.0,0.25,0.0
57,724019,576497795.491227,2019-04-09 10:16:30.491227,2019-04-09 10:13:17.975903,724023,576497811.875504,2019-04-09 10:16:46.875504,,n0_r0 n1_r0 n2_r0 n6_r0 n9_r0 n9_r1 na_r0,32.39575340898692,11.610112641003266,0.0,16.38427698612213,0.25,0.2,0.0
58,724026,576497824.1637299,2019-04-09 10:16:59.163730,2019-04-09 10:13:38.456256,724027,576497828.259799,2019-04-09 10:17:03.259799,,n0_r0 n1_r0 n2_r0 n6_r0 n9_r0 n9_r1 na_r0,35.56619853695526,12.859725292357064,0.0,4.096069097518921,0.2,0.1,0.0
59,724030,576497840.548008,2019-04-09 10:17:15.548008,2019-04-09 10:13:54.840531,724031,576497844.6440771,2019-04-09 10:17:19.644077,,n0_r0 n1_r0 n2_r0 n9_r0 n9_r1 na_r0,38.778160173787114,13.86974995061566,0.0,4.096069097518921,0.15,0.05,0.0
60,740757,576577585.4812751,2019-04-10 08:26:20.481275,2019-04-10 08:22:55.677727,740759,576577593.673414,2019-04-10 08:26:28.673414,,n1_r0 n9_r0 n9_r1 na_r0 nb_r0,31.064470371305884,10.340632048374903,0.0,8.192138910293579,0.05,0.15,0.0
61,760246,576668751.549222,2019-04-11 09:45:46.549222,2019-04-11 09:45:36.821052,760251,576668773.565598,2019-04-11 09:46:08.565598,GRB190411407,n0_r1 n0_r2 n1_r1 n1_r2 n2_r1 n2_r2 n6_r1 n6_r2 n8_r2 n9_r1 n9_r2 na_r1 na_r2,0.0,13.7419276450512,10.796552885747944,22.01637601852417,0.0,0.7,0.7
62,763605,576683641.2991,2019-04-11 13:53:56.299100,2019-04-11 13:53:46.570958,763627,576683732.948461,2019-04-11 13:55:27.948461,GRB190411579,n0_r1 n1_r0 n1_r1 n2_r0 n2_r1 n5_r0 n5_r1 n9_r1,11.261206804789962,17.966850395200456,0.0,91.64936101436615,0.05,0.75,0.0
63,771787,576726818.220988,2019-04-12 01:53:33.220988,2019-04-12 01:52:56.356346,771791,576726834.605265,2019-04-12 01:53:49.605265,,nb_r1,0.0,5.552978809967788,0.0,16.38427698612213,0.0,0.2,0.0
64,789975,576812513.812754,2019-04-13 01:41:48.812754,2019-04-13 01:41:11.948012,789984,576812719.27363,2019-04-13 01:45:14.273630,,n9_r1 nb_r1,0.0,9.381025071820316,0.0,205.4608759880066,0.0,0.0,0.0
65,815936,576929772.4975271,2019-04-14 10:16:07.497527,2019-04-14 10:15:14.248533,815951,576929833.938674,2019-04-14 10:17:08.938674,,n2_r2 n7_r2 n8_r2 n9_r2 na_r2 nb_r1 nb_r2,0.0,11.838589936934468,8.155348086192234,61.44114685058594,0.0,0.1,0.1
66,829072,576994191.42907,2019-04-15 04:09:46.429070,2019-04-15 04:09:40.843574,829123,576994401.911959,2019-04-15 04:13:16.911959,GRB190415173,n0_r0 n0_r1 n0_r2 n1_r0 n1_r1 n1_r2 n2_r0 n2_r1 n2_r2 n3_r0 n3_r1 n3_r2 n4_r0 n4_r1 n4_r2 n5_r0 n5_r1 n5_r2 n6_r0 n6_r1 n6_r2 n7_r1 n7_r2 n8_r1 n8_r2 n9_r1 na_r0 na_r1 nb_r1,27.345513977128334,106.11887268018988,35.73849086989601,210.48288905620575,0.75,0.95,0.95
67,879610,577234629.176326,2019-04-17 22:57:04.176326,2019-04-17 22:56:10.927192,879612,577234966.8046991,2019-04-17 23:02:41.804699,,n5_r1 n5_r2 n7_r1 nb_r1,0.0,8.772843203172144,4.250898108632397,337.62837302684784,0.0,0.15,0.1
68,907304,577360545.2036531,2019-04-19 09:55:40.203653,2019-04-19 09:55:34.571537,907325,577360631.6041629,2019-04-19 09:57:06.604163,GRB190419414,n0_r0 n0_r1 n0_r2 n1_r0 n1_r1 n2_r0 n2_r1 n3_r1 n4_r1 n5_r1 n6_r0 n6_r1 n6_r2 n7_r1 n8_r1 n9_r0 n9_r1 n9_r2 na_r0 na_r1 nb_r1,10.85618475728155,34.5541443213949,7.536603653989564,86.40050983428955,0.85,0.95,0.95
69,907342,577360701.2376521,2019-04-19 09:58:16.237652,2019-04-19 09:58:08.045471,907352,577360742.198525,2019-04-19 09:58:57.198525,GRB190419414,n0_r1 n1_r0 n1_r1 n2_r0 n2_r1 n4_r1 n6_r1 n9_r0 n9_r1 na_r0 na_r1,7.791497909010268,15.060652113912939,0.0,40.96087288856506,0.65,0.75,0.0
70,907353,577360746.294611,2019-04-19 09:59:01.294611,2019-04-19 09:58:57.198525,907368,577360807.735913,2019-04-19 10:00:02.735913,GRB190419414,n0_r0 n0_r1 n1_r0 n1_r1 n2_r0 n2_r1 n4_r1 n6_r1 n8_r1 n9_r0 n9_r1 na_r0 na_r1 nb_r1,13.516754301355583,24.464918035011543,0.0,61.44130206108093,0.85,0.9,0.0
71,929036,577465709.717224,2019-04-20 15:08:24.717224,2019-04-20 15:08:16.525062,929052,577465775.2545561,2019-04-20 15:09:30.254556,,n4_r1 n8_r1,0.0,9.830879785522786,0.0,65.53733205795288,0.0,0.3,0.0
72,934485,577492377.540127,2019-04-20 22:32:52.540127,2019-04-20 22:32:44.347955,934491,577492402.116667,2019-04-20 22:33:17.116667,,n6_r0 n6_r1 n7_r0 n7_r1 n8_r0 n9_r0 n9_r1 nb_r0 nb_r1,17.04681810427551,9.350920636308018,0.0,24.576539993286133,0.0,0.0,0.0
73,935356,577495952.207299,2019-04-20 23:32:27.207299,2019-04-20 23:32:12.037816,935358,577495960.590286,2019-04-20 23:32:35.590286,GRB190420981,n6_r1,0.0,3.7393520057824357,0.0,8.382987022399902,0.0,0.55,0.0
74,966105,577641909.008729,2019-04-22 16:05:04.008729,2019-04-22 16:04:54.280525,966111,577641935.121297,2019-04-22 16:05:30.121297,GRB190422670,na_r1 nb_r1,0.0,7.400032970949923,0.0,26.112568020820618,0.0,0.45,0.0
75,968123,577652316.100524,2019-04-22 18:58:31.100524,2019-04-22 18:58:22.908332,968124,577652320.196609,2019-04-22 18:58:35.196609,,n0_r1 n2_r1 n2_r2 n9_r1 na_r1,0.0,6.966602075154236,5.102591470054447,4.096085071563721,0.0,0.55,0.55
76,971483,577666566.6647191,2019-04-22 22:56:01.664719,2019-04-22 22:55:57.568642,971489,577666591.2412009,2019-04-22 22:56:26.241201,GRB190422957,n8_r1,0.0,4.575723821039904,0.0,24.576481819152832,0.0,0.2,0.0
77,971514,577666693.643167,2019-04-22 22:58:08.643167,2019-04-22 22:58:04.547090,971516,577666701.835321,2019-04-22 22:58:16.835321,GRB190422957,n7_r1,0.0,3.1774009036144575,0.0,8.192153930664062,0.0,0.0,0.0
78,971517,577666707.467437,2019-04-22 22:58:22.467437,2019-04-22 22:58:04.547090,971530,577666762.252498,2019-04-22 22:59:17.252498,GRB190422957,n6_r0 n6_r1 n7_r0 n7_r1 n8_r0 n8_r1 nb_r1,10.731687569264864,11.018974832353672,0.0,54.78506100177765,0.2,0.4,0.0
79,987358,577742395.347401,2019-04-23 19:59:50.347401,2019-04-23 19:59:17.578739,987369,577742697.921838,2019-04-23 20:04:52.921838,,n2_r1 n2_r2 n4_r1 n5_r1 n5_r2 n6_r1 n6_r2 n8_r1 n8_r2 na_r1 nb_r1 nb_r2,0.0,16.549683710046793,8.867397119224186,302.57443702220917,0.0,0.15,0.1
80,1064684,578103374.861204,2019-04-28 00:16:09.861204,2019-04-28 00:15:53.476928,1064715,578103501.839403,2019-04-28 00:18:16.839403,,n0_r0 n0_r1 n1_r0 n1_r1 n2_r0 n2_r1 n3_r0 n3_r1 n4_r0 n4_r1 n5_r0 n5_r1 n6_r0 n6_r1 n7_r0 n7_r1 n8_r0 n8_r1 n9_r0 n9_r1 na_r0 na_r1 nb_r0 nb_r1,33.830727013880654,32.8077509994289,0.0,126.97819900512695,0.3,0.25,0.0
81,1078239,578170096.1801441,2019-04-28 18:48:11.180144,2019-04-28 18:48:05.548060,1078255,578170163.253175,2019-04-28 18:49:18.253175,GRB190428783,n0_r0 n0_r1 n1_r0 n1_r1 n2_r1 n3_r0 n3_r1 n4_r1 n5_r0 n5_r1 na_r0 na_r1 nb_r1,10.426931488125746,25.769415616438355,0.0,67.07303094863892,0.9,0.9,0.0
82,1095169,578250226.331763,2019-04-29 17:03:41.331763,2019-04-29 17:03:12.659313,1095170,578250230.4278259,2019-04-29 17:03:45.427826,,n5_r1,0.0,4.456172802960222,0.0,4.096062898635864,0.0,0.0,0.0
83,1095798,578252999.6745961,2019-04-29 17:49:54.674596,2019-04-29 17:49:39.314331,1095803,578253020.1549671,2019-04-29 17:50:15.154967,GRB190429743,n9_r1 na_r1 nb_r1,0.0,6.611127771574414,0.0,20.48037099838257,0.0,0.45,0.0
84,1121127,578367480.2762821,2019-05-01 01:37:55.276282,2019-05-01 01:37:10.219518,1121136,578367517.140908,2019-05-01 01:38:32.140908,,n3_r2 n5_r1 n5_r2 n6_r1 n6_r2 n8_r2 nb_r1,0.0,12.174026185381233,7.479233534586859,36.86462593078613,0.0,0.0,0.0
85,1121138,578367525.333044,2019-05-01 01:38:40.333044,2019-05-01 01:37:10.219518,1121140,578367533.525178,2019-05-01 01:38:48.525178,,n3_r2 n4_r2 n5_r2 n6_r2 n8_r2 n9_r2 nb_r1 nb_r2,0.0,14.619420997649515,8.876457973154364,8.192133903503418,0.0,0.0,0.0
86,1141194,578462497.528154,2019-05-02 04:01:32.528154,2019-05-02 04:01:20.302619,1141201,578462526.263293,2019-05-02 04:02:01.263293,GRB190502168,n0_r0 n0_r1 n3_r0 n3_r1 n4_r0 n4_r1 n6_r1 n7_r1,10.487009938313921,10.77391335372069,0.0,28.73513901233673,0.65,0.55,0.0
87,1181506,578656661.764602,2019-05-04 09:57:36.764602,2019-05-04 09:57:31.132512,1181512,578656686.851275,2019-05-04 09:58:01.851275,GRB190504415,n3_r1 n4_r1,0.0,5.928037146009562,0.0,25.08667302131653,0.0,0.35,0.0
88,1215087,578812030.322161,2019-05-06 05:07:05.322161,2019-05-06 05:06:55.195672,1215155,578812307.831038,2019-05-06 05:11:42.831038,SFLARE19050621,n0_r0 n0_r1 n1_r0 n1_r1 n2_r0 n2_r1 n3_r0 n3_r1 n4_r0 n4_r1 n5_r0 n5_r1,462.4183913172542,96.15975126595097,0.0,277.5088770389557,0.8,0.85,0.0
89,1221284,578843573.599868,2019-05-06 13:52:48.599868,2019-05-06 13:51:11.318445,1221322,578843729.2501631,2019-05-06 13:55:24.250163,SFLARE19050657,n0_r0 n1_r0 n2_r0 n3_r0 n4_r0 n5_r0 n5_r1,82.57741409392466,10.248418721911655,0.0,155.65029501914978,0.55,0.4,0.0
90,1224723,578857670.2786851,2019-05-06 17:47:45.278685,2019-05-06 17:47:28.894385,1224745,578857763.4643301,2019-05-06 17:49:18.464330,SFLARE19050674,n1_r0 n1_r1 n2_r0 n2_r1 n3_r0 n3_r1 n4_r0 n4_r1 n5_r0 n5_r1,69.1868576402321,13.881499580947068,0.0,93.1856449842453,0.4,0.45,0.0
91,1229005,578875224.2078661,2019-05-06 22:40:19.207866,2019-05-06 22:39:30.054992,1229039,578875363.474346,2019-05-06 22:42:38.474346,,n0_r1 n0_r2 n1_r2 n2_r1 n2_r2 n3_r2 n4_r1 n4_r2 n5_r1 n5_r2 n6_r1 n6_r2 n7_r1 n7_r2 n8_r1 n8_r2 n9_r1 n9_r2 na_r2 nb_r1 nb_r2,0.0,28.879443456223395,19.54560667275356,139.26647996902466,0.0,0.0,0.05
92,1234238,578903304.718355,2019-05-07 06:28:19.718355,2019-05-07 06:28:19.718355,1234246,578903340.045408,2019-05-07 06:28:55.045408,GRB190507270,n1_r1 n9_r0 n9_r1 na_r0 na_r1,5.8481648991474335,8.669404513888892,0.0,35.32705307006836,0.6,0.6,0.0
93,1242651,578942118.232585,2019-05-07 17:15:13.232585,2019-05-07 17:15:09.907773,1242653,578942125.652953,2019-05-07 17:15:20.652953,,na_r1,0.0,5.036192266380234,0.0,7.420368075370789,0.0,0.55,0.0
94,1247717,578963794.125768,2019-05-07 23:16:29.125768,2019-05-07 23:16:03.013378,1247768,578964004.560949,2019-05-07 23:19:59.560949,GRB190507970,n0_r1 n1_r1 n6_r0 n6_r1 n7_r1 n8_r1 n9_r0 n9_r1 na_r0 na_r1 nb_r0 nb_r1,19.81332684761282,37.56275054778359,0.0,210.43518102169037,0.85,0.9,0.0
95,1262847,579036174.1204281,2019-05-08 19:22:49.120428,2019-05-08 19:22:35.296205,1262867,579036257.5778091,2019-05-08 19:24:12.577809,GRB190508808,n6_r1 n7_r0 n7_r1 n8_r0 n8_r1 nb_r0 nb_r1,10.098396984318455,16.902099657263378,0.0,83.45738101005554,0.7,0.85,0.0
96,1270152,579073447.1113801,2019-05-09 05:44:02.111380,2019-05-09 05:43:51.680969,1270166,579073504.4562811,2019-05-09 05:44:59.456281,SFL190509239,n0_r0 n0_r1 n1_r0 n1_r1 n2_r0 n2_r1 n3_r0 n3_r1 n4_r0 n4_r1 n5_r0 n5_r1 n8_r0 na_r0 nb_r0,95.59146872191262,13.013278218944969,0.0,57.34490096569061,0.65,0.65,0.0
97,1270198,579073635.5303681,2019-05-09 05:47:10.530368,2019-05-09 05:43:45.727112,1270249,579073844.42974,2019-05-09 05:50:39.429740,SFL190509239,n0_r0 n0_r1 n1_r0 n1_r1 n2_r0 n2_r1 n3_r0 n3_r1 n4_r0 n4_r1 n5_r0 n5_r1 n6_r0 n7_r0 n8_r0 na_r0 nb_r0,206.59611567299243,36.62766486354576,0.0,208.8993718624115,0.85,0.85,0.0
98,1291594,579175982.637909,2019-05-10 10:12:57.637909,2019-05-10 10:12:53.541847,1291598,579175999.0221651,2019-05-10 10:13:14.022165,,n4_r0 n4_r1,3.537138220805564,4.118455506117908,0.0,16.38425600528717,0.0,0.05,0.0
99,1291685,579176363.333111,2019-05-10 10:19:18.333111,2019-05-10 10:19:06.283698,1291688,579176375.86008,2019-05-10 10:19:30.860080,GRB190510430,n1_r1,0.0,4.424021679148601,0.0,12.526968955993652,0.0,0.55,0.0
100,1307861,579251671.919611,2019-05-11 07:14:26.919611,2019-05-11 07:14:21.287517,1307912,579251881.3298091,2019-05-11 07:17:56.329809,GRB190511302,n0_r0 n0_r1 n1_r0 n1_r1 n2_r0 n2_r1 n3_r0 n3_r1 n4_r1 n5_r1 n6_r0 n6_r1 n7_r0 n7_r1 n8_r0 n8_r1 n9_r0 n9_r1 na_r0 na_r1 nb_r1,29.587068320581203,63.5832312975682,0.0,209.41019809246063,0.9,0.9,0.0
101,1332393,579364804.209834,2019-05-12 14:39:59.209834,2019-05-12 14:39:41.289554,1332400,579364834.4183221,2019-05-12 14:40:29.418322,GRB190512611,n0_r0 n0_r1 n3_r1,4.865351341069048,6.368805725567621,0.0,30.2084881067276,0.45,0.65,0.0
102,1365428,579522666.104814,2019-05-14 10:31:01.104814,2019-05-14 10:30:28.336314,1365432,579522682.489056,2019-05-14 10:31:17.489056,,n2_r0 n4_r0 n6_r0 n7_r0 n9_r0 n9_r1 na_r0 na_r1 nb_r0,14.95480754443235,9.596581697054702,0.0,16.384241938591003,0.0,0.0,0.0
103,1365434,579522690.681176,2019-05-14 10:31:25.681176,2019-05-14 10:30:28.336314,1365494,579522936.444841,2019-05-14 10:35:31.444841,,n0_r0 n0_r1 n1_r0 n1_r1 n2_r0 n2_r1 n3_r0 n3_r1 n4_r0 n4_r1 n5_r0 n5_r1 n6_r0 n6_r1 n7_r0 n7_r1 n8_r0 n8_r1 n9_r0 n9_r1 na_r0 na_r1 nb_r0 nb_r1,85.77281463505695,53.382901701203686,0.0,245.7636650800705,0.3,0.25,0.0
104,1366699,579527876.30041,2019-05-14 11:57:51.300410,2019-05-14 11:54:26.497127,1366703,579527892.684664,2019-05-14 11:58:07.684664,,n0_r0 n1_r0 n2_r0 n3_r0 n4_r0 n5_r0 n6_r0 n7_r0 n7_r1 n8_r0 n9_r0 nb_r0,80.53562183289904,14.636606275449088,0.0,16.384253978729248,0.0,0.1,0.0
105,1366714,579527937.7413759,2019-05-14 11:58:52.741376,2019-05-14 11:55:27.938110,1366717,579527950.029573,2019-05-14 11:59:05.029573,,n0_r0 n1_r0 n2_r0 n3_r0 n4_r0 n5_r0 n6_r0 n7_r0 n8_r0 n8_r1 n9_r0 na_r0 nb_r0,95.94401589702763,20.09951016232743,0.0,12.288197040557861,0.0,0.05,0.0
106,1366719,579527958.221707,2019-05-14 11:59:13.221707,2019-05-14 11:55:52.514512,1366977,579529015.005548,2019-05-14 12:16:50.005548,,n0_r0 n0_r1 n1_r0 n1_r1 n2_r0 n2_r1 n3_r0 n3_r1 n4_r0 n4_r1 n5_r0 n5_r1 n6_r0 n6_r1 n7_r0 n7_r1 n8_r0 n8_r1 n9_r0 n9_r1 na_r0 na_r1 nb_r0 nb_r1,1607.1818215568865,526.142042362632,0.0,1056.7838410139084,0.7,0.7,0.0
107,1368261,579534278.450626,2019-05-14 13:44:33.450626,2019-05-14 13:43:32.009704,1368264,579534290.738806,2019-05-14 13:44:45.738806,,n0_r0 n2_r0 n3_r0 n4_r0 n4_r1 n5_r0 n6_r0 n7_r0 n8_r0 n9_r0 na_r0 nb_r0,40.5786983778575,5.991641362994938,0.0,12.288179993629456,0.2,0.1,0.0
108,1368267,579534303.0269921,2019-05-14 13:44:58.026992,2019-05-14 13:43:40.201832,1368431,579534974.7808411,2019-05-14 13:56:09.780841,,n0_r0 n0_r1 n1_r0 n1_r1 n2_r0 n2_r1 n3_r0 n3_r1 n4_r0 n4_r1 n5_r0 n5_r1 n6_r0 n6_r1 n7_r0 n7_r1 n8_r0 n8_r1 n9_r0 n9_r1 na_r0 na_r1 nb_r0 nb_r1,1153.1872346478026,199.68700374498567,0.0,671.753849029541,0.4,0.4,0.0
109,1374616,579562905.141253,2019-05-14 21:41:40.141253,2019-05-14 21:40:55.084587,1374618,579562913.3333709,2019-05-14 21:41:48.333371,TGF190514901,n9_r0 n9_r1,6.710641162405741,4.394526843953838,0.0,8.192117929458618,0.1,0.1,0.0
110,1382204,579602210.387608,2019-05-15 08:36:45.387608,2019-05-15 08:36:20.811213,1382207,579602625.0587481,2019-05-15 08:43:40.058748,,n6_r1 n8_r1,0.0,6.898147185085246,0.0,414.6711400747299,0.0,0.0,0.0
111,1388657,579629065.723707,2019-05-15 16:04:20.723707,2019-05-15 16:04:16.627637,1388662,579629086.204075,2019-05-15 16:04:41.204075,,n4_r0 n4_r1,5.033623074504873,4.091039923434509,0.0,20.48036801815033,0.25,0.25,0.0
112,1400394,579687917.67521,2019-05-16 08:25:12.675210,2019-05-16 08:24:48.098833,1400397,579687929.9634061,2019-05-16 08:25:24.963406,,n6_r1 nb_r1,0.0,6.229008082566524,0.0,12.288196086883545,0.0,0.0,0.0
113,1426343,579805151.017297,2019-05-17 16:59:06.017297,2019-05-17 16:58:37.344827,1426347,579805167.401569,2019-05-17 16:59:22.401569,,n8_r1,0.0,4.962646950771492,0.0,16.38427197933197,0.0,0.05,0.0
114,1426356,579805204.2661791,2019-05-17 16:59:59.266179,2019-05-17 16:58:37.344827,1426359,579805216.554378,2019-05-17 17:00:11.554378,,n6_r2 n8_r2 n9_r2 na_r2 nb_r1 nb_r2,0.0,11.914266547123042,8.062385015904907,12.288198947906494,0.0,0.0,0.1
115,1428229,579814213.892417,2019-05-17 19:30:08.892417,2019-05-17 19:30:03.260335,1428246,579814285.0614821,2019-05-17 19:31:20.061482,GRB190517813,n0_r1 n1_r1 n4_r1 n6_r1 n7_r1 n8_r1 n9_r0 n9_r1 na_r0 na_r1 nb_r0 nb_r1,13.312711026009262,21.501875051096892,0.0,71.169065117836,0.9,0.9,0.0
116,1454778,579943498.760658,2019-05-19 07:24:53.760658,2019-05-19 07:24:48.126913,1454830,579943714.314765,2019-05-19 07:28:29.314765,GRB190519309,n0_r0 n0_r1 n1_r0 n1_r1 n2_r0 n2_r1 n3_r0 n3_r1 n4_r0 n4_r1 n5_r0 n5_r1 n7_r1 n8_r0 n8_r1 n9_r0 n9_r1 na_r0 na_r1 nb_r1,61.87957147790055,101.0320960798681,0.0,215.5541069507599,0.95,0.95,0.0
117,1461073,579969305.076604,2019-05-19 14:35:00.076604,2019-05-19 14:34:39.596294,1461081,579969337.845078,2019-05-19 14:35:32.845078,,n2_r1 n4_r0 n4_r1 n5_r1 n6_r0 n7_r0 n7_r1 n8_r0 n8_r1 na_r1 nb_r0,13.050058246199248,16.039791152064836,0.0,32.768473982810974,0.0,0.0,0.0
118,1471615,580023246.539628,2019-05-20 05:34:01.539628,2019-05-20 05:33:49.251422,1471621,580023271.1160591,2019-05-20 05:34:26.116059,,n6_r0 n7_r1 n9_r0 n9_r1 na_r1 nb_r0 nb_r1,7.484800470035252,9.810862367021281,0.0,24.576431035995483,0.3,0.3,0.0
119,1477738,580048870.052515,2019-05-20 12:41:05.052515,2019-05-20 12:41:00.956450,1477753,580048931.493399,2019-05-20 12:42:06.493399,,n3_r1 n4_r0 n4_r1 n7_r0 n7_r1 n8_r0 n8_r1 na_r1 nb_r1,10.916252578009914,15.46694157108851,0.0,61.44088399410248,0.0,0.1,0.0
120,1479200,580054862.595882,2019-05-20 14:20:57.595882,2019-05-20 14:20:53.499823,1479258,580055103.239444,2019-05-20 14:24:58.239444,LOCLPAR1905205,n0_r0 n0_r1 n1_r0 n1_r1 n2_r0 n2_r1 n3_r0 n3_r1 n4_r0 n4_r1 n5_r0 n5_r1 n6_r0 n6_r1 n7_r0 n7_r1 n8_r0 n8_r1 n9_r0 n9_r1 na_r0 na_r1 nb_r0 nb_r1,60.284810162727496,74.2679995304516,0.0,240.64356195926666,0.5,0.55,0.0
121,1490023,580109987.484606,2019-05-21 05:39:42.484606,2019-05-21 05:39:34.292475,1490032,580110345.818685,2019-05-21 05:45:40.818685,,n0_r1 n5_r1 n6_r0 n6_r1 n8_r1 n9_r1 nb_r1,5.458025561774289,14.076040717921257,0.0,358.3340790271759,0.05,0.05,0.0
122,1508243,580195706.880913,2019-05-22 05:28:21.880913,2019-05-22 05:28:13.688783,1508244,580195710.976986,2019-05-22 05:28:25.976986,,nb_r1,0.0,3.111855769230768,0.0,4.096073031425476,0.0,0.0,0.0
123,1515963,580227353.0716,2019-05-22 14:15:48.071600,2019-05-22 14:14:42.534563,1515965,580227361.263727,2019-05-22 14:15:56.263727,,nb_r1,0.0,4.713471282342905,0.0,8.192126989364624,0.0,0.05,0.0
124,1550192,580389354.140197,2019-05-24 11:15:49.140197,2019-05-24 11:15:36.851971,1550201,580389391.004832,2019-05-24 11:16:26.004832,,n3_r1 n7_r1,0.0,7.788343792325052,0.0,36.86463499069214,0.0,0.0,0.0
125,1559702,580437959.147786,2019-05-25 00:45:54.147786,2019-05-25 00:45:44.244941,1559703,580437963.2438459,2019-05-25 00:45:58.243846,GRB190525032,n0_r1,0.0,3.0970802187784874,0.0,4.0960599184036255,0.0,0.0,0.0
126,1579652,580532085.566926,2019-05-26 02:54:40.566926,2019-05-26 02:54:32.374768,1579653,580532089.6630061,2019-05-26 02:54:44.663006,,n9_r1,0.0,3.2607029673590486,0.0,4.09608006477356,0.0,0.0,0.0
127,1579656,580532101.951244,2019-05-26 02:54:56.951244,2019-05-26 02:54:32.374768,1579657,580532106.047333,2019-05-26 02:55:01.047333,,nb_r1,0.0,3.8203374736348708,0.0,4.096089005470276,0.0,0.2,0.0
128,1597818,580617740.396011,2019-05-27 02:42:15.396011,2019-05-27 02:41:54.915581,1597839,580618062.426582,2019-05-27 02:47:37.426582,,n5_r1 n5_r2 n6_r1 n7_r1 n8_r1 n8_r2 n9_r1 n9_r2 na_r1 nb_r1 nb_r2,0.0,21.062105260942765,7.989147906537007,322.0305709838867,0.0,0.15,0.25
129,1623791,580735105.789026,2019-05-28 11:18:20.789026,2019-05-28 11:17:35.732159,1623792,580735109.885103,2019-05-28 11:18:24.885103,,nb_r1,0.0,4.6690562858105835,0.0,4.096076965332031,0.0,0.0,0.0
130,1632154,580779181.910072,2019-05-28 23:32:56.910072,2019-05-28 23:32:40.525758,1632159,580779202.390484,2019-05-28 23:33:17.390484,,n4_r0 n4_r1,4.363271727172718,4.398490885072656,0.0,20.480412006378174,0.3,0.55,0.0
131,1641104,580816636.244783,2019-05-29 09:57:11.244783,2019-05-29 09:53:46.440571,1641106,580816644.436947,2019-05-29 09:57:19.436947,,n9_r0 na_r0 na_r1 nb_r0,40.30724193285085,12.386113346028724,0.0,8.192163944244385,0.0,0.0,0.0
132,1641772,580819376.525655,2019-05-29 10:42:51.525655,2019-05-29 10:39:26.721620,1641811,580819536.272764,2019-05-29 10:45:31.272764,,n0_r0 n0_r1 n1_r0 n3_r0 n3_r1 n4_r0 n4_r1 n5_r0 n6_r0 n6_r1 n9_r0 n9_r1 na_r0 na_r1 nb_r0 nb_r1,77.34501306101393,28.116463572499807,0.0,159.74710893630981,0.05,0.55,0.0
133,1641822,580819581.329632,2019-05-29 10:46:16.329632,2019-05-29 10:42:59.717813,1641824,580819589.521786,2019-05-29 10:46:24.521786,,n3_r0 n3_r1 n4_r0 n6_r0 na_r0 na_r1,36.81375660302483,23.75734384656366,0.0,8.192153930664062,0.0,0.0,0.0
134,1641826,580819597.71394,2019-05-29 10:46:32.713940,2019-05-29 10:43:20.198221,1641829,580819610.0021801,2019-05-29 10:46:45.002180,,n3_r0 n4_r0 n9_r1 na_r1,33.54645985466942,23.638649666165623,0.0,12.28824007511139,0.05,0.0,0.0
135,1641831,580819618.194345,2019-05-29 10:46:53.194345,2019-05-29 10:46:40.906094,1641841,580819659.155132,2019-05-29 10:47:34.155132,,n3_r0 n4_r0 n5_r0 n6_r1 n9_r0 n9_r1 na_r0,10.66686784236882,12.734996758601074,0.0,40.96078705787659,0.0,0.0,0.0
136,1641843,580819667.347286,2019-05-29 10:47:42.347286,2019-05-29 10:47:34.155132,1641844,580819671.443362,2019-05-29 10:47:46.443362,,na_r1,0.0,3.1627220099911844,0.0,4.096076011657715,0.0,0.0,0.0
137,1659778,580904350.064273,2019-05-30 10:19:05.064273,2019-05-30 10:18:46.886708,1659830,580904565.3635551,2019-05-30 10:22:40.363555,GRB190530430,n0_r0 n0_r1 n0_r2 n1_r0 n1_r1 n1_r2 n2_r0 n2_r1 n2_r2 n3_r0 n3_r1 n3_r2 n4_r0 n4_r1 n4_r2 n5_r0 n5_r1 n5_r2 n6_r1 n7_r1 n8_r1 n9_r0 n9_r1 n9_r2 na_r0 na_r1 na_r2 nb_r0 nb_r1 nb_r2,219.59492536494344,739.6668523625666,225.4542645059061,215.2992820739746,0.95,0.95,0.95
138,1675626,580980555.801218,2019-05-31 07:29:10.801218,2019-05-31 07:29:05.169108,1675648,580980647.45105,2019-05-31 07:30:42.451050,GRB190531312,n0_r0 n0_r1 n1_r0 n1_r1 n2_r0 n2_r1 n3_r0 n3_r1 n4_r1 n5_r0 n5_r1 n9_r1,12.161035846372686,28.178049156118153,0.0,91.64983201026917,0.9,0.85,0.0
139,1684658,581026207.285366,2019-05-31 20:10:02.285366,2019-05-31 20:09:54.093206,1684711,581026428.473812,2019-05-31 20:13:43.473812,GRB190531840,n0_r0 n0_r1 n0_r2 n1_r0 n1_r1 n1_r2 n2_r1 n2_r2 n3_r0 n3_r1 n3_r2 n4_r0 n4_r1 n4_r2 n5_r0 n5_r1 n5_r2 n6_r0 n6_r1 n6_r2 n7_r0 n7_r1 n7_r2 n8_r0 n8_r1 n8_r2 n9_r1 na_r0 na_r1 nb_r0 nb_r1,45.40946129106364,170.4111576704546,33.160412382644,221.18844592571259,0.9,0.9,0.95
140,1705682,581125579.4233961,2019-06-01 23:46:14.423396,2019-06-01 23:46:06.231223,1705691,581125775.24439,2019-06-01 23:49:30.244390,,nb_r1,0.0,6.2441328747850555,0.0,195.82099390029907,0.0,0.0,0.0
141,1738954,581281470.47154,2019-06-03 19:04:25.471540,2019-06-03 19:04:19.839405,1738960,581281496.5841271,2019-06-03 19:04:51.584127,GRB190603795,n0_r1 n3_r0 n3_r1 n4_r0 n4_r1 n5_r0,8.32961283460379,7.745041717049576,0.0,26.112587094306946,0.35,0.55,0.0
142,1746767,581315294.810622,2019-06-04 04:28:09.810622,2019-06-04 04:28:05.714530,1746769,581315303.0028181,2019-06-04 04:28:18.002818,,n6_r1,0.0,3.134520796197265,0.0,8.192196130752563,0.0,0.0,0.0
143,1751698,581337758.2148311,2019-06-04 10:42:33.214831,2019-06-04 10:42:33.214831,1751743,581337944.841768,2019-06-04 10:45:39.841768,GRB190604446,n0_r1 n1_r1 n2_r1 n2_r2 n3_r0 n3_r1 n3_r2 n4_r0 n4_r1 n4_r2 n5_r1 n6_r0 n6_r1 n6_r2 n7_r0 n7_r1 n7_r2 n8_r0 n8_r1 n8_r2,20.233400186567163,56.64960136398636,11.407057312722943,186.62693691253662,0.95,0.95,1.0
144,1778967,581469754.359182,2019-06-05 23:22:29.359182,2019-06-05 23:22:23.215044,1778970,581469766.838118,2019-06-05 23:22:41.838118,GRB190605974,n4_r1 n8_r1,0.0,5.369958310016785,0.0,12.478935956954956,0.0,0.35,0.0
145,1781202,581478909.5851669,2019-06-06 01:55:04.585167,2019-06-06 01:54:51.151872,1781214,581478960.6652591,2019-06-06 01:55:55.665259,GRB190606080,n0_r0 n0_r1 n1_r0 n1_r1 n2_r1 n3_r1 n3_r2 n4_r1 n5_r0 n5_r1 n9_r1 na_r1,6.893327529021557,23.570657960544583,5.611794493006995,51.08009219169617,0.9,0.9,0.9
146,1789811,581520107.6989701,2019-06-06 13:21:42.698970,2019-06-06 13:21:34.506794,1789816,581520128.1794341,2019-06-06 13:22:03.179434,,n7_r0 n7_r1 n8_r0 n8_r1 nb_r0,10.014685904550502,7.311849342323426,0.0,20.480463981628418,0.0,0.0,0.0
147,1795361,581547686.0228131,2019-06-06 21:01:21.022813,2019-06-06 21:00:48.254119,1795364,581547698.3110809,2019-06-06 21:01:33.311081,,n6_r2 nb_r1,0.0,5.851237634808478,4.170702268990465,12.288267850875854,0.0,0.15,0.0
148,1799404,581564571.5944741,2019-06-07 01:42:46.594474,2019-06-07 01:42:40.450347,1799414,581564612.80989,2019-06-07 01:43:27.809890,GRB190607071,n6_r1 n9_r0 n9_r1 na_r0 na_r1 nb_r0 nb_r1,8.510248388042205,11.714412799167544,0.0,41.215415954589844,0.45,0.35,0.0
149,1816546,581645545.699758,2019-06-08 00:12:20.699758,2019-06-08 00:12:05.593859,1816584,581645701.605533,2019-06-08 00:14:56.605533,GRB190608009,n6_r1 n7_r1 n8_r1 n9_r1 na_r0 na_r1 nb_r0 nb_r1,10.355742167437082,30.854477155060838,0.0,155.90577495098114,0.5,0.75,0.0
150,1831674,581718164.323481,2019-06-08 20:22:39.323481,2019-06-08 20:19:14.519332,1831955,581719318.395205,2019-06-08 20:41:53.395205,LOCLPAR1906088,n0_r0 n0_r1 n1_r0 n1_r1 n2_r0 n2_r1 n3_r0 n3_r1 n4_r0 n4_r1 n5_r0 n5_r1 n6_r0 n6_r1 n7_r0 n7_r1 n8_r0 n8_r1 n9_r0 n9_r1 na_r0 na_r1 nb_r0 nb_r1,1462.7861280474633,482.43457420665897,0.0,1154.0717240571976,0.6,0.6,0.0
151,1837200,581740811.101176,2019-06-09 02:40:06.101176,2019-06-09 02:36:45.393148,1837201,581740815.197256,2019-06-09 02:40:10.197256,,n6_r0 n7_r0 n7_r1 n8_r0 n9_r0 nb_r0,41.030169107246856,14.511667008578883,0.0,4.09607994556427,0.0,0.0,0.0
152,1841018,581758421.5868111,2019-06-09 07:33:36.586811,2019-06-09 07:33:32.490730,1841074,581758654.0395471,2019-06-09 07:37:29.039547,GRB190609315,n3_r1 n3_r2 n4_r1 n5_r1 n6_r0 n6_r1 n6_r2 n7_r0 n7_r1 n7_r2 n8_r0 n8_r1 n8_r2 n9_r0 n9_r1 n9_r2 na_r1 nb_r1 nb_r2,12.577590300449494,44.69995406177006,9.423409468085104,232.4527360200882,0.6,0.8,0.85
153,1866435,581882410.5244889,2019-06-10 18:00:05.524489,2019-06-10 18:00:01.428410,1866470,581882553.887285,2019-06-10 18:02:28.887285,GRB190610750,n0_r0 n0_r1 n1_r0 n1_r1 n2_r0 n2_r1 n5_r1 n6_r0 n6_r1 n7_r0 n7_r1 n8_r1 n9_r0 n9_r1 na_r0 na_r1 nb_r1,20.944496513839013,37.24760399659865,0.0,143.36279606819153,0.9,0.9,0.0
154,1888839,581986071.1383371,2019-06-11 22:47:46.138337,2019-06-11 22:47:46.138337,1888907,581986351.590415,2019-06-11 22:52:26.590415,GRB190611950,n0_r1 n0_r2 n1_r0 n1_r1 n1_r2 n2_r0 n2_r1 n2_r2 n3_r1 n3_r2 n4_r0 n4_r1 n4_r2 n5_r0 n5_r1 n5_r2 n9_r1,46.92630995875074,112.1376415567185,19.018189399597816,280.4520778656006,0.85,0.9,0.95
155,1893372,582004649.136301,2019-06-12 03:57:24.136301,2019-06-12 03:57:02.119881,1893377,582004671.152741,2019-06-12 03:57:46.152741,GRB190612165,n4_r0 n4_r1 n8_r0 n8_r1,5.065040126715948,5.43919970872019,0.0,22.01643991470337,0.45,0.45,0.0
156,1903135,582055439.0238831,2019-06-12 18:03:54.023883,2019-06-12 18:03:45.831724,1903137,582055447.216044,2019-06-12 18:04:02.216044,,n5_r1,0.0,3.4209606592238164,0.0,8.192160844802856,0.0,0.0,0.0
157,1903144,582055475.8885701,2019-06-12 18:04:30.888570,2019-06-12 18:03:49.927799,1903151,582055753.893832,2019-06-12 18:09:08.893832,,n3_r1 n4_r1 n5_r1 nb_r1,0.0,12.250405506713008,0.0,278.00526189804077,0.0,0.1,0.0
158,1911909,582091646.818509,2019-06-13 04:07:21.818509,2019-06-13 04:06:58.266037,1911921,582091695.971527,2019-06-13 04:08:10.971527,GRB190613172,n0_r0 n0_r1 n1_r0 n1_r1 n3_r0 n3_r1,8.535101514605122,14.025461332141262,0.0,49.1530179977417,0.8,0.8,0.0
159,1916272,582115623.513305,2019-06-13 10:46:58.513305,2019-06-13 10:46:52.881184,1916283,582115670.106248,2019-06-13 10:47:45.106248,GRB190613449,n3_r1 n4_r1 n5_r1 n6_r0 n6_r1 n7_r0 n7_r1 n8_r0 n8_r1 n9_r1 nb_r1,8.91329184756391,20.70311613739469,0.0,46.59294307231903,0.85,0.85,0.0
160,1929087,582172777.514097,2019-06-14 02:39:32.514097,2019-06-14 02:38:26.976794,1929088,582172781.6101761,2019-06-14 02:39:36.610176,,n5_r1 n5_r2 n6_r2 nb_r2,0.0,8.45920562362551,6.000237020968911,4.096079111099243,0.0,0.0,0.0
161,1956077,582304591.8603051,2019-06-15 15:16:26.860305,2019-06-15 15:16:04.843950,1956094,582304663.0294211,2019-06-15 15:17:38.029421,GRB190615636,n4_r1 n6_r1 n7_r1 n8_r0 n8_r1 nb_r0 nb_r1,8.57737267410951,15.27468423540534,0.0,71.16911602020264,0.5,0.85,0.0
162,2010897,582563228.8736961,2019-06-18 15:07:03.873696,2019-06-18 15:05:54.240713,2010914,582563474.989236,2019-06-18 15:11:09.989236,,n2_r1 n3_r1 n3_r2 n4_r2 n5_r1 n5_r2 n6_r1 n8_r1 nb_r1,0.0,18.42134890483383,7.905682218114602,246.11553990840912,0.0,0.2,0.35
163,2019013,582596669.495268,2019-06-19 00:24:24.495268,2019-06-19 00:24:04.014967,2019016,582596681.783444,2019-06-19 00:24:36.783444,GRB190619018,n0_r0 n3_r1 n6_r0 n6_r1,7.197268941979525,6.9576520681265235,0.0,12.2881760597229,0.0,0.0,0.0
164,2019035,582596759.608583,2019-06-19 00:25:54.608583,2019-06-19 00:25:30.032226,2019050,582596824.121525,2019-06-19 00:26:59.121525,GRB190619018,n0_r0 n0_r1 n1_r1 n3_r0 n3_r1 n6_r0 n6_r1 n9_r0 n9_r1,12.29732912170469,14.54354527075023,0.0,64.51294207572937,0.1,0.15,0.0
165,2028572,582646564.266721,2019-06-19 14:15:59.266721,2019-06-19 14:15:51.074588,2028574,582646572.458855,2019-06-19 14:16:07.458855,GRB190619595,nb_r1,0.0,3.6410180412371123,0.0,8.192134022712708,0.0,0.0,0.0
166,2028578,582646590.3791461,2019-06-19 14:16:25.379146,2019-06-19 14:16:19.747055,2028629,582646800.814623,2019-06-19 14:19:55.814623,GRB190619595,n1_r1 n2_r0 n2_r1 n3_r1 n4_r1 n5_r0 n5_r1 n6_r1 n7_r0 n7_r1 n7_r2 n8_r0 n8_r1 n8_r2 n9_r0 n9_r1 na_r0 na_r1 nb_r0 nb_r1,22.04840310389193,51.74164872426886,5.544994167395746,210.43547689914703,0.9,0.9,0.95
167,2045409,582725415.296803,2019-06-20 12:10:10.296803,2019-06-20 12:10:04.664711,2045461,582725629.828409,2019-06-20 12:13:44.828409,GRB190620507,n0_r0 n0_r1 n0_r2 n1_r0 n1_r1 n1_r2 n2_r0 n2_r1 n2_r2 n3_r0 n3_r1 n3_r2 n4_r0 n4_r1 n4_r2 n5_r0 n5_r1 n5_r2 n6_r0 n6_r1 n6_r2 n7_r0 n7_r1 n7_r2 n8_r0 n8_r1 n8_r2 n9_r1 na_r0 na_r1 nb_r1,42.13241894415209,119.0994874233513,19.87872418129421,214.5316059589386,0.8,0.9,0.95
168,2100507,582985349.004204,2019-06-23 12:22:24.004204,2019-06-23 12:22:15.812082,2100513,582985706.473034,2019-06-23 12:28:21.473034,,n3_r1 n5_r1 n6_r1,0.0,7.958059414786685,0.0,357.4688299894333,0.0,0.05,0.0
169,2118706,583071014.324833,2019-06-24 12:10:09.324833,2019-06-24 12:09:57.036652,2118707,583071018.4208901,2019-06-24 12:10:13.420890,,n1_r1,0.0,3.59779767871274,0.0,4.096057057380676,0.0,0.0,0.0
170,2118718,583071063.4775391,2019-06-24 12:10:58.477539,2019-06-24 12:10:50.285423,2118719,583071067.573597,2019-06-24 12:11:02.573597,,n2_r1,0.0,3.093181270701595,0.0,4.096057891845703,0.0,0.0,0.0
171,2150966,583221989.245432,2019-06-26 06:06:24.245432,2019-06-26 06:06:18.101333,2150967,583221993.851858,2019-06-26 06:06:28.851858,GRB190626254,n2_r0 n2_r1,3.136105171664492,3.0734226691042066,0.0,4.606426000595093,0.0,0.0,0.0
172,2186360,583388619.935779,2019-06-28 04:23:34.935779,2019-06-28 04:23:30.839710,2186362,583388628.127935,2019-06-28 04:23:43.127935,,n8_r1,0.0,3.3377588447653426,0.0,8.192156076431274,0.0,0.05,0.0
173,2192542,583417859.808183,2019-06-28 12:30:54.808183,2019-06-28 12:30:45.080024,2192548,583417885.9206121,2019-06-28 12:31:20.920612,GRB190628521,na_r0 na_r1 nb_r0 nb_r1,5.0776110681114615,6.8722227495649415,0.0,26.11242914199829,0.3,0.3,0.0
174,2208278,583493108.388667,2019-06-29 09:25:03.388667,2019-06-29 09:24:55.196544,2208281,583493120.676852,2019-06-29 09:25:15.676852,,n9_r1 nb_r1,0.0,5.566025483870965,0.0,12.288185000419617,0.0,0.0,0.0
175,2208286,583493141.157174,2019-06-29 09:25:36.157174,2019-06-29 09:24:59.292605,2208293,583493427.5218351,2019-06-29 09:30:22.521835,,n0_r1 n0_r2 n6_r0 n8_r1 n9_r1 nb_r1 nb_r2,4.895951972685893,14.285785135296221,5.931761105921914,286.36466109752655,0.1,0.05,0.1
176,2234242,583610462.600395,2019-06-30 18:00:57.600395,2019-06-30 17:59:39.775105,2234246,583610478.984668,2019-06-30 18:01:13.984668,,n6_r2 nb_r1 nb_r2,0.0,7.931778670012549,5.646528020089877,16.384273052215576,0.0,0.0,0.1
