trig_ids,start_index,start_met,start_times,start_times_offset,end_index,end_met,end_times,duration,catalog_triggers,trig_dets,detectors,sigma_r0,sigma_r1,sigma_r2,sigma_C,CE,qtl_cut_r0,qtl_cut_r1,qtl_cut_r2,ra,dec,ra_montecarlo,dec_montecarlo,ra_std,dec_std,met_localisation,ra_earth,dec_earth,earth_vis,sun_vis,ra_sun,dec_sun,l_galactic,b_galactic,lat_fermi,lon_fermi,alt_fermi,l,loc_range,rule_GRB,rule_TGF,rule_SF,rule_UNC(LP),rule_GF,predicted_class
0,5680,573114487.424929,2019-03-01 06:28:02.424929,2019-03-01 06:25:39.062470,5681,573114491.520999,2019-03-01 06:28:06.520999,4.096069931983948,,n7_r0 n9_r0 nb_r0 nb_r1,n7 n9 nb,13.959738350154268,7.881124030368224,0.0,13.959738350154268,R,0.0,0.05,0.0,152.9,-36.9,159.23,-33.82,66.96,33.23,573114487.424929,175.8733212358029,25.64107772046266,False,True,341.6360062749458,-7.777180815654735,270.6730914431336,15.767606924037638,-25.641075119222688,100.08476829691858,529239.4127355589,1.617267527508342,r0,True,True,False,True,False,GRB
1,41799,573284724.164136,2019-03-03 05:45:19.164136,2019-03-03 05:45:01.754389,41819,573284808.1320341,2019-03-03 05:46:43.132034,83.96789801120758,GRB190303240,n0_r0 n0_r1 n1_r0 n1_r1 n2_r0 n2_r1 n5_r0 n5_r1,n0 n1 n2 n5,9.831756167178668,16.726017181776925,0.0,16.726017181776925,R,0.65,0.7,0.0,302.02,23.97,295.03,17.06,45.42,26.97,573284750.7870979,103.7816428831831,12.800756416062802,True,True,343.4815445565576,-7.02671148927266,62.9331613414022,-4.678283780241726,-12.800754781451356,36.6200565456542,533569.4284322555,1.2537845549874362,r0,True,False,False,True,True,GRB
2,69921,573421046.294318,2019-03-04 19:37:21.294318,2019-03-04 19:37:21.294318,69924,573421060.1185551,2019-03-04 19:37:35.118555,13.82423710823059,GRB190304818,n4_r0 n4_r1,n4,4.608770225885563,6.657230320090616,0.0,6.657230320090616,P,0.55,0.55,0.0,311.83,-71.58,281.05,-65.19,100.77,19.98,573421046.294318,56.7998716839522,-3.8597854819318727,True,True,344.9533763936693,-6.421224849891494,322.57712419608504,-34.66936655340269,3.859785064477097,140.1854883200695,537382.4908079786,1.0106311374536283,r0,True,False,False,False,False,GRB
3,97645,573546626.4937911,2019-03-06 06:30:21.493791,2019-03-06 06:29:07.764575,97646,573546630.5898571,2019-03-06 06:30:25.589857,4.096065998077393,,n0_r2 n1_r2 n5_r1 n5_r2,n0 n1 n5,0.0,4.567795801139182,5.282102376177667,5.282102376177667,R,0.0,0.0,0.2,358.1,3.04,280.82,10.88,119.31,48.92,573546626.4937911,50.669851813066025,-2.079552220432599,False,False,346.30539590859365,-5.860023357492215,95.37492175628697,-56.63844040397209,2.0795520949294075,329.37201824378405,538471.8714785238,1.1114311404123358,r2,False,True,False,True,False,TGF
4,97825,573547363.7855589,2019-03-06 06:42:38.785559,2019-03-06 06:39:30.366584,97904,573547687.3747079,2019-03-06 06:48:02.374708,323.5891489982605,,n0_r0 n0_r1 n0_r2 n1_r0 n1_r1 n1_r2 n2_r1 n2_r2 n3_r0 n3_r1 n3_r2 n4_r0 n4_r1 n4_r2 n5_r0 n5_r1 n5_r2 n6_r0 n6_r1 n6_r2 n7_r0 n7_r1 n7_r2 n8_r0 n8_r1 n8_r2 n9_r0 n9_r1 n9_r2 na_r0 na_r1 na_r2 nb_r0 nb_r1 nb_r2,n0 n1 n2 n3 n4 n5 n6 n7 n8 n9 na nb,141.7403654929744,138.145263657134,67.76944950781518,141.7403654929744,R,0.45,0.7,0.6,145.93,-72.41,146.79,-72.39,20.83,4.6,573547539.9163501,104.74439125770697,20.14848734054679,True,True,346.3152161034072,-5.855930617221103,289.7492559172181,-14.53622708039531,-20.14848371501012,19.630214422595145,537915.9379975693,1.4681405796669822,r1,False,False,False,True,False,UNC(LP)
5,109210,573604667.66626,2019-03-06 22:37:42.666260,2019-03-06 22:37:28.842028,109257,573604861.717356,2019-03-06 22:40:56.717356,194.0510959625244,GRB190306943,n0_r1 n1_r0 n1_r1 n6_r0 n6_r1 n7_r1 n8_r1 n9_r0 n9_r1 na_r0 na_r1 nb_r0 nb_r1,n0 n1 n6 n7 n8 n9 na nb,17.151419572225763,26.263161023034524,0.0,26.263161023034524,R,0.3,0.85,0.0,223.43,-7.46,222.83,-7.9,5.73,5.31,573604693.778666,106.88044983966778,21.80678131308829,True,True,346.929288442252,-5.5995515101947655,347.9080282698595,44.4742239187572,-21.8067781009218,142.9732891353608,538326.6656790517,1.4307965026587617,r1,True,False,False,False,False,GRB
6,112046,573616288.5324941,2019-03-07 01:51:23.532494,2019-03-07 01:51:23.532494,112056,573616329.493154,2019-03-07 01:52:04.493154,40.960659980773926,,n0_r0 n0_r1 n0_r2 n1_r0 n1_r1 n2_r0 n2_r1 n3_r0 n3_r1 n3_r2 n4_r0 n4_r1 n4_r2 n5_r0 n5_r1 n5_r2 n6_r0 n6_r1 n6_r2 n7_r0 n7_r1 n8_r0 n8_r1 n8_r2 n9_r0 n9_r1 n9_r2 na_r0 na_r1 na_r2 nb_r1 nb_r2,n0 n1 n2 n3 n4 n5 n6 n7 n8 n9 na nb,29.11168960308906,25.696317817510973,14.25482576992334,29.11168960308906,R,0.85,0.85,0.85,186.82,-61.58,187.35,-61.5,2.66,1.3,573616300.8206861,119.16995477050722,24.23494965601063,True,True,347.05390441099064,-5.54741641945496,300.0593166338839,1.159571174550964,-24.23494527627397,106.76770134758844,537741.9830934387,1.5505966835691771,r1,False,False,False,True,True,UNC(LP)
7,113596,573622644.0990701,2019-03-07 03:37:19.099070,2019-03-07 03:37:13.466977,113646,573622850.436799,2019-03-07 03:40:45.436799,206.33772897720337,GRB190307151,n0_r0 n0_r1 n1_r0 n1_r1 n2_r0 n2_r1 n3_r0 n3_r1 n4_r1 n5_r0 n5_r1 n8_r0 n9_r1 na_r0 na_r1 nb_r0 nb_r1,n0 n1 n2 n3 n4 n5 n8 n9 na nb,35.79710373844288,41.759362618510224,0.0,41.759362618510224,R,0.8,0.85,0.0,17.27,-14.92,18.25,-14.95,5.35,5.03,573622693.7621319,166.25032575169027,23.121545386657612,True,True,347.1225273857844,-5.518691752270612,142.4142676805727,-77.12225687972709,-23.12154092741457,127.13788599282998,531469.3517983558,1.492162263628548,r1,True,False,False,False,False,GRB
8,145624,573776386.9575231,2019-03-08 22:19:41.957523,2019-03-08 22:19:37.405729,145625,573776391.509096,2019-03-08 22:19:46.509096,4.551572918891907,,n3_r1,n3,0.0,3.0773893485772605,0.0,3.0773893485772605,P,0.0,0.05,0.0,26.39,-31.78,47.71,-36.6,69.72,24.97,573776386.9575231,130.1868386680949,25.596029557431336,True,True,348.7695563617541,-4.826181921611596,237.73147750432145,-77.34721042129634,-25.59602538797473,168.93276041035114,538124.3478441476,1.4710456643330123,r1,True,False,False,False,False,GRB
9,151201,573799243.488395,2019-03-09 04:40:38.488395,2019-03-09 04:40:38.488395,151208,573799272.160863,2019-03-09 04:41:07.160863,28.672468066215515,,n0_r0 n0_r1 n0_r2 n1_r0 n1_r1 n2_r0 n2_r1 n3_r0 n3_r2 n4_r0 n4_r1 n4_r2 n5_r0 n5_r1 n5_r2 n6_r0 n6_r1 n6_r2 n7_r0 n7_r1 n7_r2 n8_r0 n8_r1 n8_r2 n9_r1 n9_r2 na_r0 na_r1 na_r2 nb_r1 nb_r2,n0 n1 n2 n3 n4 n5 n6 n7 n8 n9 na nb,39.21678780342463,35.10579868622749,16.964483613703567,39.21678780342463,R,0.85,0.85,0.85,85.86,-49.97,86.75,-48.68,7.83,4.73,573799243.488395,130.87023522381395,25.51912912422166,True,True,349.0140582740243,-4.722898611315546,257.0206658745356,-31.10182843044126,-25.51912727653949,74.11986779812587,538463.8228356362,1.5980625182845327,r1,False,False,False,False,False,UNC
10,172757,573903160.130661,2019-03-10 09:32:35.130661,2019-03-10 09:32:23.352912,172819,573903414.5974321,2019-03-10 09:36:49.597432,254.46677112579343,GRB190310398,n0_r0 n0_r1 n1_r0 n1_r1 n2_r0 n2_r1 n3_r0 n3_r1 n4_r0 n4_r1 n5_r0 n5_r1 n6_r1 n7_r1 n8_r0 n8_r1 n9_r0 n9_r1 na_r0 na_r1 nb_r0 nb_r1,n0 n1 n2 n3 n4 n5 n6 n7 n8 n9 na nb,51.54893874662131,63.44834674331919,0.0,63.44834674331919,R,0.95,0.95,0.0,351.71,6.46,351.66,6.59,1.85,1.62,573903209.7939401,202.87935628904933,1.9638176147196669,True,True,350.1248514888938,-4.252237073349946,88.48938603489255,-50.66990374730703,-1.96381732403866,71.75000422631585,523497.2406543815,1.0381430142909711,r1,True,False,False,False,False,GRB
11,179476,573937104.708027,2019-03-10 18:58:19.708027,2019-03-10 18:57:46.939485,179479,573937116.996233,2019-03-10 18:58:31.996233,12.288205981254578,,n5_r1 nb_r1,n5 nb,0.0,6.210913325345696,0.0,6.210913325345696,S,0.0,0.0,0.0,123.05,-57.22,129.36,-41.03,83.89,37.12,573937104.708027,180.7598311853976,10.846428741149248,True,True,350.4865221832445,-4.0985088553686335,271.5639523835889,-12.53828636697887,-10.84642710536019,268.01499882413486,527833.1832164684,1.1149519478993577,r1,True,False,False,True,False,GRB
12,205426,574054362.160809,2019-03-12 03:32:37.160809,2019-03-12 03:31:56.200103,205437,574054407.217582,2019-03-12 03:33:22.217582,45.0567729473114,,n0_r2 n5_r1 n5_r2 nb_r1 nb_r2,n0 n5 nb,0.0,8.47869643777706,6.249702656123971,8.47869643777706,R,0.0,0.05,0.1,191.19,17.61,165.84,5.43,99.85,50.88,574054378.545084,10.147367621304031,-2.3598081480255058,True,False,351.73618360201414,-3.5656729361984807,293.37309401775457,80.36091924376788,2.3598078901308828,327.4237011108007,535671.4971465499,1.1127819007380135,r2,False,False,False,True,False,UNC(LP)
13,205690,574055443.522541,2019-03-12 03:50:38.522541,2019-03-12 03:47:34.199648,205704,574055500.867429,2019-03-12 03:51:35.867429,57.34488797187805,,n0_r0 n1_r0 n2_r0 n3_r0 n3_r1 n4_r0 n5_r0 n5_r1 n6_r0 n7_r0 n7_r1 n8_r0 n8_r1 na_r0 nb_r0 nb_r1,n0 n1 n2 n3 n4 n5 n6 n7 n8 na nb,62.97555024053321,16.860458149261788,0.0,62.97555024053321,R,0.0,0.45,0.0,192.85,-66.97,196.14,-62.25,53.18,12.83,574055451.714665,74.54510449518322,22.4390917716018,True,True,351.7476074665573,-3.5607907291859195,302.92960290970376,-4.097975701840498,-22.439089178099948,27.3376486144939,544698.9135127746,1.5265426053780775,r0,False,False,False,True,True,UNC(LP)
14,210208,574080138.3553231,2019-03-12 10:42:13.355323,2019-03-12 10:42:07.723230,210214,574080163.44221,2019-03-12 10:42:38.442210,25.086886882781982,GRB190312446,n0_r0 n0_r1 n1_r1 n3_r0 n3_r1 n4_r0,n0 n1 n3 n4,12.249034103454958,9.048366221549902,0.0,12.249034103454958,R,0.7,0.55,0.0,333.14,-1.93,329.26,-0.17,13.04,8.66,574080142.961859,192.99244535581087,0.0301084422146975,True,True,352.0103881008858,-3.4484333177820594,59.577321662114606,-44.39000230187535,-0.0301084303921557,42.62311585748773,524946.7412454529,1.0650698442985065,r0,True,False,False,False,False,GRB
15,261359,574319372.571028,2019-03-15 05:09:27.571028,2019-03-15 05:08:54.802496,261365,574319397.1474321,2019-03-15 05:09:52.147432,24.576404094696045,,n6_r0 n6_r1 n9_r0,n6 n9,7.93931101473557,5.845313457611836,0.0,7.93931101473557,R,0.0,0.0,0.0,270.13,46.39,269.66,38.01,73.13,33.11,574319372.571028,151.7387342259304,10.360161554465238,True,True,354.55109842347963,-2.357442900976374,73.4560452668814,27.739204975060943,-10.360160877530024,81.85024376113742,534950.7269503325,1.1446152851828657,r0,True,False,False,False,False,GRB
16,266147,574345069.443512,2019-03-15 12:17:44.443512,2019-03-15 12:17:38.299403,266185,574345225.348767,2019-03-15 12:20:20.348767,155.9052550792694,GRB190315512,n0_r1 n1_r1 n2_r1 n4_r1 n5_r1 n6_r1 n7_r1 n8_r1 n9_r0 n9_r1 na_r0 na_r1 nb_r0 nb_r1,n0 n1 n2 n4 n5 n6 n7 n8 n9 na nb,14.976156643635845,34.70998454702815,0.0,34.70998454702815,R,0.85,0.85,0.0,151.2,-7.77,150.09,-8.3,7.3,5.42,574345073.794026,331.6972254273686,-9.500541440583,True,False,354.8235217042363,-2.2400325453181247,247.73799653284985,36.66812878683661,9.50054109353073,154.42710736574784,527200.0326739362,1.0311594051797806,r1,True,False,False,False,False,GRB
17,269082,574359199.987376,2019-03-15 16:13:14.987376,2019-03-15 16:13:06.795240,269088,574359579.7508711,2019-03-15 16:19:34.750871,379.7634950876236,,n5_r1,n5,0.0,5.391487862703396,0.0,5.391487862703396,P,0.0,0.05,0.0,353.86,6.99,321.21,-5.62,84.03,39.85,574359204.0834479,142.39863125007483,12.922143041127216,True,True,354.9732567641397,-2.1754690692093,91.8535709071653,-51.236825844138885,-12.92214159489139,266.0910977611159,537114.4170229733,1.1172286705512111,r1,True,False,False,True,False,GRB
18,295252,574477691.641844,2019-03-17 01:08:06.641844,2019-03-17 01:08:02.545779,295257,574477712.122182,2019-03-17 01:08:27.122182,20.480337977409363,,nb_r0 nb_r1,nb,4.612362811378158,4.366635479279825,0.0,4.612362811378158,P,0.05,0.45,0.0,155.44,12.25,161.84,9.15,53.84,30.93,574477691.641844,45.11375589789485,23.130046352321088,True,False,356.2277607551233,-1.6338022521430156,228.4659339266674,51.94781800491514,-23.13004323517336,33.75637727028482,543619.2314389317,1.5369310443765023,r0,True,False,False,True,False,GRB
19,350314,574737260.9760339,2019-03-20 01:14:15.976034,2019-03-20 01:13:53.959655,350328,574737319.857045,2019-03-20 01:15:14.857045,58.8810111284256,GRB190320052,n6_r1 n7_r1 n8_r1 n9_r1 na_r1 nb_r0 nb_r1,n6 n7 n8 n9 na nb,3.883219873963861,16.851327271912492,0.0,16.851327271912492,R,0.55,0.6,0.0,133.01,-45.12,135.06,-41.83,29.46,17.71,574737282.992414,204.7362745293608,-23.119070624301585,False,True,358.9704369158667,-0.4463366065506365,265.3288292809838,-0.441418683546484,23.119069756704075,188.78686168921385,527107.8931621803,1.2150745630395454,r1,True,True,False,False,False,GRB
20,376856,574866998.951699,2019-03-21 13:16:33.951699,2019-03-21 13:16:09.375329,376865,574867309.932522,2019-03-21 13:21:44.932522,310.98082304000854,,n5_r1 nb_r1,n5 nb,0.0,8.82478327063498,0.0,8.82478327063498,S,0.0,0.1,0.0,222.28,19.19,229.05,14.47,62.49,31.61,574867015.335963,105.43625260254214,11.619897762695436,True,True,0.3388058464109312,0.1468470696964542,22.845414356487154,61.88400392870881,-11.61989613287686,267.4554319381035,541369.4463446157,1.1155909789406984,r1,True,False,False,True,False,GRB
21,378040,574872130.640015,2019-03-21 14:42:05.640015,2019-03-21 14:41:59.495913,378051,574872176.063043,2019-03-21 14:42:51.063043,45.423027992248535,SFLARE19032161,n2_r0 n4_r0 n4_r1 n5_r0 n5_r1,n2 n4 n5,51.169288591290766,7.617786835681051,0.0,51.169288591290766,R,0.5,0.5,0.0,4.75,-2.26,4.44,-2.43,2.59,3.08,574872130.640015,67.88746186295094,22.957449132906767,False,True,0.3927362300829917,0.1702259812883081,104.2147877907509,-63.9450841546634,-22.95744741275886,208.53451676925727,542830.2234834672,1.2568113510139372,r0,False,True,True,False,False,TGF
22,409231,575018215.151962,2019-03-23 07:16:50.151962,2019-03-23 07:16:44.519864,409265,575018355.9544661,2019-03-23 07:19:10.954466,140.8025040626526,GRB190323303,n0_r1 n1_r1 n6_r0 n6_r1 n7_r1 n8_r1 n9_r0 n9_r1 n9_r2 na_r0 na_r1 nb_r0 nb_r1,n0 n1 n6 n7 n8 n9 na nb,15.546420812372068,34.9171194046676,3.615497555076653,34.9171194046676,R,0.8,0.8,0.8,155.54,3.43,153.91,3.34,8.84,6.53,575018228.9762101,275.10590976894224,-10.935064091390446,True,True,1.932445002706308,0.8374796264061141,239.9604679023572,47.2057456345088,10.935064208927328,165.3432030014887,521668.5880144602,1.0506419526176882,r1,True,False,False,False,False,GRB
23,420601,575067923.089176,2019-03-23 21:05:18.089176,2019-03-23 21:05:18.089176,420653,575068138.644657,2019-03-23 21:08:53.644657,215.55548095703125,GRB190323879,n0_r0 n0_r1 n0_r2 n1_r0 n1_r1 n1_r2 n2_r1 n3_r0 n3_r1 n3_r2 n4_r0 n4_r1 n4_r2 n5_r0 n5_r1 n5_r2 n6_r0 n6_r1 n6_r2 n7_r0 n7_r1 n7_r2 n8_r0 n8_r1 n9_r1 na_r0 na_r1 nb_r0 nb_r1,n0 n1 n2 n3 n4 n5 n6 n7 n8 n9 na nb,52.59338707778327,107.62324480120014,15.481654460044568,107.62324480120014,R,0.85,0.9,0.9,38.85,9.24,38.94,9.26,1.5,1.62,575067949.201602,163.28492914843045,-19.548376976214616,True,True,2.4562271551956134,1.0643048915224549,161.24447270737988,-45.75936240520316,19.54837541773325,205.78742336347057,535205.5596180672,1.2065812418474224,r1,True,False,False,False,False,GRB
24,428198,575108478.213153,2019-03-24 08:21:13.213153,2019-03-24 08:21:07.581054,428251,575108695.304769,2019-03-24 08:24:50.304769,217.09161603450767,GRB190324348,n0_r0 n0_r1 n0_r2 n1_r0 n1_r1 n1_r2 n2_r0 n2_r1 n2_r2 n3_r1 n4_r1 n4_r2 n5_r0 n5_r1 n6_r1 n7_r1 n8_r0 n8_r1 n9_r0 n9_r1 n9_r2 na_r0 na_r1 na_r2 nb_r0 nb_r1,n0 n1 n2 n3 n4 n5 n6 n7 n8 n9 na nb,27.858397131782297,69.83926620408826,9.791817905884631,69.83926620408826,R,0.85,0.9,0.95,79.4,13.23,79.3,13.32,1.88,1.92,575108490.5013511,201.07903491445504,-25.470001095511723,True,True,2.8832556634170543,1.2491391593919572,189.85804050429377,-13.916111953498726,25.46999727753326,74.19695094542382,531503.6164429246,1.1373666421713515,r1,True,False,False,False,False,GRB
25,440174,575160262.996502,2019-03-24 22:44:17.996502,2019-03-24 22:44:13.900427,440219,575160447.319602,2019-03-24 22:47:22.319602,184.3230999708176,GRB190324947,n0_r1 n2_r1 n6_r0 n6_r1 n6_r2 n7_r0 n7_r1 n7_r2 n8_r0 n8_r1 n9_r0 n9_r1 na_r0 na_r1 nb_r0 nb_r1,n0 n2 n6 n7 n8 n9 na nb,36.817173996229066,56.74660019236954,5.321616063435211,56.74660019236954,R,0.95,0.95,1.0,100.75,-57.15,100.13,-57.18,2.77,1.93,575160267.092577,226.6521652866934,-22.643652232137484,True,True,3.4285692032522737,1.4850284063369197,266.6560427489918,-23.63128940354212,22.643651642748104,243.4436159818916,528001.7041117008,1.417036804413677,r1,True,False,False,True,False,GRB
26,459213,575251144.388279,2019-03-25 23:58:59.388279,2019-03-25 23:58:53.244180,459298,575251485.5124259,2019-03-26 00:04:40.512426,341.124146938324,GRB190325999,n0_r0 n0_r1 n1_r0 n1_r1 n2_r0 n2_r1 n2_r2 n3_r1 n4_r1 n5_r0 n5_r1 n5_r2 n9_r1 na_r1 nb_r1,n0 n1 n2 n3 n4 n5 n9 na nb,13.486779242272744,34.93753495067371,4.574276623470524,34.93753495067371,R,0.9,0.95,0.95,297.84,9.84,299.59,9.17,8.14,4.72,575251148.610839,191.8686237535144,-25.45833819145424,True,True,4.385636601391058,1.8985610528689905,48.67027983634552,-8.549717384837907,25.45833410553223,188.9503099166104,533643.0964728766,1.2507111385338934,r1,True,False,False,False,True,GRB
27,477038,575335488.6472781,2019-03-26 23:24:43.647278,2019-03-26 23:24:27.517490,477048,575335529.862352,2019-03-26 23:25:24.862352,41.21507394313812,GRB190326975,n0_r1 n1_r1 n6_r1 n9_r0 n9_r1 na_r1,n0 n1 n6 n9 na,3.297745326181336,11.03792999446804,0.0,11.03792999446804,R,0.85,0.7,0.0,157.93,54.39,160.89,52.87,21.74,9.98,575335488.6472781,105.88872262240308,-5.630618954053553,True,True,5.273778248015915,2.281658930959537,156.3144751285999,52.70883519579284,5.630618225149666,110.59144378694192,537632.6913711051,0.982235807718193,r1,True,False,False,False,False,GRB
28,479088,575347158.5350131,2019-03-27 02:39:13.535013,2019-03-27 02:39:01.757202,479100,575347208.198147,2019-03-27 02:40:03.198147,49.66313397884369,GRB190327111,n1_r1 n2_r1 n3_r1 n3_r2 n4_r1 n6_r1 n7_r1 n8_r1 n9_r1 na_r1,n1 n2 n3 n4 n6 n7 n8 n9 na,0.0,15.106524121918484,3.5992915347057126,15.106524121918484,R,0.0,0.55,0.35,294.12,6.5,281.57,13.32,54.99,26.96,575347158.5350131,120.11466877646772,-12.23887513292129,True,True,5.396669665644419,2.334611134864625,43.919051124840905,-6.953054776840485,12.238873462938196,76.05972975524375,538007.2292741603,1.01152538673614,r1,True,False,False,False,True,GRB
29,481890,575361365.375902,2019-03-27 06:36:00.375902,2019-03-27 06:35:39.895532,481894,575361381.760184,2019-03-27 06:36:16.760184,16.384281992912292,,n1_r1,n1,0.0,3.8368719876846513,0.0,3.8368719876846513,P,0.0,0.65,0.0,72.83,29.72,81.51,25.33,45.18,24.7,575361365.375902,295.7080358509044,10.886186284430291,True,True,5.54627831189212,2.399055416483149,172.55407867069613,-9.249782043726876,-10.886184846310764,192.2958522550463,524414.3303762304,1.1089595259083007,r1,True,False,False,False,True,GRB
30,484679,575374833.621739,2019-03-27 10:20:28.621739,2019-03-27 10:19:43.565042,484680,575374837.7178011,2019-03-27 10:20:32.717801,4.096062064170837,,nb_r1 nb_r2,nb,0.0,5.1660153759886605,3.041502796060449,5.1660153759886605,P,0.0,0.0,0.05,201.6,6.43,199.75,-0.85,70.02,40.53,575374829.5256771,68.67177669111007,10.181227603960052,True,False,5.688067683055855,2.460110750754518,326.3715890963427,67.70171514758995,-10.181226313598527,269.0053798921374,535838.7667671727,1.115535414517445,r1,False,False,False,True,False,UNC(LP)
31,545515,575656773.819233,2019-03-30 16:39:28.819233,2019-03-30 16:39:28.819233,545552,575656927.036517,2019-03-30 16:42:02.036517,153.2172840833664,GRB190330694,n0_r0 n0_r1 n0_r2 n1_r0 n1_r1 n2_r0 n2_r1 n2_r2 n3_r1 n4_r1 n5_r1 n6_r0 n6_r1 n7_r1 n8_r1 n9_r0 n9_r1 na_r0 na_r1 nb_r1,n0 n1 n2 n3 n4 n5 n6 n7 n8 n9 na nb,18.05358988809778,35.51522377023653,5.696692351800394,35.51522377023653,R,0.8,1.0,1.0,100.28,23.15,100.2,23.14,3.71,2.82,575656779.451323,198.2507254896691,-20.118223398447032,True,True,8.65819312001654,3.733538402523808,191.0620564145204,8.186146809970788,20.11822009360175,300.57648352099784,535707.8586380541,1.4575289628466712,r1,True,False,False,False,True,GRB
32,571127,575781624.2574949,2019-04-01 03:20:19.257495,2019-04-01 03:20:19.257495,571176,575781826.500722,2019-04-01 03:23:41.500722,202.24322712421417,GRB190401139,n2_r1 n3_r0 n3_r1 n4_r0 n4_r1 n5_r1 n6_r0 n6_r1 n7_r0 n7_r1 n8_r0 n8_r1 n9_r0 n9_r1 na_r0 na_r1 nb_r0 nb_r1,n2 n3 n4 n5 n6 n7 n8 n9 na nb,39.78194398704571,43.893462538563554,0.0,43.893462538563554,R,0.95,0.9,0.0,266.67,25.54,266.42,25.77,3.14,2.97,575781629.8895819,143.28274758213558,-25.380132666681856,True,True,9.974399842044908,4.29376239698397,50.1810165011703,24.867346967807197,25.3801316960298,83.97406765379125,538739.7714147517,1.123032127984259,r1,True,False,False,False,False,GRB
33,633855,576073462.9178321,2019-04-04 12:24:17.917832,2019-04-04 12:24:09.725704,633870,576073524.3588321,2019-04-04 12:25:19.358832,61.44099998474121,,n0_r0 n0_r1 n1_r0 n1_r1 n2_r1 n3_r1 n5_r0 n5_r1,n0 n1 n2 n3 n5,9.194767437156676,13.144886410686048,0.0,13.144886410686048,R,0.05,0.1,0.0,17.07,26.54,31.21,26.4,65.17,27.07,576073475.206042,179.30821976137614,-15.762191814440856,True,True,13.055115104720736,5.592368097345948,127.59946133274588,-36.17787153325788,15.762189976002452,340.64815136120166,538185.156927825,1.1102176172124405,r1,True,False,False,False,False,GRB
34,634497,576076092.595595,2019-04-04 13:08:07.595595,2019-04-04 13:07:59.403450,634499,576076100.78774,2019-04-04 13:08:15.787740,8.192144989967346,,n9_r0 n9_r1 na_r1,n9 na,3.20021142992878,5.011245671321697,0.0,5.011245671321697,R,0.0,0.0,0.0,235.22,-6.91,225.63,-9.73,65.48,33.19,576076088.4995221,343.8917266739847,20.470825112718988,True,False,13.082732045013492,5.603918652220164,359.5001987919944,36.72184608577375,-20.470821137250823,134.31311949553492,527260.6005296875,1.3936236080083573,r1,True,False,False,False,False,GRB
35,635042,576078329.048334,2019-04-04 13:45:24.048334,2019-04-04 13:45:15.856198,635092,576078533.851439,2019-04-04 13:48:48.851439,204.8031049966812,,n0_r0 n0_r1 n1_r0 n1_r1 n2_r0 n2_r1 n3_r0 n3_r1 n4_r1 n5_r0 n5_r1 n6_r0 n6_r1 n7_r0 n7_r1 n8_r0 n8_r1 n9_r0 n9_r1 na_r1 nb_r0 nb_r1,n0 n1 n2 n3 n4 n5 n6 n7 n8 n9 na nb,38.97836086339559,55.3003025653908,0.0,55.3003025653908,R,0.6,0.55,0.0,229.57,62.41,210.63,62.68,60.37,11.02,576078357.720759,124.1407025377828,-25.50196396341143,True,True,13.106713378392762,5.613947230743847,98.85473239861378,47.26747246082807,25.50196159895757,265.081130125087,536069.8419169375,1.6619164697916935,r1,True,False,False,True,False,GRB
36,653187,576163967.186251,2019-04-05 13:32:42.186251,2019-04-05 13:32:29.898054,653215,576164081.87598,2019-04-05 13:34:36.875980,114.68972897529602,,n2_r1 n3_r1 n4_r0 n4_r1 n5_r0 n5_r1 n7_r0 n7_r1 n8_r0 n8_r1 na_r0 na_r1 nb_r1,n2 n3 n4 n5 n7 n8 na nb,13.496520735683118,23.738414582400825,0.0,23.738414582400825,R,0.2,0.2,0.0,13.27,-59.68,46.1,-55.84,83.82,26.19,576163983.570493,120.79903990834916,-25.49752714068963,True,True,14.01196801183838,5.991525991933148,302.54376491318646,-57.445785100437696,25.497523948077625,263.98826292205706,535064.0872958302,1.6540351229619583,r1,True,False,False,True,False,GRB
37,669111,576240447.8862,2019-04-06 10:47:22.886200,2019-04-06 10:47:12.132193,669112,576240452.492453,2019-04-06 10:47:27.492453,4.606253027915955,GRB190406450,n3_r0 n3_r1 n4_r0,n3 n4,5.079440932308577,3.5761523672653643,0.0,5.079440932308577,R,0.0,0.0,0.0,354.67,28.01,342.98,20.04,58.44,27.26,576240447.8862,256.53185250268206,21.154659209477813,True,True,14.820979438453868,6.327276549955063,103.93711708761828,-32.160398479831144,-21.15465949196197,80.24746193671606,537577.793057226,1.436641732462054,r0,True,False,False,False,False,GRB
38,671345,576249601.03857,2019-04-06 13:19:56.038570,2019-04-06 13:19:47.846444,671379,576249740.304652,2019-04-06 13:22:15.304652,139.26608192920685,,n0_r0 n0_r1 n1_r0 n1_r1 n2_r0 n2_r1 n3_r1 n5_r0 n5_r1 n6_r0 n6_r1 n7_r0 n7_r1 n8_r1 n9_r0 n9_r1 na_r1 nb_r0 nb_r1,n0 n1 n2 n3 n5 n6 n7 n8 n9 na nb,22.519309596629896,31.922793976763227,0.0,31.922793976763227,R,0.25,0.3,0.0,231.48,56.79,221.63,48.25,59.54,21.9,576249637.903114,119.43812347351007,-25.32312462538564,True,True,14.918253292282769,6.367535099415896,91.04862132810304,49.66921055664218,25.32312366490334,264.75716397530505,534173.6020104785,1.6528667888840085,r1,True,False,False,True,False,GRB
39,674684,576265956.6192131,2019-04-06 17:52:31.619213,2019-04-06 17:52:25.987118,674712,576266072.845023,2019-04-06 17:54:27.845023,116.22580993175508,GRB190406745,n0_r1 n2_r1 n3_r0 n3_r1 n4_r0 n4_r1 n5_r1 n6_r1 n7_r1,n0 n2 n3 n4 n5 n6 n7,10.175581277472528,19.58084125303621,0.0,19.58084125303621,R,0.35,0.65,0.0,298.58,38.32,297.92,38.6,13.9,13.84,576265966.347362,64.75371529703308,-18.46589588985747,True,False,15.091107958929202,6.439013801463025,73.5978124421868,5.370965547766762,18.465893124937796,141.85128839803292,525965.9291467651,1.0649215647050996,r1,True,False,False,False,True,GRB
40,682174,576304723.490283,2019-04-07 04:38:38.490283,2019-04-07 04:38:13.913847,682178,576304739.874561,2019-04-07 04:38:54.874561,16.384277939796448,,nb_r1,nb,0.0,5.607183844866612,0.0,5.607183844866612,P,0.0,0.0,0.0,197.55,11.88,190.17,6.45,87.2,47.28,576304723.490283,352.40395049251805,11.386138978771596,True,False,15.501512601631145,6.6084103333223245,319.9570437090407,74.12434018265135,-11.38613722463536,267.5712931737955,524503.5590073129,1.1152775648670332,r1,True,False,False,False,False,GRB
41,690165,576337724.219028,2019-04-07 13:48:39.219028,2019-04-07 13:48:33.074924,690168,576337736.8897411,2019-04-07 13:48:51.889741,12.670713067054749,GRB190407575,n3_r1 n6_r1 n9_r1,n3 n6 n9,0.0,6.936746505020322,0.0,6.936746505020322,S,0.0,0.35,0.0,77.81,-62.17,82.34,-58.42,61.48,16.14,576337724.219028,268.2710117334676,24.61950399531814,True,True,15.85109524772302,6.752347700860566,271.6769900152704,-35.39210155959638,-24.6195006386115,45.55884527763919,538230.1188890445,1.56308946580564,r1,True,False,False,False,False,GRB
42,691891,576346054.054014,2019-04-07 16:07:29.054014,2019-04-07 16:07:22.909921,691896,576346075.0448749,2019-04-07 16:07:50.044875,20.99086093902588,GRB190407672,n6_r0 n6_r1 n7_r1 n9_r0 n9_r1 na_r0 na_r1 nb_r1,n6 n7 n9 na nb,7.909029859534501,9.264036029180318,0.0,9.264036029180318,R,0.45,0.65,0.0,184.68,25.85,185.91,24.55,13.81,9.66,576346054.054014,72.42857076385022,-22.136556797808865,True,False,15.939354519653136,6.788635193709169,220.9725431484728,82.57339812500776,22.136555772856287,174.91373597432593,526575.8074383448,1.1634313061191224,r1,True,False,False,False,False,GRB
43,707796,576420691.974869,2019-04-08 12:51:26.974869,2019-04-08 12:51:22.878802,707876,576421022.731802,2019-04-08 12:56:57.731802,330.7569329738617,LOCLPAR1904085,n0_r0 n0_r1 n1_r0 n1_r1 n2_r0 n2_r1 n3_r0 n3_r1 n4_r0 n4_r1 n5_r0 n5_r1 n6_r0 n6_r1 n7_r0 n7_r1 n8_r0 n8_r1 n9_r0 n9_r1 na_r0 na_r1 nb_r0 nb_r1,n0 n1 n2 n3 n4 n5 n6 n7 n8 n9 na nb,126.20320411103154,186.5581759403524,0.0,186.5581759403524,R,0.3,0.25,0.0,323.57,65.08,316.8,62.16,28.66,9.46,576420822.024813,108.0177676148953,-25.22168007422212,True,True,16.731932285823625,7.113531231909154,104.025704154597,9.72950939905813,25.221678860146064,258.1167730656206,531141.9631444168,1.6009207479788892,r0,True,False,False,True,True,GRB
44,708119,576422018.62011,2019-04-08 13:13:33.620110,2019-04-08 13:12:52.659458,708133,576422075.96503,2019-04-08 13:14:30.965030,57.34491991996765,,n9_r2 nb_r1 nb_r2,n9 nb,0.0,7.15460807753949,5.057818897169159,7.15460807753949,R,0.0,0.2,0.05,59.26,0.4,80.01,6.11,84.26,37.04,576422063.6768291,185.52252581924756,-1.219740545176489,True,True,16.745100148380402,7.118914064537755,189.0543829908856,-37.6292845488504,1.2197403385198058,330.433820374585,538907.6783100434,1.1138397728015588,r2,False,False,False,True,False,UNC(LP)
45,724000,576497717.6658759,2019-04-09 10:15:12.665876,2019-04-09 10:13:09.783758,724023,576497811.875504,2019-04-09 10:16:46.875504,94.20962810516356,,n0_r0 n1_r0 n2_r0 n6_r0 n9_r0 n9_r1 na_r0 nb_r0,n0 n1 n2 n6 n9 na nb,33.4723097651679,8.888958056067247,0.0,33.4723097651679,R,0.15,0.2,0.0,257.88,-39.63,253.87,-41.55,26.29,11.39,576497779.1069491,277.2702717335891,25.470809840256035,True,True,17.548438671131425,7.446354087952026,347.21139222502507,-0.081706034547276,-25.47080783915003,105.8368398526083,538678.9194141171,1.6053868197920833,r0,False,False,False,True,True,UNC(LP)
46,740758,576577589.577345,2019-04-10 08:26:24.577345,2019-04-10 08:22:59.773796,740759,576577593.673414,2019-04-10 08:26:28.673414,4.096068978309631,,n1_r0 n9_r0 n9_r1 na_r0 nb_r0,n1 n9 na nb,31.622834699201327,7.109959640513826,0.0,31.622834699201327,R,0.05,0.15,0.0,263.26,-35.13,258.97,-39.23,25.0,14.05,576577585.4812751,266.40180240678154,25.57131355418846,False,True,18.39599557264937,7.789724978368065,353.3391492844288,-1.044723520344921,-25.57131017175925,121.53138369570934,540787.989020424,1.5971167359967244,r0,False,True,False,False,False,TGF
47,760246,576668751.549222,2019-04-11 09:45:46.549222,2019-04-11 09:45:36.821052,760251,576668773.565598,2019-04-11 09:46:08.565598,22.01637601852417,GRB190411407,n0_r1 n0_r2 n1_r1 n1_r2 n2_r1 n2_r2 n6_r1 n6_r2 n9_r1 n9_r2 na_r1 na_r2,n0 n1 n2 n6 n9 na,0.0,13.82052792619858,10.295689882141811,13.82052792619858,R,0.0,0.7,0.7,273.06,-47.15,270.15,-47.53,23.72,8.81,576668757.181324,251.51472143129809,25.41357970147336,True,True,19.365336622415835,8.179684659094987,346.46708026303764,-13.375849003761804,-25.4135762647939,85.72213785148223,543191.8120785713,1.6053909419108026,r1,False,False,False,True,False,UNC(LP)
48,763605,576683641.2991,2019-04-11 13:53:56.299100,2019-04-11 13:53:56.299100,763626,576683728.8524021,2019-04-11 13:55:23.852402,87.55330204963684,GRB190411579,n0_r1 n1_r0 n1_r1 n2_r0 n2_r1 n5_r0 n5_r1 n9_r1,n0 n1 n2 n5 n9,8.554440376457217,17.570052259476736,0.0,17.570052259476736,R,0.15,0.75,0.0,39.79,46.72,39.51,44.89,12.31,10.74,576683646.931182,113.63407012365565,-21.13524486050798,True,True,19.5237593913656,8.243129443500585,141.46154571800292,-12.242854764957972,21.135244424158373,245.6310012174945,529036.970658677,1.3901402131921166,r1,True,False,False,False,False,GRB
49,770708,576722398.5663271,2019-04-12 00:39:53.566327,2019-04-12 00:39:53.566327,770709,576722402.6623931,2019-04-12 00:39:57.662393,4.096065998077393,,n2_r1,n2,0.0,3.211118348186567,0.0,3.211118348186567,P,0.0,0.0,0.0,34.83,34.73,56.95,30.72,63.26,25.88,576722398.5663271,29.92361501549048,-18.867085532443514,False,False,19.936221392411216,8.407923252960904,142.71854688777216,-24.74729355697797,18.867083103919107,134.5604523822243,521349.0441053616,1.0610274048480686,r1,True,True,False,False,False,GRB
50,789977,576812522.004926,2019-04-13 01:41:57.004926,2019-04-13 01:41:11.948012,789979,576812530.197096,2019-04-13 01:42:05.197096,8.192170023918152,,nb_r1,nb,0.0,5.078020511672524,0.0,5.078020511672524,P,0.0,0.05,0.0,195.98,-12.37,184.25,-7.84,70.09,38.21,576812517.908835,314.42367323724795,10.563933424349894,True,False,20.896323901999956,8.789299407913308,307.71248847332566,50.388969958233965,-10.563933269960671,267.9880395637301,531089.45320453,1.1145065903382676,r1,True,False,False,True,False,GRB
51,815936,576929772.4975271,2019-04-14 10:16:07.497527,2019-04-14 10:15:30.632833,815950,576929829.842598,2019-04-14 10:17:04.842598,57.34507083892822,,n2_r2 n9_r2 na_r2 nb_r1 nb_r2,n2 n9 na nb,0.0,7.184355265064671,6.358894057719295,7.184355265064671,R,0.0,0.05,0.1,265.8,-25.85,251.98,-14.11,87.86,42.46,576929805.2661469,144.67511462983754,-1.636734384534556,True,True,22.147846543303277,9.281598772701573,2.349515121675818,2.0727219136784085,1.6367342489711696,328.2041465286422,532587.0415140697,1.1139254191322487,r2,False,False,False,True,True,UNC(LP)
52,829072,576994191.42907,2019-04-15 04:09:46.429070,2019-04-15 04:09:46.429070,829123,576994401.911959,2019-04-15 04:13:16.911959,210.4828890562057,GRB190415173,n0_r0 n0_r1 n0_r2 n1_r0 n1_r1 n1_r2 n2_r0 n2_r1 n2_r2 n3_r0 n3_r1 n3_r2 n4_r0 n4_r1 n4_r2 n5_r0 n5_r1 n5_r2 n6_r0 n6_r1 n6_r2 n7_r0 n7_r1 n7_r2 n8_r1 n8_r2 n9_r1 na_r0 na_r1 nb_r0 nb_r1,n0 n1 n2 n3 n4 n5 n6 n7 n8 n9 na nb,28.80780023009377,106.09116039652233,40.156723818669285,106.09116039652233,R,0.75,0.95,0.95,28.3,5.47,28.35,5.5,1.22,1.36,576994197.061192,243.13876176379893,25.28040749100421,True,True,22.83595319489168,9.549850712836465,149.83325132055697,-54.14502050464711,-25.280404828744864,157.6340738730856,545253.0598316117,1.511617421906462,r1,False,False,False,False,False,UNC
53,879611,577234633.2724099,2019-04-17 22:57:08.272410,2019-04-17 22:56:43.695886,879612,577234966.8046991,2019-04-17 23:02:41.804699,333.532289147377,,nb_r1,nb,0.0,3.985091024765894,0.0,3.985091024765894,P,0.0,0.05,0.0,139.68,-28.95,138.51,-25.56,71.47,36.13,577234633.2724099,277.3557853120684,12.211395416592778,True,True,25.412233119978616,10.5380795613764,256.65013735507364,14.24456608107032,-12.211393825420023,267.29066552644224,539588.9841290783,1.1167166974303735,r1,True,False,False,True,False,GRB
54,907304,577360545.2036531,2019-04-19 09:55:40.203653,2019-04-19 09:55:34.571537,907367,577360803.639827,2019-04-19 09:59:58.639827,258.43617391586304,GRB190419414,n0_r0 n0_r1 n0_r2 n1_r0 n1_r1 n2_r0 n2_r1 n3_r1 n4_r1 n5_r1 n6_r0 n6_r1 n6_r2 n7_r1 n8_r1 n9_r0 n9_r1 n9_r2 na_r0 na_r1 na_r2 nb_r1,n0 n1 n2 n3 n4 n5 n6 n7 n8 n9 na nb,20.436976941381204,40.01776162758914,6.179521869120586,40.01776162758914,R,0.85,0.95,0.95,114.64,-45.56,113.7,-44.86,7.14,3.44,577360549.6824241,290.76380576578583,1.6709086472513766,True,True,26.766186091176245,11.04672307157359,258.5584693093604,-11.439535139344686,-1.6709085549619966,114.61053084989908,536466.0840198426,1.0125044749108012,r1,True,False,False,False,False,GRB
55,929036,577465709.717224,2019-04-20 15:08:24.717224,2019-04-20 15:08:16.525062,929053,577465779.3506371,2019-04-20 15:09:34.350637,69.63341307640076,,n4_r1 n8_r1,n4 n8,0.0,10.250063068788744,0.0,10.250063068788744,S,0.0,0.3,0.0,294.1,-38.83,287.13,-32.96,57.53,28.32,577465730.197649,81.64328902452999,-11.20206539424526,True,False,27.899908837291427,11.466664996847578,0.3213631956616065,-24.898957847975367,11.202063834844,186.03796744509413,521177.9227762376,1.0806672590867066,r1,True,False,False,False,False,GRB
56,934486,577492381.6362131,2019-04-20 22:32:56.636213,2019-04-20 22:32:44.347955,934491,577492402.116667,2019-04-20 22:33:17.116667,20.480453968048096,,n6_r0 n6_r1 n7_r0 n7_r1 n8_r0 n9_r0 nb_r0 nb_r1,n6 n7 n8 n9 nb,16.5311675546563,7.473967763351093,0.0,16.5311675546563,R,0.0,0.0,0.0,192.71,36.42,189.53,37.84,27.09,16.36,577492377.540127,315.736647942185,-14.229193996206131,True,True,28.187549493386108,11.572323254782122,123.69463590291552,80.70824422609046,14.229193870730054,308.7967556853556,532721.1015321761,1.2612041684555062,r0,True,False,False,False,False,GRB
57,935356,577495952.207299,2019-04-20 23:32:27.207299,2019-04-20 23:32:12.037816,935358,577495960.590286,2019-04-20 23:32:35.590286,8.382987022399902,GRB190420981,n6_r1,n6,0.0,3.662754647464652,0.0,3.662754647464652,P,0.0,0.55,0.0,249.47,-69.04,233.58,-62.91,72.54,18.67,577495952.207299,183.03812133739788,25.28751853044733,True,True,28.2261486834843,11.586474140384492,320.90012029205224,-14.51408911501762,-25.28751390945469,161.16298908152024,540609.0978344665,1.497703019672679,r1,True,False,False,False,False,GRB
58,966106,577641914.640847,2019-04-22 16:05:09.640847,2019-04-22 16:05:04.008729,966111,577641935.121297,2019-04-22 16:05:30.121297,20.48045003414154,GRB190422670,na_r1 nb_r1,na nb,0.0,6.851327598938044,0.0,6.851327598938044,S,0.0,0.45,0.0,192.89,-41.61,194.83,-33.5,41.91,30.65,577641914.640847,24.725165051859253,-23.935400773618134,True,False,29.804941933232566,12.15958281443015,302.9560080274546,21.257278170242955,23.935399168527965,113.00809432547884,525347.9255709808,1.1003687952736094,r1,True,False,False,False,False,GRB
59,968123,577652316.100524,2019-04-22 18:58:31.100524,2019-04-22 18:58:31.100524,968124,577652320.196609,2019-04-22 18:58:35.196609,4.096085071563721,,n0_r1 n2_r1 n2_r2 n9_r1 na_r1,n0 n2 n9 na,0.0,6.958756255601275,3.525161121252709,6.958756255601275,R,0.0,0.0,0.0,133.89,11.79,137.78,18.57,53.01,23.67,577652316.100524,315.17976389819177,-18.418656925909023,True,True,29.917653805944653,12.200066751573564,216.22619619934852,32.83914616141521,18.418653704351296,158.2432034253739,534147.0339234174,1.0891998803101033,r1,False,False,False,False,False,UNC
60,971483,577666566.6647191,2019-04-22 22:56:01.664719,2019-04-22 22:55:57.568642,971531,577666766.3485751,2019-04-22 22:59:21.348575,199.683856010437,GRB190422957,n6_r0 n6_r1 n7_r0 n7_r1 n8_r0 n8_r1 nb_r1,n6 n7 n8 nb,12.039926736242371,12.737007861998409,0.0,12.737007861998409,R,0.5,0.35,0.0,183.29,-62.78,180.12,-60.51,40.34,12.95,577666707.467437,142.62528702154418,20.85364611153193,True,True,30.07364695303666,12.256000404186016,298.5694639080669,-0.2322383916198166,-20.853643658648217,127.32194010083155,532117.6695800604,1.4089859370604516,r1,True,False,False,False,True,GRB
61,987361,577742407.635642,2019-04-23 20:00:02.635642,2019-04-23 19:59:46.251320,987368,577742693.82614,2019-04-23 20:04:48.826140,286.1904979944229,,nb_r1,nb,0.0,6.684197340322612,0.0,6.684197340322612,P,0.0,0.0,0.0,200.77,-23.28,200.34,-15.41,83.83,42.71,577742432.212144,239.96325754738191,11.189777035011112,False,True,30.895344804465385,12.548776001248122,312.290717808108,39.01148948514869,-11.1897768966719,268.2762800362294,540379.4292685158,1.115866178943715,r1,True,True,False,False,False,GRB
62,1013551,577860709.1839349,2019-04-25 04:51:44.183935,2019-04-25 04:48:19.380089,1013554,577860721.4721591,2019-04-25 04:51:56.472159,12.28822422027588,,n2_r0 n3_r0 n4_r0 n5_r0 n6_r0 n7_r0 n7_r1 n8_r0 na_r0 nb_r0,n2 n3 n4 n5 n6 n7 n8 na nb,60.32116908757431,7.923305545382116,0.0,60.32116908757431,R,0.4,0.15,0.0,288.1,-77.23,284.69,-70.26,58.32,15.83,577860709.1839349,129.06442510218113,21.2704590654479,True,True,32.18184502247644,13.000795246635974,317.3127653014508,-27.55952448508731,-21.270457689859366,23.207427259910904,529659.0578229956,1.496236784456085,r0,False,False,False,True,False,UNC(LP)
63,1064684,578103374.861204,2019-04-28 00:16:09.861204,2019-04-28 00:16:01.669066,1064712,578103489.551195,2019-04-28 00:18:04.551195,114.68999099731444,,n0_r0 n0_r1 n1_r0 n1_r1 n2_r0 n2_r1 n3_r0 n3_r1 n4_r0 n4_r1 n5_r0 n5_r1 n6_r0 n6_r1 n7_r0 n7_r1 n8_r0 n8_r1 n9_r0 n9_r1 na_r0 na_r1 nb_r0 nb_r1,n0 n1 n2 n3 n4 n5 n6 n7 n8 n9 na nb,31.74492305509104,30.3286466261384,0.0,31.74492305509104,R,0.2,0.15,0.0,51.79,49.62,80.95,45.31,67.19,19.35,578103407.629773,305.1574029950599,-24.187291162287508,True,True,34.83386520609122,13.907293986874627,147.0873296403848,-5.811637185754003,24.18728783864956,265.28818925065013,538038.3232190554,1.6146871447517732,r0,True,False,False,True,True,GRB
64,1078239,578170096.1801441,2019-04-28 18:48:11.180144,2019-04-28 18:48:05.548060,1078255,578170163.253175,2019-04-28 18:49:18.253175,67.07303094863892,GRB190428783,n0_r0 n0_r1 n1_r0 n1_r1 n2_r1 n3_r0 n3_r1 n4_r1 n5_r0 n5_r1 na_r0 na_r1 nb_r1,n0 n1 n2 n3 n4 n5 na nb,10.997161816689136,25.76985119068133,0.0,25.76985119068133,R,0.9,0.9,0.0,44.87,15.42,44.09,15.16,5.45,5.28,578170101.812228,193.3533424737859,16.234128538889646,True,True,35.5656153136439,14.151246647078873,162.91665433027208,-37.3185976415938,-16.23412621760655,234.83085428072891,533032.9768080882,1.1303689312657927,r1,True,False,False,False,False,GRB
65,1095169,578250226.331763,2019-04-29 17:03:41.331763,2019-04-29 17:03:12.659313,1095170,578250230.4278259,2019-04-29 17:03:45.427826,4.096062898635864,,n5_r1,n5,0.0,4.513486860449391,0.0,4.513486860449391,P,0.0,0.0,0.0,62.25,-1.32,77.35,2.79,72.86,37.4,578250222.2357011,201.98930275928936,10.36527822671183,True,True,36.44640933842515,14.441263763883896,192.9322955969732,-36.13177994829819,-10.365277808652422,268.71770582957106,532205.996402768,1.115309915864354,r1,True,False,False,True,False,GRB
66,1095798,578252999.6745961,2019-04-29 17:49:54.674596,2019-04-29 17:49:39.314331,1095803,578253020.1549671,2019-04-29 17:50:15.154967,20.48037099838257,GRB190429743,n9_r1 na_r1 nb_r1,n9 na nb,0.0,6.514676039736946,0.0,6.514676039736946,S,0.0,0.45,0.0,202.37,-4.19,200.81,1.43,32.8,20.42,578252999.6745961,17.151884625466142,-12.301506010358825,True,False,36.47697701051502,14.451257016336507,320.725913138784,57.366470650441656,12.301503991552472,72.27594277880478,530687.0121418637,1.016348514410217,r1,True,False,False,False,False,GRB
67,1121126,578367476.1802139,2019-05-01 01:37:51.180214,2019-05-01 01:37:10.219518,1121140,578367533.525178,2019-05-01 01:38:48.525178,57.34496402740479,,n3_r2 n4_r1 n4_r2 n5_r1 n5_r2 n6_r2 n8_r2 n9_r2 nb_r1,n3 n4 n5 n6 n8 n9 nb,0.0,10.837608781500402,8.256370854383498,10.837608781500402,R,0.0,0.0,0.0,330.42,29.99,274.3,26.48,117.08,42.29,578367496.6605539,31.001061129392266,-1.993920579963696,False,False,37.73911304366226,14.859632205243583,84.48809016149234,-19.938146828840207,1.9939203236680876,327.7481648404636,529927.3487387338,1.1133424455044447,r2,False,True,False,True,False,TGF
68,1141194,578462497.528154,2019-05-02 04:01:32.528154,2019-05-02 04:01:20.302619,1141200,578462522.167227,2019-05-02 04:01:57.167227,24.63907301425934,GRB190502168,n0_r0 n0_r1 n3_r0 n3_r1 n4_r0 n6_r1 n7_r1,n0 n3 n4 n6 n7,9.948685059170437,10.193064483853613,0.0,10.193064483853613,R,0.6,0.45,0.0,92.28,11.22,91.17,9.12,11.99,10.93,578462497.528154,254.93413028558885,-19.395517365179977,True,True,38.78935189552115,15.193055997555524,198.09844793438137,-4.105750402428909,19.395514455564225,154.7605223623216,535538.0230475998,1.091724979971615,r1,True,False,False,False,True,GRB
69,1181506,578656661.764602,2019-05-04 09:57:36.764602,2019-05-04 09:57:31.132512,1181511,578656682.755209,2019-05-04 09:57:57.755209,20.990607023239136,GRB190504415,n3_r1,n3,0.0,4.672563340719715,0.0,4.672563340719715,P,0.0,0.25,0.0,74.99,33.09,86.15,19.58,64.36,30.97,578656656.1325121,251.7106467721521,-22.38450867267464,True,True,40.94439726306671,15.858682998892991,171.0385551135231,-5.714951554477898,22.384509597868146,60.328016351847054,534342.4714001346,1.1228521770185895,r1,True,False,False,False,True,GRB
70,1215087,578812030.322161,2019-05-06 05:07:05.322161,2019-05-06 05:06:55.195672,1215155,578812307.831038,2019-05-06 05:11:42.831038,277.5088770389557,SFLARE19050621,n0_r0 n0_r1 n1_r0 n1_r1 n2_r0 n2_r1 n3_r0 n3_r1 n4_r0 n4_r1 n5_r0 n5_r1,n0 n1 n2 n3 n4 n5,462.7712184633088,96.31732552096808,0.0,462.7712184633088,R,0.8,0.85,0.0,39.48,8.03,39.46,8.06,0.52,0.58,578812124.53181,334.5506017233892,-11.68679639587695,True,True,42.67841267591867,16.375790314887332,162.9794751776799,-46.396536027025455,11.686794610094012,213.6093951499479,537919.2494483619,1.1238931416554498,r0,False,False,True,False,False,SF
71,1221284,578843573.599868,2019-05-06 13:52:48.599868,2019-05-06 13:51:11.318445,1221323,578843733.346222,2019-05-06 13:55:28.346222,159.7463539838791,SFLARE19050657,n0_r0 n1_r0 n2_r0 n3_r0 n4_r0 n5_r0 n5_r1,n0 n1 n2 n3 n4 n5,81.3474460582523,12.373083586033164,0.0,81.3474460582523,R,0.55,0.15,0.0,69.16,-4.11,68.96,-3.81,2.98,2.8,578843614.5604692,158.61062335856138,8.887928497757832,True,True,43.03055009828472,16.47875701859039,200.12896749464556,-31.68200592376268,-8.887927593143617,266.1017209319453,523757.8422013151,1.1100521720540593,r0,False,False,True,True,False,SF
72,1224723,578857670.2786851,2019-05-06 17:47:45.278685,2019-05-06 17:47:28.894385,1224745,578857763.4643301,2019-05-06 17:49:18.464330,93.1856449842453,SFLARE19050674,n1_r0 n1_r1 n2_r0 n2_r1 n3_r0 n3_r1 n4_r0 n4_r1 n5_r0 n5_r1,n1 n2 n3 n4 n5,67.83606827872416,13.31541997464337,0.0,67.83606827872416,R,0.4,0.45,0.0,39.89,13.45,39.69,13.0,2.16,2.67,578857697.5446651,326.92555325121793,-13.312265349614826,True,True,43.18813277757763,16.524609496900094,159.2129722557417,-41.67994975705538,13.31226418883544,15.576900333334809,538205.578502354,1.0612829395720065,r0,False,False,True,False,False,SF
73,1229005,578875224.2078661,2019-05-06 22:40:19.207866,2019-05-06 22:39:30.054992,1229041,578875371.666489,2019-05-06 22:42:46.666489,147.45862293243408,,n0_r1 n0_r2 n1_r2 n2_r1 n2_r2 n3_r2 n4_r1 n4_r2 n5_r1 n5_r2 n6_r1 n6_r2 n7_r1 n7_r2 n8_r1 n8_r2 n9_r1 n9_r2 na_r2 nb_r1 nb_r2,n0 n1 n2 n3 n4 n5 n6 n7 n8 n9 na nb,0.0,24.45910688732669,17.999214355458932,24.45910688732669,R,0.0,0.05,0.1,202.03,-16.16,194.39,-16.21,75.7,33.53,578875277.456812,352.49018558965554,-1.2907524614627273,True,False,43.38493100966436,16.581676439813954,315.6129708513535,45.81040199760484,1.290752272910538,327.69134321332604,538044.3846911322,1.115441066478958,r2,False,False,False,True,False,UNC(LP)
74,1234238,578903304.718355,2019-05-07 06:28:19.718355,2019-05-07 06:28:19.718355,1234245,578903335.949329,2019-05-07 06:28:50.949329,31.23097407817841,GRB190507270,n1_r1 n9_r0 n9_r1 na_r0 na_r1,n1 n9 na,6.065077468099689,8.572093939368601,0.0,8.572093939368601,R,0.2,0.55,0.0,164.26,-5.69,166.17,-6.42,15.54,12.68,578903310.8624591,321.6770102031396,-13.95223891570578,True,True,43.698949256278816,16.67228208153215,258.5447080125624,47.08503472885746,13.952238384464902,179.75251134487888,537990.1385799475,1.0914674246109315,r1,True,False,False,False,False,GRB
75,1242651,578942118.232585,2019-05-07 17:15:13.232585,2019-05-07 17:15:13.232585,1242653,578942125.652953,2019-05-07 17:15:20.652953,7.420368075370789,,na_r1,na,0.0,4.970654522281374,0.0,4.970654522281374,P,0.0,0.05,0.0,267.14,-17.68,255.91,-20.41,62.7,25.73,578942118.232585,243.25051722282373,-24.60599892752664,False,True,44.13405526156343,16.79690371015773,10.000818201490311,5.234147432552168,24.60599579377108,299.1859322998936,531088.159707714,1.5939734780286607,r1,True,True,False,False,False,GRB
76,1247717,578963794.125768,2019-05-07 23:16:29.125768,2019-05-07 23:16:07.109446,1247768,578964004.560949,2019-05-07 23:19:59.560949,210.4351810216904,GRB190507970,n0_r1 n1_r1 n6_r0 n6_r1 n7_r0 n7_r1 n8_r1 n9_r0 n9_r1 na_r0 na_r1 nb_r0 nb_r1,n0 n1 n6 n7 n8 n9 na nb,22.135248708361534,37.55970310602768,0.0,37.55970310602768,R,0.85,0.9,0.0,290.73,-30.24,289.34,-31.51,5.75,5.68,578963816.142106,171.73666667198975,-1.6832129472575916,True,True,44.37753455372189,16.866171241105768,8.193686355637597,-19.56803184388724,1.6832127336599716,137.01659611943643,522213.4366996161,1.013364539849591,r1,True,False,False,False,False,GRB
77,1262847,579036174.1204281,2019-05-08 19:22:49.120428,2019-05-08 19:22:35.296205,1262868,579036261.6738751,2019-05-08 19:24:16.673875,87.55344700813293,GRB190508808,n6_r1 n7_r0 n7_r1 n8_r0 n8_r1 nb_r0 nb_r1,n6 n7 n8 nb,10.054006490519702,16.90386230338478,0.0,16.90386230338478,R,0.7,0.85,0.0,176.24,19.01,178.95,18.39,11.39,9.57,579036183.848587,50.86052555252843,23.946387596584376,True,False,45.19065081817106,17.0950445034302,237.42280068962697,72.70989790634407,-23.946384887126687,73.78277941237582,538630.1062983695,1.534960363510232,r1,True,False,False,False,False,GRB
78,1270152,579073447.1113801,2019-05-09 05:44:02.111380,2019-05-09 05:43:51.680969,1270249,579073844.42974,2019-05-09 05:50:39.429740,397.3183598518372,SFL190509239,n0_r0 n0_r1 n1_r0 n1_r1 n2_r0 n2_r1 n3_r0 n3_r1 n4_r0 n4_r1 n5_r0 n5_r1 n6_r0 n7_r0 n8_r0 na_r0 nb_r0,n0 n1 n2 n3 n4 n5 n6 n7 n8 na nb,206.015635564898,43.72811155372059,0.0,206.015635564898,R,0.85,0.9,0.0,43.03,11.36,43.14,11.55,1.06,1.05,579073643.722496,254.3442414454855,-25.454661734910346,True,True,45.61218304137632,17.212204620184533,164.17736848879528,-41.6470770023181,25.45466196275852,120.7563460185223,531335.6754586857,1.119416943826797,r0,False,False,True,False,False,SF
79,1291594,579175982.637909,2019-05-10 10:12:57.637909,2019-05-10 10:12:53.541847,1291688,579176375.86008,2019-05-10 10:19:30.860080,393.22217094898224,GRB190510430,n1_r1 n4_r0 n4_r1,n1 n4,3.454760900443051,4.868335102475236,0.0,4.868335102475236,R,0.9,0.95,0.0,112.8,35.1,120.73,36.52,48.97,17.7,579176363.333111,248.1896078561594,-25.367425449124266,True,True,46.770301970637554,17.528810458579628,183.89429952548565,22.819677191625747,25.367421491423453,45.431510761649385,529621.9276743022,1.1811586059629058,r1,True,False,False,False,False,GRB
80,1307861,579251671.919611,2019-05-11 07:14:26.919611,2019-05-11 07:14:21.287517,1307912,579251881.3298091,2019-05-11 07:17:56.329809,209.41019809246063,GRB190511302,n0_r0 n0_r1 n1_r0 n1_r1 n2_r0 n2_r1 n3_r0 n3_r1 n4_r1 n5_r1 n6_r0 n6_r1 n7_r0 n7_r1 n8_r0 n8_r1 n9_r0 n9_r1 na_r0 na_r1 nb_r1,n0 n1 n2 n3 n4 n5 n6 n7 n8 n9 na nb,31.39904239555636,63.22737284618892,0.0,63.22737284618892,R,0.9,0.9,0.0,133.8,-19.88,133.8,-19.54,3.15,2.88,579251697.006649,316.2165695081069,-4.398278932891207,True,True,47.62172623178843,17.756599544182983,245.89363291040695,15.978822784563542,4.398278298067549,158.70875922237653,537196.139741913,1.0303634858183852,r1,True,False,False,False,False,GRB
81,1332394,579364809.841922,2019-05-12 14:40:04.841922,2019-05-12 14:39:53.577746,1332399,579364830.322258,2019-05-12 14:40:25.322258,20.48033595085144,GRB190512611,n0_r0 n0_r1 n3_r1,n0 n3,4.081782960085111,6.162128227590879,0.0,6.162128227590879,R,0.2,0.35,0.0,89.75,1.0,92.04,1.59,34.6,16.84,579364809.841922,245.6683693924688,-24.255394144785942,True,True,48.90341599498146,18.091484926343487,205.96551057218736,-11.180850249520574,24.25539337880437,335.5667048739573,527511.4385747559,1.2234717360629377,r1,True,False,False,False,False,GRB
82,1365428,579522666.104814,2019-05-14 10:31:01.104814,2019-05-14 10:30:28.336314,1365494,579522936.444841,2019-05-14 10:35:31.444841,270.34002697467804,,n0_r0 n0_r1 n1_r0 n1_r1 n2_r0 n2_r1 n3_r0 n3_r1 n4_r0 n4_r1 n5_r0 n5_r1 n6_r0 n6_r1 n7_r0 n7_r1 n8_r0 n8_r1 n9_r0 n9_r1 na_r0 na_r1 nb_r0 nb_r1,n0 n1 n2 n3 n4 n5 n6 n7 n8 n9 na nb,85.80776772156435,54.67501232124635,0.0,85.80776772156435,R,0.25,0.2,0.0,242.33,14.69,237.4,13.24,18.09,7.69,579522784.890588,120.03556676516564,1.9226593309271989,True,True,50.70003472802944,18.54454038299523,28.189327213448983,42.45847109286566,-1.922659209591302,269.90236037915747,526723.5784286464,1.133974600031152,r0,True,False,False,True,False,GRB
83,1366699,579527876.30041,2019-05-14 11:57:51.300410,2019-05-14 11:54:26.497127,1366716,579527945.933502,2019-05-14 11:59:00.933502,69.6330919265747,,n0_r0 n1_r0 n2_r0 n3_r0 n4_r0 n5_r0 n6_r0 n7_r0 n7_r1 n8_r0 n8_r1 n9_r0 na_r0 nb_r0,n0 n1 n2 n3 n4 n5 n6 n7 n8 n9 na nb,96.53063915102274,9.871266667449442,0.0,96.53063915102274,R,0.0,0.2,0.0,248.8,-45.32,248.03,-46.43,14.14,9.36,579527937.7413759,87.18242361301209,15.819321220262031,True,False,50.75876647423014,18.55902595637625,338.5726551520483,1.507164202690893,-15.81932086566172,215.520216157684,535082.2616109021,1.1426006588772952,r0,False,False,False,False,True,GF
84,1366721,579527966.413832,2019-05-14 11:59:21.413832,2019-05-14 11:55:56.610576,1366977,579529015.005548,2019-05-14 12:16:50.005548,1048.5917160511017,,n0_r0 n0_r1 n1_r0 n1_r1 n2_r0 n2_r1 n3_r0 n3_r1 n4_r0 n4_r1 n5_r0 n5_r1 n6_r0 n6_r1 n7_r0 n7_r1 n8_r0 n8_r1 n9_r0 n9_r1 na_r0 na_r1 nb_r0 nb_r1,n0 n1 n2 n3 n4 n5 n6 n7 n8 n9 na nb,1608.4549472317524,526.1936824258058,0.0,1608.4549472317524,R,0.7,0.7,0.0,0.79,-1.64,0.83,-1.63,0.75,0.79,579528679.128665,130.3657584982399,-3.2105836945109645,True,True,50.76721741522476,18.561108593549942,96.4905654755302,-62.01225420319798,3.2105833806801987,255.6059812220725,524681.1437682665,1.1304266548012225,r0,False,False,False,False,False,UNC
85,1368270,579534315.315178,2019-05-14 13:45:10.315178,2019-05-14 13:43:48.393952,1368439,579535007.5493261,2019-05-14 13:56:42.549326,692.2341480255127,,n0_r0 n0_r1 n1_r0 n1_r1 n2_r0 n2_r1 n3_r0 n3_r1 n4_r0 n4_r1 n5_r0 n5_r1 n6_r0 n6_r1 n7_r0 n7_r1 n8_r0 n8_r1 n9_r0 n9_r1 na_r0 na_r1 nb_r0 nb_r1,n0 n1 n2 n3 n4 n5 n6 n7 n8 n9 na nb,1115.808755334456,198.808733500732,0.0,1115.808755334456,R,0.4,0.45,0.0,41.07,10.74,41.06,10.79,1.12,1.05,579534700.3448341,148.26970738063164,-11.44532524901448,True,True,50.83585845179452,18.578008544070062,162.57045485696983,-43.27893772930294,11.44532328693615,248.3528352153165,522314.0343906185,1.2042193697016783,r0,False,False,True,False,False,SF
86,1374616,579562905.141253,2019-05-14 21:41:40.141253,2019-05-14 21:40:55.084587,1374618,579562913.3333709,2019-05-14 21:41:48.333371,8.192117929458618,TGF190514901,n9_r0 n9_r1,n9,6.626424735888691,4.810060918109212,0.0,6.626424735888691,P,0.1,0.1,0.0,273.01,21.32,272.18,14.38,58.78,23.56,579562905.141253,127.39016341256595,-3.081612674474468,True,True,51.15753794844856,18.65683228858935,48.21970095644664,17.912165051552357,3.081612415049491,109.63154566967516,525216.184170533,0.9856231142901896,r0,True,False,False,False,False,GRB
87,1382204,579602210.387608,2019-05-15 08:36:45.387608,2019-05-15 08:36:20.811213,1382207,579602625.0587481,2019-05-15 08:43:40.058748,414.6711400747299,,n6_r1 n8_r1,n6 n8,0.0,6.132501021725796,0.0,6.132501021725796,S,0.0,0.0,0.0,272.53,-16.76,265.09,-11.8,65.06,35.17,579602210.387608,87.80139929724676,13.39789886972343,True,False,51.60622842076471,18.765741140360536,13.359914476759595,1.2167203270284963,-13.397897249337342,265.8225289364599,534856.3124077484,1.1184252690111671,r1,True,False,False,True,True,GRB
88,1388657,579629065.723707,2019-05-15 16:04:20.723707,2019-05-15 16:04:16.627637,1388661,579629082.108005,2019-05-15 16:04:37.108005,16.384298086166382,,n4_r0 n4_r1,n4,4.63215939619154,3.754192323886581,0.0,4.63215939619154,P,0.05,0.3,0.0,100.97,49.95,137.07,39.32,104.8,41.53,579629065.723707,335.09562551483054,16.83395196467574,True,True,51.913070365141536,18.83952243933498,165.8763035736195,19.27874164272937,-16.83395285813733,40.9131589798823,541855.7940954956,1.337409957278119,r0,True,False,False,False,False,GRB
89,1428229,579814213.892417,2019-05-17 19:30:08.892417,2019-05-17 19:30:03.260335,1428247,579814289.157541,2019-05-17 19:31:24.157541,75.26512408256531,GRB190517813,n0_r1 n1_r1 n4_r1 n6_r1 n7_r1 n8_r1 n9_r0 n9_r1 na_r0 na_r1 nb_r0 nb_r1,n0 n1 n4 n6 n7 n8 n9 na nb,15.929794390865323,21.84141319689818,0.0,21.84141319689818,R,0.9,0.9,0.0,267.45,13.79,267.76,13.94,4.1,3.79,579814213.892417,124.04796675057956,-10.54969137614085,True,True,54.03458094510714,19.334074417272724,38.68920702511839,19.774444510429174,10.549690119042868,136.30263576386903,526711.1237588103,1.0116167936313276,r1,True,False,False,False,False,GRB
90,1454778,579943498.760658,2019-05-19 07:24:53.760658,2019-05-19 07:24:48.126913,1454830,579943714.314765,2019-05-19 07:28:29.314765,215.5541069507599,GRB190519309,n0_r0 n0_r1 n1_r0 n1_r1 n2_r0 n2_r1 n3_r0 n3_r1 n4_r0 n4_r1 n5_r0 n5_r1 n7_r1 n8_r0 n8_r1 n9_r0 n9_r1 na_r0 na_r1 nb_r1,n0 n1 n2 n3 n4 n5 n7 n8 n9 na nb,66.93779129287385,100.04705566406976,0.0,100.04705566406976,R,0.95,0.95,0.0,115.39,-33.02,115.69,-32.94,1.92,1.54,579943542.279768,356.73244277276643,25.406852809573344,True,False,55.52276231534515,19.66464864287687,247.68918840005247,-4.969823277646221,-25.40684949953235,188.6434621591941,544627.4682277859,1.373356198715263,r1,True,False,False,False,True,GRB
91,1461071,579969296.884471,2019-05-19 14:34:51.884471,2019-05-19 14:34:39.596294,1461080,579969333.749018,2019-05-19 14:35:28.749018,36.86454689502716,,n2_r1 n4_r0 n4_r1 n5_r0 n5_r1 n6_r0 n7_r0 n7_r1 n8_r0 n8_r1 na_r0 na_r1 nb_r0,n2 n4 n5 n6 n7 n8 na nb,12.808541268432672,14.942394839361343,0.0,14.942394839361343,R,0.0,0.0,0.0,11.38,-79.28,40.94,-57.99,75.09,35.11,579969309.172663,181.12230539104957,-25.44311001016788,True,True,55.81987811363175,19.72902527537892,303.28071885512253,-37.840651093315465,25.44310577283977,265.377323016146,522559.7880535976,1.661768265008531,r0,True,False,False,True,False,GRB
92,1471615,580023246.539628,2019-05-20 05:34:01.539628,2019-05-20 05:33:57.443559,1471621,580023271.1160591,2019-05-20 05:34:26.116059,24.576431035995483,,n6_r0 n7_r1 n9_r0 n9_r1 na_r1 nb_r1,n6 n7 n9 na nb,5.334141391247205,9.234746184981558,0.0,9.234746184981558,R,0.0,0.2,0.0,206.11,-15.25,202.87,-14.71,38.49,23.23,580023250.635697,339.1907570993104,24.67126248805712,True,True,56.44253387296405,19.862179957267,321.3937336026984,45.71579423685275,-24.67126129291889,198.07431904949544,542476.5066669524,1.3214134408049454,r1,True,False,False,False,False,GRB
93,1477738,580048870.052515,2019-05-20 12:41:05.052515,2019-05-20 12:41:00.956450,1477750,580048919.205225,2019-05-20 12:41:54.205225,49.1527099609375,,n4_r0 n4_r1 n7_r1 n8_r0 n8_r1 na_r1 nb_r1,n4 n7 n8 na nb,6.23885333686599,12.759919072650488,0.0,12.759919072650488,R,0.0,0.0,0.0,284.3,22.99,265.81,11.93,93.63,44.93,580048870.052515,153.21631336777358,-24.206996246231977,True,True,56.738576296539335,19.92465275289433,54.19863207911072,9.067506656053682,24.206992063406894,265.06003581873927,525348.1419478061,1.6138466147329722,r1,True,False,False,True,True,GRB
94,1479200,580054862.595882,2019-05-20 14:20:57.595882,2019-05-20 14:20:53.499823,1479258,580055103.239444,2019-05-20 14:24:58.239444,240.64356195926663,LOCLPAR1905205,n0_r0 n0_r1 n1_r0 n1_r1 n2_r0 n2_r1 n3_r0 n3_r1 n4_r0 n4_r1 n5_r0 n5_r1 n6_r0 n6_r1 n7_r0 n7_r1 n8_r0 n8_r1 n9_r0 n9_r1 na_r0 na_r1 nb_r0 nb_r1,n0 n1 n2 n3 n4 n5 n6 n7 n8 n9 na nb,61.05974812060983,76.3193278406312,0.0,76.3193278406312,R,0.5,0.55,0.0,288.62,61.44,288.06,59.61,30.56,8.97,580054918.916704,176.69492291448705,-25.387685013259357,True,True,56.80850266308873,19.93933033929124,92.31266794759831,20.963516430579748,25.38768165619405,263.266040976151,523240.3322082056,1.6448126902118267,r0,True,False,False,True,False,GRB
95,1490023,580109987.484606,2019-05-21 05:39:42.484606,2019-05-21 05:39:17.908199,1490032,580110345.818685,2019-05-21 05:45:40.818685,358.3340790271759,,n0_r1 n5_r1 n6_r1 n9_r1 nb_r1,n0 n5 n6 n9 nb,0.0,13.40152809913741,0.0,13.40152809913741,S,0.0,0.1,0.0,240.63,-8.64,239.5,-2.1,48.33,27.37,580110003.868866,50.30254012915401,12.332203464538388,True,False,57.445813489778764,20.071714039593942,2.116679209171359,31.52357443218489,-12.33220214056496,266.7246227599608,541237.9898682006,1.1163297280286903,r1,True,False,False,True,False,GRB
96,1517030,580231723.574776,2019-05-22 15:28:38.574776,2019-05-22 15:28:30.382659,1517031,580231727.670835,2019-05-22 15:28:42.670835,4.096058964729309,,na_r1,na,0.0,3.045498191957037,0.0,3.045498191957037,P,0.0,0.0,0.0,291.97,15.35,274.33,12.5,73.76,37.53,580231719.4787171,158.72732119491454,-25.46668286305746,True,True,58.85728796650698,20.355982109146563,50.70597843715336,-0.8677353500032347,25.466678673968435,226.6124911783413,526137.1990965449,1.395457455293934,r1,True,False,False,False,True,GRB
97,1550193,580389358.236267,2019-05-24 11:15:53.236267,2019-05-24 11:15:45.044119,1550199,580389382.812684,2019-05-24 11:16:17.812684,24.57641708850861,,n3_r1 n7_r1,n3 n7,0.0,6.213448691097393,0.0,6.213448691097393,S,0.0,0.05,0.0,247.32,60.0,242.27,50.96,68.81,26.04,580389358.236267,16.547922979538708,16.687625938904745,True,False,60.69195288410691,20.707025905733563,90.4156793274346,40.811565252232576,-16.687624625345293,145.80660256824112,541256.461796802,1.2778533052528107,r1,True,False,False,False,False,GRB
98,1597825,580617769.0686051,2019-05-27 02:42:44.068605,2019-05-27 02:42:31.780339,1597838,580618058.330843,2019-05-27 02:47:33.330843,289.262237906456,,n8_r1 n9_r1 na_r1 nb_r1 nb_r2,n8 n9 na nb,0.0,12.680927091225776,3.4301788360364247,12.680927091225776,R,0.0,0.05,0.05,224.59,-11.0,221.03,-5.06,52.45,31.07,580617797.741179,12.88532270076156,11.23024950633183,True,False,63.36347064977584,21.180703753995257,346.08910555387337,41.00278306709097,-11.230247680317635,267.7067013121869,537949.4130954555,1.1151689131897065,r1,True,False,False,False,False,GRB
99,1632154,580779181.910072,2019-05-28 23:32:56.910072,2019-05-28 23:32:40.525758,1632158,580779198.294405,2019-05-28 23:33:13.294405,16.38433301448822,,n4_r0 n4_r1,n4,3.956211423369857,4.158447022576534,0.0,4.158447022576534,P,0.3,0.45,0.0,26.06,-16.52,52.98,-16.12,94.72,42.63,580779190.1022501,100.4986556315436,-24.835831810069173,True,False,65.25966290043873,21.489815810137166,174.68640661305884,-73.81390341803923,24.835831215190023,41.01071352558062,537595.7980962005,1.1751791055168426,r0,True,False,False,False,False,GRB
100,1641104,580816636.244783,2019-05-29 09:57:11.244783,2019-05-29 09:53:46.440571,1641107,580816648.53303,2019-05-29 09:57:23.533030,12.288246989250185,,n9_r0 na_r0 na_r1 nb_r0,n9 na nb,40.40136639875495,9.012684576010807,0.0,40.40136639875495,R,0.0,0.15,0.0,296.36,-28.77,294.4,-26.24,26.98,23.65,580816644.436947,303.62724334755893,25.049608674693733,False,True,65.70070593208668,21.558478769615192,11.47012515612529,-23.676900755208347,-25.04960551461017,87.6522924274501,531702.2575328029,1.591061207778915,r0,False,True,False,True,False,TGF
101,1641772,580819376.525655,2019-05-29 10:42:51.525655,2019-05-29 10:39:26.721620,1641839,580819650.9629681,2019-05-29 10:47:25.962968,274.437313079834,,n0_r0 n0_r1 n1_r0 n1_r1 n3_r0 n3_r1 n4_r0 n4_r1 n5_r0 n6_r0 n6_r1 n7_r0 n7_r1 n9_r0 n9_r1 na_r0 na_r1 nb_r0 nb_r1,n0 n1 n3 n4 n5 n6 n7 n9 na nb,84.99050946598399,37.892949810015935,0.0,84.99050946598399,R,0.0,0.4,0.0,210.39,34.74,210.77,41.05,58.89,20.15,580819380.621734,115.1016158956381,-25.48423534881708,True,False,65.7329401644639,21.563449161874004,64.11740067620481,73.17881767510434,25.48423222011453,247.69468198053545,536589.2171631773,1.529070327561432,r0,False,False,False,True,False,UNC(LP)
102,1659778,580904350.064273,2019-05-30 10:19:05.064273,2019-05-30 10:19:05.064273,1659830,580904565.3635551,2019-05-30 10:22:40.363555,215.2992820739746,GRB190530430,n0_r0 n0_r1 n0_r2 n1_r0 n1_r1 n1_r2 n2_r0 n2_r1 n2_r2 n3_r0 n3_r1 n3_r2 n4_r0 n4_r1 n4_r2 n5_r0 n5_r1 n5_r2 n6_r1 n7_r1 n8_r1 n9_r0 n9_r1 n9_r2 na_r0 na_r1 na_r2 nb_r0 nb_r1 nb_r2,n0 n1 n2 n3 n4 n5 n6 n7 n8 n9 na nb,264.42476285356986,740.7512326402218,253.7983775826181,740.7512326402218,R,0.95,0.95,0.95,117.77,34.14,117.76,34.19,0.34,0.28,580904368.7514801,68.25252890600053,-20.98506249314206,True,False,66.73511707577842,21.71472122888028,186.22095272029904,26.45233303377012,20.98506101702324,205.7588494148454,538178.9831276053,1.2287027911318846,r1,True,False,False,False,False,GRB
103,1675626,580980555.801218,2019-05-31 07:29:10.801218,2019-05-31 07:29:05.169108,1675648,580980647.45105,2019-05-31 07:30:42.451050,91.64983201026917,GRB190531312,n0_r0 n0_r1 n1_r0 n1_r1 n2_r0 n2_r1 n3_r0 n3_r1 n4_r1 n5_r0 n5_r1 n9_r1,n0 n1 n2 n3 n4 n5 n9,13.412254813339777,27.935025743290808,0.0,27.935025743290808,R,0.85,0.85,0.0,28.13,16.92,27.34,16.33,6.13,5.49,580980565.529408,192.6922167105901,1.8372177996111163,True,True,67.63516478682614,21.845188956470192,143.26773588247534,-43.5253040285374,-1.837217577649077,11.842711449838133,527735.687523385,1.121034452381787,r1,True,False,False,True,False,GRB
104,1684658,581026207.285366,2019-05-31 20:10:02.285366,2019-05-31 20:09:54.093206,1684712,581026432.569892,2019-05-31 20:13:47.569892,225.2845259904861,GRB190531840,n0_r0 n0_r1 n0_r2 n1_r0 n1_r1 n1_r2 n2_r1 n2_r2 n3_r0 n3_r1 n3_r2 n4_r0 n4_r1 n4_r2 n5_r0 n5_r1 n5_r2 n6_r0 n6_r1 n6_r2 n7_r0 n7_r1 n7_r2 n8_r0 n8_r1 n8_r2 n9_r1 na_r0 na_r1 nb_r0 nb_r1,n0 n1 n2 n3 n4 n5 n6 n7 n8 n9 na nb,49.71718973861294,171.74951875549553,37.86744945818212,171.74951875549553,R,0.9,0.9,0.95,50.49,-36.74,49.95,-36.86,2.39,1.03,581026240.054029,191.0173618187257,2.7538835700951827,True,True,68.17535467410346,21.92104150333813,239.34111997783825,-56.88911183251319,-2.7538833867915065,179.3362887521083,528374.6740845949,1.0556096002511572,r1,True,False,False,False,False,GRB
105,1731659,581242836.645232,2019-06-03 08:20:31.645232,2019-06-03 08:19:54.780458,1731661,581242844.837398,2019-06-03 08:20:39.837398,8.192166090011597,,n0_r2 n5_r1,n0 n5,0.0,4.086254302249084,3.0465201413532688,4.086254302249084,R,0.0,0.0,0.0,19.81,9.56,37.59,7.61,74.05,43.21,581242832.5491481,162.54032382662635,-2.692828212690533,True,True,70.74347970202969,22.25645678722708,134.2911090735506,-52.693616230183125,2.692827790154041,325.9196434475016,533735.5287795024,1.1138908438580226,r1,False,False,False,True,False,UNC(LP)
106,1738954,581281470.47154,2019-06-03 19:04:25.471540,2019-06-03 19:04:25.471540,1738959,581281492.488036,2019-06-03 19:04:47.488036,22.016496062278748,GRB190603795,n0_r1 n3_r0 n3_r1 n4_r0 n4_r1,n0 n3 n4,7.267373520586758,6.602963076305491,0.0,7.267373520586758,R,0.05,0.55,0.0,26.68,39.84,33.26,37.02,33.51,21.33,581281476.1036751,77.73280706266497,-25.5705857147095,True,False,71.20273659319639,22.312044046505072,134.3291649818076,-21.809417781923504,25.57058390788734,79.65654045535484,538275.2351372642,1.1296434122092625,r1,True,False,False,False,False,GRB
107,1751698,581337758.2148311,2019-06-04 10:42:33.214831,2019-06-04 10:42:33.214831,1751742,581337940.745676,2019-06-04 10:45:35.745676,182.5308449268341,GRB190604446,n0_r1 n1_r1 n2_r1 n2_r2 n3_r0 n3_r1 n3_r2 n4_r0 n4_r1 n4_r2 n5_r1 n6_r0 n6_r1 n6_r2 n7_r0 n7_r1 n7_r2 n8_r0 n8_r1 n8_r2,n0 n1 n2 n3 n4 n5 n6 n7 n8,23.4300551738223,56.86213185934509,11.404948843723975,56.86213185934509,R,0.95,0.95,1.0,345.25,50.89,345.99,51.01,3.75,3.23,581337764.358969,22.02223592155705,-17.55319393260388,True,False,71.87222719626448,22.39068527717513,105.7495082298566,-8.259374482720702,17.55319211106638,148.76944348160436,531341.376065173,1.0667932984148694,r1,True,False,False,False,True,GRB
108,1778967,581469754.359182,2019-06-05 23:22:29.359182,2019-06-05 23:22:23.215044,1778970,581469766.838118,2019-06-05 23:22:41.838118,12.478935956954956,GRB190605974,n4_r1 n8_r1,n4 n8,0.0,5.390390889100521,0.0,5.390390889100521,S,0.0,0.35,0.0,336.98,13.19,333.59,13.55,20.84,16.14,581469754.359182,63.71397223737481,-25.578488689552053,True,False,73.44446643103448,22.564199178835214,77.53284520554874,-36.7279195599544,25.578485691018383,358.9971029465887,536497.2813166915,1.1783674418642092,r1,True,False,False,False,False,GRB
109,1781202,581478909.5851669,2019-06-06 01:55:04.585167,2019-06-06 01:54:51.151872,1781215,581478964.761345,2019-06-06 01:55:59.761345,55.17617809772492,GRB190606080,n0_r0 n0_r1 n1_r0 n1_r1 n2_r1 n3_r1 n3_r2 n4_r1 n5_r0 n5_r1 n9_r1 na_r1,n0 n1 n2 n3 n4 n5 n9 na,6.400259124237771,23.592947211766,3.495787655205907,23.592947211766,R,0.9,0.9,0.9,79.47,-1.84,79.45,-3.26,5.94,7.95,581478915.2172861,283.50595866326347,19.05704593065155,True,True,73.55370488355862,22.57567234399241,203.5049192754568,-21.578966804887795,-19.057044146742737,180.5143451574327,526643.5016280338,1.254119894165599,r1,True,False,False,False,False,GRB
110,1789811,581520107.6989701,2019-06-06 13:21:42.698970,2019-06-06 13:21:34.506794,1789816,581520128.1794341,2019-06-06 13:22:03.179434,20.48046398162841,,n7_r0 n7_r1 n8_r0 n8_r1 nb_r0,n7 n8 nb,9.66369516631907,6.024920296220906,0.0,9.66369516631907,R,0.0,0.0,0.0,261.6,4.94,252.63,5.4,46.12,27.42,581520107.6989701,354.2345526317445,-12.64031922751242,True,True,74.04508035849706,22.62634424765451,27.51237011268298,21.149087329146987,12.640316995194633,79.13767749256114,525863.2355243465,1.0098189294485955,r0,True,False,False,False,False,GRB
111,1795363,581547694.214995,2019-06-06 21:01:29.214995,2019-06-06 21:01:12.830632,1795364,581547698.3110809,2019-06-06 21:01:33.311081,4.096085906028748,,nb_r1,nb,0.0,4.014429315884482,0.0,4.014429315884482,P,0.0,0.0,0.0,200.56,-44.95,189.7,-32.48,77.62,33.61,581547690.118909,297.4249054795428,12.19171247049212,True,True,74.37426237848652,22.65943288847054,308.6434382655956,17.58276257312644,-12.19171226661432,267.08662589310217,524396.3337169059,1.1164180699589783,r1,True,False,False,True,False,GRB
112,1799404,581564571.5944741,2019-06-07 01:42:46.594474,2019-06-07 01:42:34.560766,1799415,581564616.905974,2019-06-07 01:43:31.905974,45.31149995326996,GRB190607071,n6_r1 n7_r1 n9_r0 n9_r1 na_r0 na_r1 nb_r0 nb_r1,n6 n7 n9 na nb,9.129394404273912,12.207119142419764,0.0,12.207119142419764,R,0.55,0.55,0.0,275.15,-50.94,274.09,-49.57,35.49,10.19,581564571.5944741,281.8033169657167,17.488838517756356,True,True,74.57579492958804,22.67935085840552,343.48709656989735,-16.190059761499754,-17.488836277259008,180.9329676547245,526367.1358488179,1.2220547256276748,r1,True,True,False,False,False,GRB
113,1816546,581645545.699758,2019-06-08 00:12:20.699758,2019-06-08 00:12:09.689945,1816586,581645709.7977049,2019-06-08 00:15:04.797705,164.09794688224792,GRB190608009,n6_r1 n7_r1 n8_r1 n9_r1 na_r0 na_r1 nb_r0 nb_r1,n6 n7 n8 n9 na nb,9.21476463553325,31.44346591540889,0.0,31.44346591540889,R,0.45,0.75,0.0,224.8,-26.63,224.41,-25.8,9.57,7.02,581645550.050287,340.21236662499217,-10.927037642573971,True,True,75.5431399078591,22.771363973164732,335.34619168543657,28.079344452736077,10.927037833351484,261.0079821769139,523434.792238441,1.2437123520943452,r1,True,False,False,False,False,GRB
114,1821296,581665014.079595,2019-06-08 05:36:49.079595,2019-06-08 05:35:55.830464,1821303,581665042.7521801,2019-06-08 05:37:17.752180,28.67258512973785,,n3_r2 n4_r2 n5_r1 n5_r2,n3 n4 n5,0.0,5.833387163672676,6.134580042525505,6.134580042525505,R,0.0,0.0,0.05,26.42,2.17,54.16,2.02,90.87,46.94,581665009.983501,129.47804754056023,-2.627450457703556,True,False,75.77574905127854,22.792602529749765,149.1168812491028,-57.917855392486416,2.6274503183649927,328.9686250210689,538584.8582925631,1.110342678270139,r2,False,False,False,True,False,UNC(LP)
115,1831674,581718164.323481,2019-06-08 20:22:39.323481,2019-06-08 20:19:14.519332,1831955,581719318.395205,2019-06-08 20:41:53.395205,1154.0717240571976,LOCLPAR1906088,n0_r0 n0_r1 n1_r0 n1_r1 n2_r0 n2_r1 n3_r0 n3_r1 n4_r0 n4_r1 n5_r0 n5_r1 n6_r0 n6_r1 n7_r0 n7_r1 n8_r0 n8_r1 n9_r0 n9_r1 na_r0 na_r1 nb_r0 nb_r1,n0 n1 n2 n3 n4 n5 n6 n7 n8 n9 na nb,1461.070117502481,477.24140093896455,0.0,1461.070117502481,R,0.55,0.6,0.0,142.75,2.9,142.84,2.95,0.86,0.73,581719134.0713761,300.89513222864593,4.681623559050772,True,True,76.42299027204409,22.84988873864761,230.79568328813693,36.37877151224357,-4.681623541434874,274.25123071920825,522699.8769243648,1.134090778667645,r0,False,False,False,True,False,UNC(LP)
116,1837200,581740811.101176,2019-06-09 02:40:06.101176,2019-06-09 02:36:45.393148,1837201,581740815.197256,2019-06-09 02:40:10.197256,4.09607994556427,,n6_r0 n7_r0 n7_r1 n8_r0 n9_r0 nb_r0,n6 n7 n8 n9 nb,41.15962351930109,9.2729450673008,0.0,41.15962351930109,R,0.0,0.1,0.0,214.31,-39.05,213.41,-38.28,34.68,21.82,581740811.101176,226.6515214163585,25.449668607759133,False,True,76.68232745485612,22.87209449742162,320.6297452648126,20.85870021009921,-25.44966834486281,109.43936273605269,535636.380884394,1.6018117534935523,r0,False,True,False,True,False,TGF
117,1841018,581758421.5868111,2019-06-09 07:33:36.586811,2019-06-09 07:33:32.490730,1841074,581758654.0395471,2019-06-09 07:37:29.039547,232.4527360200882,GRB190609315,n3_r1 n3_r2 n4_r1 n5_r1 n6_r0 n6_r1 n6_r2 n7_r0 n7_r1 n7_r2 n8_r0 n8_r1 n8_r2 n9_r0 n9_r1 n9_r2 na_r1 nb_r1 nb_r2,n3 n4 n5 n6 n7 n8 n9 na nb,13.78777415211063,44.038730529294256,8.440357413244184,44.038730529294256,R,0.65,0.8,0.85,188.55,-39.09,189.72,-40.2,9.44,6.38,581758469.715787,261.76420994792016,19.014824430468845,True,True,76.8936358343777,22.889871419992268,299.28025894369546,23.66444076260101,-19.01482263157233,70.77303871238603,529320.9745152221,1.363314866977953,r1,True,False,False,False,False,GRB
118,1866435,581882410.5244889,2019-06-10 18:00:05.524489,2019-06-10 18:00:01.428410,1866468,581882545.6951289,2019-06-10 18:02:20.695129,135.17063999176025,GRB190610750,n0_r0 n0_r1 n1_r0 n1_r1 n2_r0 n2_r1 n6_r0 n6_r1 n7_r0 n7_r1 n8_r1 n9_r0 n9_r1 na_r0 na_r1 nb_r1,n0 n1 n2 n6 n7 n8 n9 na nb,24.345202821473283,37.01024251764987,0.0,37.01024251764987,R,0.9,0.9,0.0,301.88,41.35,301.68,41.03,3.35,3.37,581882410.5244889,147.4494834388675,13.335325081630687,True,False,78.37785105148234,23.00672687606361,77.51691254736527,4.7899895824169,-13.33532305279194,158.62437344267994,541270.3063660046,1.1924866700737713,r1,True,False,False,False,True,GRB
119,1888839,581986071.1383371,2019-06-11 22:47:46.138337,2019-06-11 22:47:46.138337,1888907,581986351.590415,2019-06-11 22:52:26.590415,280.4520778656006,GRB190611950,n0_r1 n0_r2 n1_r0 n1_r1 n1_r2 n2_r0 n2_r1 n2_r2 n3_r1 n3_r2 n4_r0 n4_r1 n4_r2 n5_r0 n5_r1 n5_r2 n9_r1,n0 n1 n2 n3 n4 n5 n9,60.54957855759594,112.6629108717968,19.38029089991786,112.6629108717968,R,0.85,0.9,0.95,75.18,38.84,75.07,38.77,1.74,1.32,581986146.786572,208.5435108984662,25.401780767801583,True,True,79.6214638213518,23.093838526930337,166.5840687835914,-2.0667815715971045,-25.40177749466148,146.30054684264513,540203.5391409158,1.5532993737741672,r1,True,False,False,False,True,GRB
120,1893372,582004649.136301,2019-06-12 03:57:24.136301,2019-06-12 03:57:02.119881,1893377,582004671.152741,2019-06-12 03:57:46.152741,22.01643991470337,GRB190612165,n4_r0 n4_r1 n8_r0 n8_r1,n4 n8,4.879824170241486,5.5202399626319245,0.0,5.5202399626319245,R,0.6,0.45,0.0,248.61,67.67,209.16,49.78,121.59,46.68,582004649.136301,293.2376477424553,-2.374755865367509,True,True,79.84339107846712,23.108348020812866,99.53277136549708,37.74159438875566,2.374755970960443,153.69048802247303,522355.61582604615,1.0292333471582171,r0,True,False,False,False,False,GRB
121,1903145,582055479.9846551,2019-06-12 18:04:34.984655,2019-06-12 18:04:26.792495,1903150,582055749.797756,2019-06-12 18:09:04.797756,269.81310081481934,,n5_r1 nb_r1,n5 nb,0.0,6.812007560250508,0.0,6.812007560250508,S,0.0,0.05,0.0,100.36,-14.17,118.34,-14.33,81.66,41.12,582055488.176815,260.0565689983079,11.16378851124766,True,True,80.45335166270519,23.146610511967666,224.51880868471744,-8.587203613229082,-11.16378870771041,268.1000993868147,528879.3274945919,1.1155833561846322,r1,True,False,False,False,True,GRB
122,1911909,582091646.818509,2019-06-13 04:07:21.818509,2019-06-13 04:06:58.266037,1911922,582091700.067619,2019-06-13 04:08:15.067619,53.24910998344421,GRB190613172,n0_r0 n0_r1 n1_r0 n1_r1 n3_r0 n3_r1,n0 n1 n3,8.989582214594385,14.932919123874004,0.0,14.932919123874004,R,0.8,0.75,0.0,117.83,66.19,119.01,64.73,39.86,11.68,582091655.010684,18.02826889739027,-25.524153653009527,True,True,80.88742120405078,23.17239568379759,149.8913442732878,30.6615568097949,25.524150751543765,234.96407221036404,525090.8614720046,1.4441077336325865,r0,True,False,False,False,False,GRB
123,1916272,582115623.513305,2019-06-13 10:46:58.513305,2019-06-13 10:46:52.881184,1916283,582115670.106248,2019-06-13 10:47:45.106248,46.59294307231903,GRB190613449,n3_r1 n4_r1 n5_r1 n6_r0 n6_r1 n7_r0 n7_r1 n8_r0 n8_r1 n9_r1 nb_r1,n3 n4 n5 n6 n7 n8 n9 nb,8.328040322783076,20.554797910242524,0.0,20.554797910242524,R,0.85,0.85,0.0,309.84,-10.74,307.06,-10.0,9.1,4.77,582115623.513305,89.11658342457848,-4.98396245187078,True,False,81.17515076895646,23.188826082351333,35.38070117242257,-28.79329129122291,4.983961953521998,205.91020007134648,534479.8441695226,1.0675713183880282,r1,True,False,False,False,False,GRB
124,1929077,582172736.553282,2019-06-14 02:38:51.553282,2019-06-14 02:38:18.784625,1929092,582172797.994504,2019-06-14 02:39:52.994504,61.441221952438354,,n3_r2 n5_r1 n5_r2 nb_r2,n3 n5 nb,0.0,6.855478154662102,6.398550030335585,6.855478154662102,R,0.0,0.05,0.05,81.66,35.18,98.16,30.23,98.57,38.84,582172789.802336,91.21772087833396,-1.8561423339338383,False,False,81.86159356660258,23.225893777476266,172.57945178885225,-0.0198491791050795,1.8561421730741472,329.1663129613589,534843.4211142417,1.1123361128254248,r2,False,True,False,True,False,TGF
125,1956077,582304591.8603051,2019-06-15 15:16:26.860305,2019-06-15 15:16:17.132155,1956095,582304667.1254921,2019-06-15 15:17:42.125492,75.26518702507019,GRB190615636,n4_r1 n6_r1 n7_r1 n8_r0 n8_r1 nb_r0 nb_r1,n4 n6 n7 n8 nb,8.57496516406124,15.397031883152913,0.0,15.397031883152913,R,0.9,0.8,0.0,203.02,29.07,203.37,29.52,14.46,11.37,582304597.4923921,115.0082293366943,13.621916462649985,True,False,83.44523471519709,23.29995513029893,47.49279317817617,80.8303575584215,-13.621914851713314,162.2544530971736,539973.1698720357,1.192492567742781,r1,True,False,False,False,False,GRB
126,2010895,582563220.681582,2019-06-18 15:06:55.681582,2019-06-18 15:06:22.913111,2010915,582563479.085301,2019-06-18 15:11:14.085301,258.40371906757355,,n2_r1 n3_r1 n3_r2 n4_r2 n5_r1 n5_r2 n8_r1,n2 n3 n4 n5 n8,0.0,14.13294822644229,6.730654503653872,14.13294822644229,R,0.0,0.2,0.05,80.44,30.92,100.34,19.01,81.03,41.69,582563290.314582,223.0622474938196,9.932248473373226,True,True,86.55618110458965,23.39891435700305,175.5222595059968,-3.25788425236927,-9.932247305615556,269.47056572847936,537650.8012198596,1.116010339465468,r1,False,False,False,True,True,UNC(LP)
127,2019012,582596665.399209,2019-06-19 00:24:20.399209,2019-06-19 00:24:04.014967,2019051,582596828.217583,2019-06-19 00:27:03.217583,162.81837391853333,GRB190619018,n0_r0 n0_r1 n1_r1 n3_r0 n3_r1 n6_r0 n6_r1 n7_r1 n9_r0 n9_r1,n0 n1 n3 n6 n7 n9,15.693196561308064,17.989618782244797,0.0,17.989618782244797,R,0.1,0.25,0.0,346.17,9.18,344.11,14.88,13.77,16.14,582596765.240663,172.69728203003,24.17428319273076,True,True,86.95892531572629,23.40721832736015,83.76044709568832,-45.41360793776703,-24.17428049287659,79.24485301022195,545505.4306596534,1.5494055050002946,r1,True,False,False,False,False,GRB
128,2028570,582646556.0745881,2019-06-19 14:15:51.074588,2019-06-19 14:15:42.882438,2028629,582646800.814623,2019-06-19 14:19:55.814623,244.74003493785852,GRB190619595,n1_r1 n2_r0 n2_r1 n3_r1 n4_r1 n5_r0 n5_r1 n6_r1 n7_r0 n7_r1 n7_r2 n8_r0 n8_r1 n8_r2 n9_r0 n9_r1 na_r0 na_r1 nb_r0 nb_r1,n1 n2 n3 n4 n5 n6 n7 n8 n9 na nb,25.37483834623526,51.589933337710775,4.804614319625926,51.589933337710775,R,0.9,0.95,0.85,292.38,14.63,292.64,14.84,3.13,2.9,582646608.299454,70.90051885244404,6.173545629852414,True,False,87.55864753218198,23.417669268258106,50.258202255021,-1.5600557115992286,-6.173544993759431,129.20006797860722,529633.1317733997,1.0693777623060905,r1,True,False,False,False,True,GRB
129,2045409,582725415.296803,2019-06-20 12:10:10.296803,2019-06-20 12:10:04.664711,2045461,582725629.828409,2019-06-20 12:13:44.828409,214.5316059589386,GRB190620507,n0_r0 n0_r1 n0_r2 n1_r0 n1_r1 n1_r2 n2_r0 n2_r1 n2_r2 n3_r0 n3_r1 n3_r2 n4_r0 n4_r1 n4_r2 n5_r0 n5_r1 n5_r2 n6_r0 n6_r1 n6_r2 n7_r0 n7_r1 n7_r2 n8_r0 n8_r1 n8_r2 n9_r1 na_r0 na_r1 nb_r1,n0 n1 n2 n3 n4 n5 n6 n7 n8 n9 na nb,44.06607244139537,118.08941025850284,23.60596071540561,118.08941025850284,R,0.8,0.9,0.95,154.89,25.43,154.93,25.48,1.49,1.34,582725429.1210451,2.545913436474609,-19.96729945731534,True,True,88.50712112282241,23.429522335110704,207.01433141092383,56.04601695661548,19.96729728000787,91.52619244577,521229.607035686,1.0572625523967958,r1,True,False,False,False,False,GRB
130,2118706,583071014.324833,2019-06-24 12:10:09.324833,2019-06-24 12:09:57.036652,2118707,583071018.4208901,2019-06-24 12:10:13.420890,4.096057057380676,,n1_r1,n1,0.0,3.5241082790180225,0.0,3.5241082790180225,P,0.0,0.0,0.0,31.97,27.8,49.85,13.16,77.2,41.65,583071010.228775,181.3873056034168,10.671535356905306,True,True,92.6652483761172,23.413904143761297,142.92278832494452,-32.09101341076743,-10.671533874326853,266.50393146423244,540590.5128311053,1.1125558987742936,r1,True,False,False,True,False,GRB
131,2150966,583221989.245432,2019-06-26 06:06:24.245432,2019-06-26 06:06:18.101333,2150967,583221993.851858,2019-06-26 06:06:28.851858,4.606426000595093,GRB190626254,n2_r0 n2_r1,n2,3.249113768138152,3.0871982802148787,0.0,3.249113768138152,P,0.0,0.0,0.0,171.41,-63.51,173.49,-51.2,88.7,35.78,583221983.1013331,336.72159325776227,-15.69655197466039,True,True,94.48059822355675,23.37258552389909,293.53924867888446,-2.213965937390608,15.696551655077965,151.06229465952413,524340.4640472266,1.0567011753457314,r0,True,False,False,False,True,GRB
132,2186360,583388619.935779,2019-06-28 04:23:34.935779,2019-06-28 04:23:30.839710,2186362,583388628.127935,2019-06-28 04:23:43.127935,8.192156076431274,,n8_r1,n8,0.0,3.569387046825589,0.0,3.569387046825589,P,0.0,0.05,0.0,231.89,20.45,213.14,11.7,73.27,38.88,583388615.83971,32.933717673639194,14.761771612613154,True,False,96.48253847205126,23.30271594099216,30.89186818212251,53.81186414744682,-14.76177032409737,231.070404933962,525149.7127837753,1.1201770154417632,r1,True,False,False,True,False,GRB
133,2192542,583417859.808183,2019-06-28 12:30:54.808183,2019-06-28 12:30:54.808183,2192548,583417885.9206121,2019-06-28 12:31:20.920612,26.11242914199829,GRB190628521,na_r0 na_r1 nb_r0 nb_r1,na nb,4.934779726137865,6.629774399830136,0.0,6.629774399830136,R,0.05,0.25,0.0,107.85,-66.6,130.89,-40.74,109.15,53.61,583417865.440276,78.30473019395308,25.293900717620357,True,False,96.83370991851568,23.28783204646391,277.5134686760736,-22.81239713797577,-25.29389845943217,154.23439088714017,530798.3034529916,1.5246081567169738,r0,True,False,False,False,False,GRB
134,2208278,583493108.388667,2019-06-29 09:25:03.388667,2019-06-29 09:24:55.196544,2208293,583493427.5218351,2019-06-29 09:30:22.521835,319.1331681013108,,n0_r1 n0_r2 n1_r2 n5_r1 n9_r1 nb_r1 nb_r2,n0 n1 n5 n9 nb,0.0,11.951005786704805,6.036421060209952,11.951005786704805,R,0.0,0.05,0.2,318.89,-10.39,298.22,-13.37,65.11,26.78,583493157.541419,146.60591778955543,11.289749113246431,True,False,97.73728887576551,23.24593018599526,40.33667219008073,-36.66826018047268,-11.28974832470668,267.9595769768299,534610.622852785,1.1156158647871408,r1,False,False,False,False,False,UNC
135,2234244,583610470.792527,2019-06-30 18:01:05.792527,2019-06-30 17:59:43.871171,2234245,583610474.888593,2019-06-30 18:01:09.888593,4.096065998077393,,n6_r2 nb_r1 nb_r2,n6 nb,0.0,5.676726138188101,4.946970050165147,5.676726138188101,R,0.0,0.0,0.1,252.31,20.18,216.08,19.74,80.66,36.01,583610470.792527,338.0085135465278,-1.9172500078765664,True,True,99.14393709312368,23.17036689261522,39.24868676704182,35.58745976036972,1.9172497652964469,329.2186504769835,527313.4721838724,1.112091490345185,r2,False,False,False,True,False,UNC(LP)
