,n0_r0,n0_r1,n0_r2,n1_r0,n1_r1,n1_r2,n2_r0,n2_r1,n2_r2,n3_r0,n3_r1,n3_r2,n4_r0,n4_r1,n4_r2,n5_r0,n5_r1,n5_r2,n6_r0,n6_r1,n6_r2,n7_r0,n7_r1,n7_r2,n8_r0,n8_r1,n8_r2,n9_r0,n9_r1,n9_r2,na_r0,na_r1,na_r2,nb_r0,nb_r1,nb_r2,met,timestamp
69889,0.0,343.10962,41.03389,185.86664,325.57037,39.142925,144.79947,324.3088,0.0,265.57263,375.9094,0.0,276.23138,371.5665,0.0,199.62184,341.6924,44.780567,0.0,0.0,0.0,257.30472,0.0,0.0,0.0,356.6435,35.732002,0.0,336.56558,35.48591,202.36415,327.0761,0.0,0.0,330.5,0.0,573420913.684139,2019-03-04 19:35:08.684139
69890,0.0,343.1528,41.036304,185.91101,325.60678,39.147366,144.83167,324.35104,0.0,265.64267,375.89954,0.0,276.3318,371.56036,0.0,199.79585,341.72357,44.767517,0.0,0.0,0.0,257.2841,0.0,0.0,0.0,356.57428,35.71427,0.0,336.53018,35.483437,202.14725,326.98627,0.0,0.0,330.4517,0.0,573420917.780205,2019-03-04 19:35:12.780205
69891,0.0,343.18063,41.034935,185.95674,325.63196,39.147892,144.85881,324.3712,0.0,265.7243,375.88718,0.0,276.44165,371.55,0.0,199.97694,341.74283,44.749527,0.0,0.0,0.0,257.27505,0.0,0.0,0.0,356.52032,35.697243,0.0,336.4862,35.47957,201.90854,326.89438,0.0,0.0,330.4107,0.0,573420921.876271,2019-03-04 19:35:16.876271
69892,0.0,343.1873,41.028584,186.00433,325.6477,39.142536,144.86407,324.3491,0.0,265.8516,375.90326,0.0,276.5978,371.56686,0.0,200.17543,341.759,44.72539,0.0,0.0,0.0,257.3151,0.0,0.0,0.0,356.54883,35.689358,0.0,336.44543,35.477577,201.62257,326.83096,0.0,0.0,330.42596,0.0,573420925.972345,2019-03-04 19:35:20.972345
69893,0.0,343.23077,41.029945,186.05597,325.68658,39.14567,144.90076,324.38953,0.0,265.93744,375.89938,0.0,276.71048,371.566,0.0,200.36552,341.7935,44.710926,0.0,0.0,0.0,257.30386,0.0,0.0,0.0,356.49,35.672016,0.0,336.408,35.475685,201.38785,326.74265,0.0,0.0,330.3837,0.0,573420930.068419,2019-03-04 19:35:25.068419
69894,0.0,343.27814,41.032223,186.10725,325.7268,39.149902,144.94339,324.4395,0.0,266.01205,375.88715,0.0,276.8113,371.55716,0.0,200.55193,341.8274,44.69768,0.0,0.0,0.0,257.28,0.0,0.0,0.0,356.4096,35.65217,0.0,336.36835,35.473263,201.16348,326.64615,0.0,0.0,330.32635,0.0,573420934.164485,2019-03-04 19:35:29.164485
69895,0.0,343.2976,41.03191,186.14899,325.7581,39.15096,144.94926,324.4334,0.0,266.13553,375.93216,0.0,276.97076,371.6081,0.0,200.74167,341.8673,44.68378,0.0,0.0,0.0,257.3255,0.0,0.0,0.0,356.4885,35.658634,0.0,336.36478,35.482258,200.90091,326.63177,0.0,0.0,330.38867,0.0,573420938.260551,2019-03-04 19:35:33.260551
69896,0.0,343.24933,41.013622,186.18295,325.7149,39.134106,144.95576,324.3652,0.0,266.20975,375.85126,0.0,277.06555,371.52365,0.0,200.91441,341.80496,44.643456,0.0,0.0,0.0,257.30838,0.0,0.0,0.0,356.39044,35.628494,0.0,336.24683,35.46336,200.60486,326.47226,0.0,0.0,330.29462,0.0,573420942.356618,2019-03-04 19:35:37.356618
69897,0.0,343.28802,41.018833,186.22098,325.75214,39.14184,144.99449,324.40952,0.0,266.2676,375.84952,0.0,277.15707,371.53046,0.0,201.08086,341.8411,44.636818,0.0,0.0,0.0,257.2819,0.0,0.0,0.0,356.3539,35.62287,0.0,336.23193,35.47048,200.3997,326.41614,0.0,0.0,330.27615,0.0,573420946.452684,2019-03-04 19:35:41.452684
69898,0.0,343.26413,41.011517,186.2522,325.7375,39.136192,145.00931,324.37006,0.0,266.34262,375.81516,0.0,277.26166,371.49844,0.0,201.25105,341.8196,44.613365,0.0,0.0,0.0,257.2761,0.0,0.0,0.0,356.33597,35.617256,0.0,336.17218,35.47094,200.12761,326.33304,0.0,0.0,330.2604,0.0,573420950.5487499,2019-03-04 19:35:45.548750
69899,0.0,343.25485,41.001736,186.30533,325.7296,39.127644,145.04149,324.3484,0.0,266.42514,375.75647,0.0,277.35587,371.43448,0.0,201.44952,341.7967,44.583027,0.0,0.0,0.0,257.25497,0.0,0.0,0.0,356.2282,35.587105,0.0,336.06537,35.45585,199.83072,326.17328,0.0,0.0,330.16245,0.0,573420954.6448171,2019-03-04 19:35:49.644817
69900,0.0,343.3297,41.0147,186.3645,325.80164,39.143116,145.107,324.4346,0.0,266.49838,375.78235,0.0,277.45483,371.46707,0.0,201.64827,341.87265,44.585606,0.0,0.0,0.0,257.23105,0.0,0.0,0.0,356.19943,35.585228,0.0,336.06818,35.468895,199.61871,326.128,0.0,0.0,330.15533,0.0,573420958.740882,2019-03-04 19:35:53.740882
69901,0.0,343.34552,41.015015,186.40637,325.82043,39.145084,145.14052,324.4455,0.0,266.57047,375.76636,0.0,277.5542,371.45502,0.0,201.829,341.88785,44.571507,0.0,0.0,0.0,257.215,0.0,0.0,0.0,356.1637,35.576607,0.0,336.02444,35.471565,199.36555,326.0469,0.0,0.0,330.12982,0.0,573420962.836947,2019-03-04 19:35:57.836947
69902,0.0,343.30447,41.001938,186.43895,325.78757,39.132835,145.1483,324.38284,0.0,266.64813,375.70563,0.0,277.65454,371.39252,0.0,202.0031,341.84216,44.539005,0.0,0.0,0.0,257.20706,0.0,0.0,0.0,356.1072,35.557667,0.0,335.9248,35.461304,199.06238,325.916,0.0,0.0,330.07294,0.0,573420966.933013,2019-03-04 19:36:01.933013
69903,0.0,343.35263,41.012066,186.4799,325.83826,39.145115,145.19258,324.435,0.0,266.71472,375.7287,0.0,277.75607,371.42548,0.0,202.17769,341.89844,44.539734,0.0,0.0,0.0,257.19376,0.0,0.0,0.0,356.12,35.564674,0.0,335.93405,35.477966,198.84941,325.89514,0.0,0.0,330.09918,0.0,573420971.0290871,2019-03-04 19:36:06.029087
69904,0.0,343.36038,41.004475,186.5329,325.84152,39.13922,145.23563,324.44217,0.0,266.77762,375.664,0.0,277.83154,371.35812,0.0,202.36986,341.8848,44.512638,0.0,0.0,0.0,257.1512,0.0,0.0,0.0,355.97742,35.528168,0.0,335.83197,35.46151,198.57922,325.72632,0.0,0.0,329.97568,0.0,573420975.125161,2019-03-04 19:36:10.125161
69905,0.0,343.34225,41.001812,186.55884,325.83624,39.137707,145.2473,324.40643,0.0,266.85373,375.65488,0.0,277.9427,371.35455,0.0,202.53162,341.88022,44.496853,0.0,0.0,0.0,257.15933,0.0,0.0,0.0,356.016,35.536278,0.0,335.80154,35.471348,198.31488,325.68762,0.0,0.0,330.01117,0.0,573420979.221227,2019-03-04 19:36:14.221227
69906,0.0,339.7717,40.037907,182.5174,321.54486,38.1383,141.23888,321.0258,0.0,264.31357,370.3791,0.0,278.6987,367.32364,0.0,199.69177,337.01062,43.186783,0.0,0.0,0.0,252.8844,0.0,0.0,0.0,348.32684,33.29426,0.0,330.64658,33.985695,196.37149,319.53293,0.0,0.0,322.9245,0.0,573420983.3172929,2019-03-04 19:36:18.317293
69907,0.0,342.39963,40.616146,186.7898,324.63348,38.733753,145.23521,323.2439,0.0,266.34235,373.53162,0.0,276.6513,368.6397,0.0,201.92116,339.8948,43.931522,0.0,0.0,0.0,256.95016,0.0,0.0,0.0,352.9752,34.631836,0.0,333.56485,34.79322,198.17354,322.80847,0.0,0.0,326.97836,0.0,573420987.4133589,2019-03-04 19:36:22.413359
69908,0.0,342.39264,40.61456,186.82495,324.6357,38.733932,145.26491,323.23114,0.0,266.40396,373.50555,0.0,276.73782,368.6184,0.0,202.0916,339.89325,43.916058,0.0,0.0,0.0,256.931,0.0,0.0,0.0,352.95105,34.62789,0.0,333.51288,34.796463,197.91547,322.7295,0.0,0.0,326.95782,0.0,573420991.509425,2019-03-04 19:36:26.509425
69909,0.0,342.38757,40.615158,186.85515,324.6419,38.73593,145.29398,323.22168,0.0,266.4672,373.49384,0.0,276.8343,368.61673,0.0,202.25966,339.90018,43.90473,0.0,0.0,0.0,256.91547,0.0,0.0,0.0,352.95764,34.63147,0.0,333.47705,34.804546,197.66354,322.67633,0.0,0.0,326.9629,0.0,573420995.605491,2019-03-04 19:36:30.605491
69910,0.0,342.41928,40.611267,186.92686,324.66855,38.733547,145.37709,323.26617,0.0,266.53262,373.4417,0.0,276.91113,368.56476,0.0,202.4769,339.90866,43.88319,0.0,0.0,0.0,256.8726,0.0,0.0,0.0,352.83588,34.600792,0.0,333.40414,34.79565,197.3978,322.5369,0.0,0.0,326.86346,0.0,573420999.701557,2019-03-04 19:36:34.701557
69911,0.0,342.44803,40.614517,186.97733,324.70062,38.73842,145.43486,323.30136,0.0,266.59848,373.43106,0.0,277.00342,368.5618,0.0,202.66783,339.93698,43.873585,0.0,0.0,0.0,256.848,0.0,0.0,0.0,352.8039,34.594772,0.0,333.37375,34.801517,197.15448,322.46878,0.0,0.0,326.84216,0.0,573421003.797622,2019-03-04 19:36:38.797622
69912,0.0,342.483,40.7113,186.89607,324.86163,38.840492,145.30733,323.24847,0.0,266.82507,374.00778,0.0,277.37912,369.2074,0.0,202.7804,340.27982,44.01511,0.0,0.0,0.0,257.12067,0.0,0.0,0.0,353.98022,34.923904,0.0,333.87885,35.012497,196.98514,323.29297,0.0,0.0,327.86383,0.0,573421007.893687,2019-03-04 19:36:42.893687
69913,0.0,342.7432,40.814877,187.14948,325.22684,38.955894,145.61559,323.49615,0.0,267.16306,374.62228,0.0,277.62012,369.7953,0.0,203.2321,340.7743,44.17509,0.0,0.0,0.0,257.4423,0.0,0.0,0.0,355.03702,35.23996,0.0,334.4723,35.244217,196.86288,324.08865,0.0,0.0,328.81213,0.0,573421011.989761,2019-03-04 19:36:46.989761
69914,0.0,343.03543,40.897625,187.47748,325.60327,39.049427,146.03339,323.80768,0.0,267.46954,375.16714,0.0,277.73474,370.27634,0.0,203.66188,341.2443,44.31766,0.0,0.0,0.0,257.7595,0.0,0.0,0.0,355.93976,35.51066,0.0,335.04434,35.450966,196.88235,324.8162,0.0,0.0,329.64667,0.0,573421016.085835,2019-03-04 19:36:51.085835
69915,0.0,343.37363,40.926098,187.99585,325.98157,39.09216,146.59657,324.1439,0.0,267.93118,375.6202,0.0,277.8332,370.58282,0.0,204.29434,341.66684,44.402805,0.0,0.0,0.0,258.1229,0.0,0.0,0.0,356.48962,35.671566,0.0,335.42847,35.578995,196.89507,325.23846,0.0,0.0,330.14893,0.0,573421020.181901,2019-03-04 19:36:55.181901
69916,0.0,343.84406,40.953358,188.60678,326.4717,39.13263,147.21371,324.60284,0.0,268.48642,376.149,0.0,277.98462,370.94342,0.0,205.00168,342.18927,44.477875,0.0,0.0,0.0,258.57834,0.0,0.0,0.0,357.02176,35.793747,0.0,335.85364,35.680054,196.93622,325.6555,0.0,0.0,330.635,0.0,573421024.277966,2019-03-04 19:36:59.277966
69917,0.0,343.91565,40.904625,188.95758,326.56592,39.093704,147.54388,324.62512,0.0,268.8201,376.29868,0.0,278.01532,370.96378,0.0,205.41673,342.27878,44.465214,0.0,0.0,0.0,258.86215,0.0,0.0,0.0,357.2644,35.840126,0.0,335.95105,35.70803,196.8852,325.76196,0.0,0.0,330.81946,0.0,573421028.3740311,2019-03-04 19:37:03.374031
69918,0.0,343.93875,40.844063,189.31285,326.61746,39.04534,147.90118,324.6269,0.0,269.10382,376.362,0.0,278.00153,370.8988,0.0,205.82962,342.30798,44.438137,0.0,0.0,0.0,259.07285,0.0,0.0,0.0,357.3708,35.857254,0.0,335.9608,35.70999,196.7989,325.757,0.0,0.0,330.8725,0.0,573421032.4700971,2019-03-04 19:37:07.470097
69919,0.0,343.9813,40.792645,189.67334,326.6803,39.00541,148.26694,324.65903,0.0,269.3601,376.38196,0.0,277.96353,370.7892,0.0,206.25673,342.33206,44.40807,0.0,0.0,0.0,259.2382,0.0,0.0,0.0,357.36203,35.851036,0.0,335.91592,35.70056,196.66263,325.65967,0.0,0.0,330.82773,0.0,573421036.5661631,2019-03-04 19:37:11.566163
69920,0.0,344.18164,40.79222,189.99242,326.88382,39.013084,148.59491,324.8692,0.0,269.57785,376.53333,0.0,277.9579,370.84464,0.0,206.60176,342.51724,44.424145,0.0,0.0,0.0,259.41373,0.0,0.0,0.0,357.45477,35.86865,0.0,336.03204,35.71961,196.64711,325.72183,0.0,0.0,330.9105,0.0,573421040.6622281,2019-03-04 19:37:15.662228
69921,0.0,344.56296,40.79507,190.59006,327.2748,39.03235,149.22592,325.27795,0.0,269.98892,376.84497,0.0,277.94815,370.97812,0.0,207.25764,342.89017,44.468067,0.0,0.0,0.0,259.72214,0.0,0.0,0.0,357.6504,35.91658,0.0,336.27118,35.76616,196.6541,325.87305,0.0,0.0,331.08893,0.0,573421046.294318,2019-03-04 19:37:21.294318
69922,0.0,345.43338,40.806225,191.8978,328.1643,39.08077,150.6302,326.21698,0.0,270.94785,377.61615,0.0,278.01434,371.37546,0.0,208.73167,343.78354,44.58536,0.0,0.0,0.0,260.38968,0.0,0.0,0.0,358.16113,36.05332,0.0,336.86328,35.88798,196.7295,326.31857,0.0,0.0,331.5799,0.0,573421051.926408,2019-03-04 19:37:26.926408
69923,0.0,346.26257,40.855534,192.86969,328.98648,39.15277,151.67233,327.1214,0.0,271.6423,378.3041,0.0,278.09442,371.80698,0.0,209.76312,344.6182,44.696835,0.0,0.0,0.0,260.91586,0.0,0.0,0.0,358.57245,36.145943,0.0,337.4441,35.9795,196.90608,326.76144,0.0,0.0,332.02234,0.0,573421056.0224811,2019-03-04 19:37:31.022481
69924,0.0,347.02176,40.88434,193.81491,329.7421,39.206276,152.6793,327.9619,0.0,272.30594,378.8852,0.0,278.1566,372.14325,0.0,210.76097,345.37527,44.780857,0.0,0.0,0.0,261.40262,0.0,0.0,0.0,358.84946,36.2051,0.0,337.93573,36.041134,197.04431,327.09598,0.0,0.0,332.3551,0.0,573421060.1185551,2019-03-04 19:37:35.118555
69925,0.0,347.3021,40.82729,194.55907,330.05286,39.178074,153.4992,328.2997,0.0,272.73285,379.0109,0.0,278.01825,372.04047,0.0,211.5379,345.63156,44.776676,0.0,0.0,0.0,261.69107,0.0,0.0,0.0,358.82178,36.209496,0.0,338.04242,36.043568,197.0134,327.07394,0.0,0.0,332.36224,0.0,573421064.2146201,2019-03-04 19:37:39.214620
69926,0.0,347.33002,40.461765,197.97913,330.521,38.921947,157.27742,328.4303,0.0,273.33588,378.15936,0.0,274.9796,369.62094,0.0,213.19987,345.16818,44.455956,0.0,0.0,0.0,263.60815,0.0,0.0,0.0,358.67157,36.21205,0.0,337.98984,35.82894,197.71196,326.8042,0.0,0.0,332.23395,0.0,573421068.310685,2019-03-04 19:37:43.310685
69927,0.0,347.71393,40.460217,198.56143,330.91458,38.943356,157.95322,328.88922,0.0,273.5965,378.3683,0.0,274.81952,369.65002,0.0,213.71503,345.51578,44.490765,0.0,0.0,0.0,263.85617,0.0,0.0,0.0,358.73114,36.2319,0.0,338.24707,35.84901,197.86429,326.95694,0.0,0.0,332.35147,0.0,573421072.40675,2019-03-04 19:37:47.406750
69928,0.0,347.9753,40.4294,199.09195,331.18655,38.929443,158.5695,329.21512,0.0,273.8353,378.4579,0.0,274.6605,369.57074,0.0,214.18398,345.72513,44.482655,0.0,0.0,0.0,264.06686,0.0,0.0,0.0,358.66772,36.208603,0.0,338.37714,35.833244,197.9553,326.97928,0.0,0.0,332.3373,0.0,573421076.502815,2019-03-04 19:37:51.502815
69929,0.0,348.34848,40.43487,199.59024,331.5581,38.942703,159.16223,329.66687,0.0,274.05612,378.66058,0.0,274.5358,369.63507,0.0,214.59944,346.05637,44.50304,0.0,0.0,0.0,264.28137,0.0,0.0,0.0,358.69574,36.200768,0.0,338.6266,35.83706,198.13467,327.12625,0.0,0.0,332.42416,0.0,573421080.598881,2019-03-04 19:37:55.598881
69930,0.0,352.31195,40.917385,206.46524,336.4962,39.658585,167.29716,334.2977,0.0,276.71573,382.69293,0.0,271.7595,371.31995,0.0,219.46228,350.91824,45.367237,0.0,0.0,0.0,267.78488,0.0,0.0,0.0,362.63678,37.603645,0.0,342.8715,36.605637,201.62923,331.76984,0.0,0.0,336.63577,0.0,573421084.694946,2019-03-04 19:37:59.694946
69931,0.0,352.67715,40.932583,206.95462,336.86172,39.67628,167.88951,334.7456,0.0,276.8633,382.8513,0.0,271.54297,371.3354,0.0,219.8214,351.2369,45.382156,0.0,0.0,0.0,267.9554,0.0,0.0,0.0,362.60318,37.578583,0.0,343.08337,36.599255,201.79892,331.86813,0.0,0.0,336.67926,0.0,573421088.7910111,2019-03-04 19:38:03.791011
69932,0.0,353.02127,40.949265,207.40878,337.2051,39.692375,168.4356,335.1671,0.0,276.99197,382.9924,0.0,271.33502,371.34393,0.0,220.14143,351.53104,45.39326,0.0,0.0,0.0,268.11557,0.0,0.0,0.0,362.56433,37.54972,0.0,343.27756,36.589077,201.95584,331.95337,0.0,0.0,336.71414,0.0,573421092.887076,2019-03-04 19:38:07.887076
69933,0.0,353.41388,40.985783,207.81421,337.59064,39.724575,168.90498,335.62878,0.0,277.1058,383.19543,0.0,271.16217,371.4372,0.0,220.3841,351.87564,45.417854,0.0,0.0,0.0,268.304,0.0,0.0,0.0,362.6069,37.52769,0.0,343.523,36.586426,202.13538,332.09732,0.0,0.0,336.81552,0.0,573421096.983149,2019-03-04 19:38:11.983149
69934,0.0,353.74515,40.999096,208.2436,337.9179,39.735172,169.41475,336.0334,0.0,277.21683,383.31805,0.0,270.95468,371.43594,0.0,220.66203,352.14682,45.418438,0.0,0.0,0.0,268.4646,0.0,0.0,0.0,362.5543,37.484097,0.0,343.69855,36.565163,202.28845,332.16122,0.0,0.0,336.82892,0.0,573421101.079222,2019-03-04 19:38:16.079222
69935,0.0,353.99664,40.99005,208.6817,338.17166,39.724743,169.95549,336.364,0.0,277.315,383.35083,0.0,270.7143,371.3355,0.0,220.97139,352.3326,45.396008,0.0,0.0,0.0,268.57733,0.0,0.0,0.0,362.40234,37.424828,0.0,343.7952,36.528065,202.40585,332.14206,0.0,0.0,336.7513,0.0,573421105.175287,2019-03-04 19:38:20.175287
69936,0.0,354.34445,41.013477,209.09438,338.51047,39.742397,170.44862,336.79034,0.0,277.41476,383.48627,0.0,270.5106,371.35504,0.0,221.23189,352.6235,45.404106,0.0,0.0,0.0,268.7245,0.0,0.0,0.0,362.3463,37.38238,0.0,343.97928,36.511124,202.56622,332.21194,0.0,0.0,336.76785,0.0,573421109.271353,2019-03-04 19:38:24.271353
69937,0.0,354.6455,41.022865,209.52011,338.80453,39.74655,170.96922,337.1739,0.0,277.50497,383.55954,0.0,270.27347,371.3004,0.0,221.51512,352.8614,45.397755,0.0,0.0,0.0,268.8381,0.0,0.0,0.0,362.20673,37.326126,0.0,344.10474,36.48228,202.70851,332.21606,0.0,0.0,336.71225,0.0,573421113.367418,2019-03-04 19:38:28.367418
69938,0.0,354.86716,41.000378,209.99387,339.026,39.721943,171.56612,337.48462,0.0,277.60837,383.53604,0.0,269.9978,371.1242,0.0,221.87854,353.01334,45.361996,0.0,0.0,0.0,268.90717,0.0,0.0,0.0,361.93793,37.24642,0.0,344.13715,36.43077,202.81717,332.11758,0.0,0.0,336.54114,0.0,573421117.4634821,2019-03-04 19:38:32.463482
69939,0.0,355.13864,40.99452,210.45578,339.29266,39.71349,172.15297,337.85165,0.0,277.6983,383.56363,0.0,269.72375,371.01007,0.0,222.21614,353.2213,45.34576,0.0,0.0,0.0,268.98505,0.0,0.0,0.0,361.72748,37.18296,0.0,344.2297,36.395256,202.96135,332.08118,0.0,0.0,336.43045,0.0,573421121.559547,2019-03-04 19:38:36.559547
69940,0.0,355.45444,40.99215,210.96971,339.60107,39.7078,172.78998,338.26343,0.0,277.8306,383.62064,0.0,269.46112,370.91064,0.0,222.60426,353.46896,45.33158,0.0,0.0,0.0,269.09286,0.0,0.0,0.0,361.51453,37.11724,0.0,344.3402,36.359577,203.11288,332.05078,0.0,0.0,336.3235,0.0,573421125.655612,2019-03-04 19:38:40.655612
69941,0.0,355.73367,40.96413,211.55605,339.88126,39.678925,173.52641,338.64624,0.0,278.00156,383.62714,0.0,269.18094,370.73407,0.0,223.09834,353.67603,45.295788,0.0,0.0,0.0,269.18338,0.0,0.0,0.0,361.22684,37.036545,0.0,344.40823,36.309536,203.25208,331.97226,0.0,0.0,336.15277,0.0,573421129.751677,2019-03-04 19:38:44.751677
69942,0.0,356.0165,40.93534,212.16916,340.16663,39.64867,174.31653,339.0484,0.0,278.16376,383.62155,0.0,268.87186,370.5409,0.0,223.62447,353.8891,45.261337,0.0,0.0,0.0,269.2457,0.0,0.0,0.0,360.91217,36.95661,0.0,344.48013,36.261322,203.40504,331.8946,0.0,0.0,335.96976,0.0,573421133.8477421,2019-03-04 19:38:48.847742
69943,0.0,356.34933,40.919224,212.8141,340.5025,39.630436,175.16116,339.51743,0.0,278.3094,383.64667,0.0,268.51782,370.37155,0.0,224.16017,354.15482,45.24106,0.0,0.0,0.0,269.30743,0.0,0.0,0.0,360.6217,36.88852,0.0,344.60443,36.22481,203.60258,331.86618,0.0,0.0,335.82678,0.0,573421137.9438059,2019-03-04 19:38:52.943806
69944,0.0,356.64035,40.88161,213.504,340.80066,39.592472,176.0791,339.95483,0.0,278.46854,383.6153,0.0,268.1363,370.12964,0.0,224.77016,354.37787,45.203926,0.0,0.0,0.0,269.3346,0.0,0.0,0.0,360.25214,36.807823,0.0,344.68164,36.17663,203.78154,331.78354,0.0,0.0,335.618,0.0,573421142.0398791,2019-03-04 19:38:57.039879
69945,0.0,356.931,40.838913,214.21964,341.0974,39.54693,177.03586,340.3982,0.0,278.62778,383.5661,0.0,267.7341,369.8686,0.0,225.40012,354.59262,45.160885,0.0,0.0,0.0,269.36276,0.0,0.0,0.0,359.86182,36.72138,0.0,344.75394,36.12187,203.96667,331.69012,0.0,0.0,335.39258,0.0,573421146.135952,2019-03-04 19:39:01.135952
69946,0.0,357.27032,40.80775,214.9434,341.43713,39.509853,177.9881,340.887,0.0,278.78104,383.5507,0.0,267.31488,369.63885,0.0,225.9958,354.8466,45.12384,0.0,0.0,0.0,269.42603,0.0,0.0,0.0,359.4996,36.63326,0.0,344.86044,36.067013,204.18849,331.624,0.0,0.0,335.19598,0.0,573421150.232017,2019-03-04 19:39:05.232017
69947,0.0,357.54987,40.76157,215.68848,341.72552,39.460354,178.98146,341.3249,0.0,278.9201,383.46637,0.0,266.8502,369.32632,0.0,226.60762,355.03262,45.070324,0.0,0.0,0.0,269.4774,0.0,0.0,0.0,359.08374,36.540283,0.0,344.93073,36.007233,204.41519,331.52353,0.0,0.0,334.95673,0.0,573421154.3280821,2019-03-04 19:39:09.328082
69948,0.0,357.81625,40.758778,216.49081,342.02292,39.4603,180.05672,341.77676,0.0,279.0773,383.39783,0.0,266.35135,369.01874,0.0,227.27437,355.2203,45.05685,0.0,0.0,0.0,269.5679,0.0,0.0,0.0,358.71835,36.525215,0.0,345.0569,36.018177,204.67749,331.49335,0.0,0.0,334.79926,0.0,573421158.4241459,2019-03-04 19:39:13.424146
69949,0.0,358.12143,40.771236,217.28543,342.3539,39.471584,181.11171,342.26767,0.0,279.22806,383.36404,0.0,265.8567,368.7519,0.0,227.91954,355.4443,45.053402,0.0,0.0,0.0,269.6871,0.0,0.0,0.0,358.39603,36.52218,0.0,345.2293,36.041832,204.94913,331.50287,0.0,0.0,334.68652,0.0,573421162.520211,2019-03-04 19:39:17.520211
69950,0.0,358.39957,40.779408,218.06125,342.65604,39.47723,182.14217,342.7276,0.0,279.36368,383.30093,0.0,265.35327,368.45737,0.0,228.5442,355.63547,45.042774,0.0,0.0,0.0,269.79977,0.0,0.0,0.0,358.04752,36.513466,0.0,345.3755,36.060402,205.20654,331.4825,0.0,0.0,334.54688,0.0,573421166.616276,2019-03-04 19:39:21.616276
69951,0.0,358.5778,40.7662,218.82477,342.86517,39.461628,183.17668,343.08948,0.0,279.4728,383.1354,0.0,264.81256,368.05563,0.0,229.17021,355.7216,45.007286,0.0,0.0,0.0,269.8593,0.0,0.0,0.0,357.5911,36.48629,0.0,345.41748,36.059185,205.41942,331.35812,0.0,0.0,334.29984,0.0,573421170.7123401,2019-03-04 19:39:25.712340
69952,0.0,358.82126,40.77064,219.605,343.13596,39.460457,184.22945,343.52594,0.0,279.5612,383.01218,0.0,264.2373,367.69382,0.0,229.76756,355.8675,44.984604,0.0,0.0,0.0,269.94528,0.0,0.0,0.0,357.17596,36.46673,0.0,345.52246,36.067707,205.681,331.28775,0.0,0.0,334.10394,0.0,573421174.808405,2019-03-04 19:39:29.808405
69953,0.0,359.10873,40.787846,220.37457,343.44516,39.471523,185.2733,344.00992,0.0,279.6333,382.9308,0.0,263.6599,367.37866,0.0,230.33557,356.0579,44.97513,0.0,0.0,0.0,270.0444,0.0,0.0,0.0,356.82092,36.45957,0.0,345.68762,36.089336,205.97356,331.27792,0.0,0.0,333.96844,0.0,573421178.90447,2019-03-04 19:39:33.904470
69954,0.0,359.30945,40.7916,221.11671,343.6804,39.474415,186.32559,344.4218,0.0,279.70688,382.77658,0.0,263.12115,367.00238,0.0,230.95036,356.17404,44.950687,0.0,0.0,0.0,270.0786,0.0,0.0,0.0,356.412,36.452213,0.0,345.7923,36.11251,206.16452,331.19742,0.0,0.0,333.77155,0.0,573421183.000542,2019-03-04 19:39:38.000542
69955,0.0,359.5246,40.803894,221.81984,343.9379,39.486378,187.32773,344.84497,0.0,279.79996,382.6657,0.0,262.65857,366.689,0.0,231.55354,356.318,44.93236,0.0,0.0,0.0,270.1238,0.0,0.0,0.0,356.05457,36.44852,0.0,345.93027,36.141403,206.32286,331.14157,0.0,0.0,333.60352,0.0,573421187.0966151,2019-03-04 19:39:42.096615
69956,0.0,359.78262,40.825695,222.52785,344.23584,39.508247,188.32051,345.30725,0.0,279.90192,382.5996,0.0,262.19925,366.41614,0.0,232.13261,356.50314,44.922802,0.0,0.0,0.0,270.20218,0.0,0.0,0.0,355.735,36.448822,0.0,346.1114,36.174793,206.52269,331.12607,0.0,0.0,333.4701,0.0,573421191.1926801,2019-03-04 19:39:46.192680
69957,0.0,359.94824,40.828022,223.20161,344.4466,39.511253,189.28316,345.66968,0.0,279.98325,382.44913,0.0,261.73624,366.06354,0.0,232.70201,356.59036,44.890316,0.0,0.0,0.0,270.22855,0.0,0.0,0.0,355.33252,36.433624,0.0,346.2001,36.18852,206.68077,331.0297,0.0,0.0,333.2487,0.0,573421195.288744,2019-03-04 19:39:50.288744
69958,0.0,360.06952,40.838978,223.85297,344.62732,39.514595,190.22356,345.97745,0.0,280.09204,382.29865,0.0,261.29883,365.70724,0.0,233.26756,356.65836,44.858997,0.0,0.0,0.0,270.22278,0.0,0.0,0.0,354.88522,36.417282,0.0,346.2415,36.192627,206.8662,330.91937,0.0,0.0,333.00046,0.0,573421199.384809,2019-03-04 19:39:54.384809
69959,0.0,360.21768,40.85706,224.48772,344.82996,39.526394,191.14983,346.31183,0.0,280.1922,382.18115,0.0,260.86255,365.3888,0.0,233.80986,356.7571,44.84045,0.0,0.0,0.0,270.22165,0.0,0.0,0.0,354.47797,36.4132,0.0,346.3302,36.20784,207.09895,330.86063,0.0,0.0,332.79843,0.0,573421203.4808741,2019-03-04 19:39:58.480874
69960,0.0,360.2882,40.85773,225.0869,344.95554,39.521477,192.041,346.56445,0.0,280.26004,381.99005,0.0,260.40363,365.00214,0.0,234.31496,356.77188,44.8054,0.0,0.0,0.0,270.18668,0.0,0.0,0.0,354.0114,36.39541,0.0,346.34814,36.20868,207.308,330.73502,0.0,0.0,332.52948,0.0,573421207.5769379,2019-03-04 19:40:02.576938
69961,0.0,361.21036,41.002068,228.72836,346.52106,39.728718,195.69203,346.92722,0.0,280.35413,382.58588,0.0,255.78143,363.20026,0.0,235.22073,357.61713,44.913105,0.0,0.0,0.0,272.91916,0.0,0.0,0.0,355.93268,37.039223,0.0,348.0536,36.311832,210.01366,332.99387,0.0,0.0,334.96292,0.0,573421211.673002,2019-03-04 19:40:06.673002
69962,0.0,361.38382,41.026325,229.30334,346.74933,39.748043,196.51218,347.27585,0.0,280.45535,382.5423,0.0,255.40279,362.98386,0.0,235.71529,357.77933,44.912632,0.0,0.0,0.0,272.92935,0.0,0.0,0.0,355.62003,37.044388,0.0,348.17648,36.32923,210.22809,332.9952,0.0,0.0,334.84207,0.0,573421215.7690661,2019-03-04 19:40:10.769066
69963,0.0,361.5184,41.04379,229.83875,346.9382,39.760674,197.30089,347.58688,0.0,280.51147,382.46045,0.0,254.99536,362.73804,0.0,236.1557,357.89816,44.90713,0.0,0.0,0.0,272.91586,0.0,0.0,0.0,355.29587,37.046707,0.0,348.281,36.34262,210.45331,332.98645,0.0,0.0,334.70563,0.0,573421219.865131,2019-03-04 19:40:14.865131
69964,0.0,361.5723,41.0386,230.35707,347.05194,39.752556,198.09422,347.8225,0.0,280.53964,382.29514,0.0,254.55656,362.40698,0.0,236.60457,357.93146,44.88152,0.0,0.0,0.0,272.83997,0.0,0.0,0.0,354.8825,37.03418,0.0,348.31036,36.34298,210.66205,332.90808,0.0,0.0,334.48523,0.0,573421223.961204,2019-03-04 19:40:18.961204
69965,0.0,361.6852,41.047535,230.88683,347.22195,39.758686,198.90608,348.12668,0.0,280.55963,382.1786,0.0,254.09688,362.11923,0.0,237.04674,358.0284,44.872074,0.0,0.0,0.0,272.77643,0.0,0.0,0.0,354.50027,37.031647,0.0,348.3974,36.35601,210.92348,332.8796,0.0,0.0,334.31006,0.0,573421228.057276,2019-03-04 19:40:23.057276
69966,0.0,361.78757,41.055836,231.40607,347.38196,39.761868,199.69785,348.41534,0.0,280.56274,382.04486,0.0,253.62349,361.81476,0.0,237.45766,358.10437,44.85445,0.0,0.0,0.0,272.72,0.0,0.0,0.0,354.11597,37.02272,0.0,348.46838,36.362614,211.17505,332.83652,0.0,0.0,334.123,0.0,573421232.1533401,2019-03-04 19:40:27.153340
69967,0.0,361.83847,41.048405,231.9343,347.49542,39.75342,200.51022,348.66205,0.0,280.5706,381.8722,0.0,253.1357,361.46515,0.0,237.88608,358.1344,44.823086,0.0,0.0,0.0,272.64035,0.0,0.0,0.0,353.6772,37.00618,0.0,348.49133,36.35936,211.42279,332.74503,0.0,0.0,333.8786,0.0,573421236.249404,2019-03-04 19:40:31.249404
69968,0.0,362.02216,41.07816,232.51172,347.7445,39.778774,201.38063,349.05185,0.0,280.6121,381.83875,0.0,252.6758,361.2558,0.0,238.35405,358.32037,44.83119,0.0,0.0,0.0,272.59686,0.0,0.0,0.0,353.38,37.02794,0.0,348.67023,36.386276,211.7388,332.81302,0.0,0.0,333.79193,0.0,573421240.345469,2019-03-04 19:40:35.345469
69969,0.0,362.18484,41.11241,233.03943,347.97888,39.803677,202.17635,349.403,0.0,280.63907,381.79395,0.0,252.22371,361.04565,0.0,238.7953,358.49026,44.838314,0.0,0.0,0.0,272.52798,0.0,0.0,0.0,353.09534,37.05297,0.0,348.81683,36.408684,212.01727,332.8598,0.0,0.0,333.69995,0.0,573421244.441534,2019-03-04 19:40:39.441534
69970,0.0,362.33673,41.14563,233.56573,348.20694,39.827732,202.98659,349.75366,0.0,280.67307,381.75488,0.0,251.78651,360.8512,0.0,239.26915,358.6707,44.85406,0.0,0.0,0.0,272.42868,0.0,0.0,0.0,352.80536,37.082924,0.0,348.96265,36.435753,212.2945,332.91278,0.0,0.0,333.60693,0.0,573421248.5375981,2019-03-04 19:40:43.537598
69971,0.0,361.94907,40.94435,234.89757,347.65598,39.617294,204.72604,349.5846,0.0,281.13583,380.30646,0.0,250.5002,358.8324,0.0,240.37329,357.51416,44.516323,0.0,0.0,0.0,272.99078,0.0,0.0,0.0,350.794,36.92386,0.0,348.73145,36.30758,213.1052,331.8306,0.0,0.0,332.23422,0.0,573421252.633662,2019-03-04 19:40:47.633662
69972,0.0,362.18948,40.973534,235.39471,347.96738,39.649147,205.523,350.02448,0.0,281.17978,380.3814,0.0,250.101,358.76123,0.0,240.83856,357.789,44.549885,0.0,0.0,0.0,272.93408,0.0,0.0,0.0,350.7157,36.98522,0.0,349.04126,36.359604,213.45149,332.08255,0.0,0.0,332.3389,0.0,573421256.7297261,2019-03-04 19:40:51.729726
69973,0.0,362.40887,40.993904,235.89487,348.26617,39.672916,206.35503,350.45593,0.0,281.19406,380.431,0.0,249.6501,358.65924,0.0,241.29356,358.0404,44.579235,0.0,0.0,0.0,272.85825,0.0,0.0,0.0,350.6482,37.04946,0.0,349.36487,36.41368,213.82512,332.3601,0.0,0.0,332.45905,0.0,573421260.8257899,2019-03-04 19:40:55.825790
69974,0.0,362.58936,41.003094,236.40172,348.53177,39.687893,207.22505,350.86505,0.0,281.19,380.44006,0.0,249.16148,358.51392,0.0,241.76492,358.25894,44.60365,0.0,0.0,0.0,272.7385,0.0,0.0,0.0,350.53436,37.111885,0.0,349.6624,36.46434,214.20917,332.61447,0.0,0.0,332.5423,0.0,573421264.921855,2019-03-04 19:40:59.921855
69975,0.0,362.7692,41.013287,236.89392,348.79495,39.70219,208.08311,351.27527,0.0,281.16248,380.43994,0.0,248.66182,358.3674,0.0,242.2083,358.46982,44.626354,0.0,0.0,0.0,272.61493,0.0,0.0,0.0,350.4278,37.17273,0.0,349.96378,36.514153,214.5957,332.87344,0.0,0.0,332.6291,0.0,573421269.017928,2019-03-04 19:41:04.017928
69976,0.0,362.9802,41.029068,237.40076,349.09155,39.722263,208.9811,351.73145,0.0,281.126,380.4661,0.0,248.14009,358.2459,0.0,242.65976,358.71945,44.657406,0.0,0.0,0.0,272.47696,0.0,0.0,0.0,350.34152,37.242893,0.0,350.31128,36.571754,215.03654,333.18045,0.0,0.0,332.74756,0.0,573421273.1140001,2019-03-04 19:41:08.114000
69977,0.0,363.11417,41.02476,237.9057,349.31924,39.724293,209.91101,352.12927,0.0,281.0691,380.41766,0.0,247.59201,358.05307,0.0,243.13983,358.8984,44.674343,0.0,0.0,0.0,272.2736,0.0,0.0,0.0,350.17923,37.30333,0.0,350.59158,36.619278,215.44557,333.42758,0.0,0.0,332.7926,0.0,573421277.2100639,2019-03-04 19:41:12.210064
69978,0.0,363.2343,41.011463,238.40764,349.5382,39.722023,210.87874,352.53967,0.0,280.96307,380.34216,0.0,246.98366,357.83087,0.0,243.61546,359.06357,44.687473,0.0,0.0,0.0,272.01245,0.0,0.0,0.0,350.00018,37.361664,0.0,350.88104,36.67186,215.88608,333.69907,0.0,0.0,332.83588,0.0,573421281.306128,2019-03-04 19:41:16.306128
69979,0.0,363.4228,41.016582,238.90736,349.8259,39.7343,211.84877,353.02347,0.0,280.82266,380.31635,0.0,246.34242,357.66077,0.0,244.04756,359.29642,44.71361,0.0,0.0,0.0,271.75665,0.0,0.0,0.0,349.87604,37.42888,0.0,351.2493,36.735203,216.39409,334.05286,0.0,0.0,332.9502,0.0,573421285.4021921,2019-03-04 19:41:20.402192
69980,0.0,363.5677,41.01171,239.39627,350.07376,39.73836,212.82576,353.47223,0.0,280.65927,380.25143,0.0,245.67625,357.4532,0.0,244.47406,359.49066,44.73363,0.0,0.0,0.0,271.4637,0.0,0.0,0.0,349.71454,37.492687,0.0,351.58566,36.793175,216.90169,334.3797,0.0,0.0,333.0296,0.0,573421289.498256,2019-03-04 19:41:24.498256
69981,0.0,363.6503,40.98956,239.85587,350.25922,39.72595,213.77141,353.84766,0.0,280.4818,380.13873,0.0,245.00034,357.19833,0.0,244.8958,359.6301,44.741688,0.0,0.0,0.0,271.13547,0.0,0.0,0.0,349.50372,37.544037,0.0,351.84802,36.837128,217.36076,334.63953,0.0,0.0,333.05902,0.0,573421293.59432,2019-03-04 19:41:28.594320
69982,0.0,363.79767,40.980595,240.30238,350.50125,39.72025,214.6824,354.2518,0.0,280.29776,380.10022,0.0,244.28014,356.99792,0.0,245.28427,359.8511,44.76945,0.0,0.0,0.0,270.8258,0.0,0.0,0.0,349.3506,37.6044,0.0,352.14066,36.883747,217.86131,334.93997,0.0,0.0,333.16763,0.0,573421297.6903841,2019-03-04 19:41:32.690384
69983,0.0,363.94766,40.976772,240.73132,350.7456,39.71509,215.57521,354.66522,0.0,280.0961,380.0626,0.0,243.55794,356.80655,0.0,245.63994,360.07132,44.800163,0.0,0.0,0.0,270.5176,0.0,0.0,0.0,349.2132,37.662502,0.0,352.43866,36.92994,218.36775,335.24838,0.0,0.0,333.2802,0.0,573421301.786449,2019-03-04 19:41:36.786449
69984,0.0,364.04636,40.95722,241.16118,350.9491,39.698612,216.48079,355.04764,0.0,279.88998,379.9875,0.0,242.83665,356.57712,0.0,246.01639,360.2502,44.82304,0.0,0.0,0.0,270.18796,0.0,0.0,0.0,349.0332,37.704025,0.0,352.6963,36.968945,218.82088,335.5047,0.0,0.0,333.33328,0.0,573421305.882514,2019-03-04 19:41:40.882514
69985,0.0,364.2046,40.938698,241.59904,351.19708,39.690853,217.32497,355.41626,0.0,279.74802,380.011,0.0,242.206,356.45007,0.0,246.39105,360.51273,44.850513,0.0,0.0,0.0,269.9381,0.0,0.0,0.0,348.94623,37.75156,0.0,352.98013,36.986736,219.30493,335.8253,0.0,0.0,333.48245,0.0,573421309.978586,2019-03-04 19:41:44.978586
69986,0.0,364.42148,40.94325,242.03555,351.50372,39.702785,218.16484,355.84592,0.0,279.57867,380.0876,0.0,241.54393,356.3723,0.0,246.72356,360.83646,44.89858,0.0,0.0,0.0,269.70438,0.0,0.0,0.0,348.91925,37.81177,0.0,353.33365,37.0186,219.84186,336.2169,0.0,0.0,333.70483,0.0,573421314.0746579,2019-03-04 19:41:49.074658
69987,0.0,364.57492,40.91383,242.59804,351.78253,39.68603,219.30063,356.30066,0.0,279.32834,380.0633,0.0,240.63072,356.14557,0.0,247.18097,361.13467,44.935238,0.0,0.0,0.0,269.3118,0.0,0.0,0.0,348.7504,37.868385,0.0,353.67987,37.03675,220.51546,336.61978,0.0,0.0,333.86615,0.0,573421319.7067461,2019-03-04 19:41:54.706746
69988,0.0,364.63425,40.88723,242.94052,351.92383,39.668736,220.02098,356.55762,0.0,279.14328,380.01105,0.0,240.02481,355.96722,0.0,247.45776,361.28824,44.95371,0.0,0.0,0.0,269.0303,0.0,0.0,0.0,348.61026,37.900776,0.0,353.8697,37.043762,220.94098,336.84995,0.0,0.0,333.93723,0.0,573421323.290802,2019-03-04 19:41:58.290802
69989,0.0,364.7474,40.879513,243.32697,352.1348,39.670506,220.83054,356.89508,0.0,278.90308,379.98587,0.0,239.31123,355.79474,0.0,247.73274,361.50812,44.983757,0.0,0.0,0.0,268.72723,0.0,0.0,0.0,348.4917,37.945267,0.0,354.1312,37.06041,221.4542,337.1576,0.0,0.0,334.0675,0.0,573421327.3868661,2019-03-04 19:42:02.386866
69990,0.0,364.8673,40.873825,243.71877,352.35156,39.670475,221.6418,357.23138,0.0,278.68805,379.9742,0.0,238.62468,355.63583,0.0,248.03911,361.7393,45.005505,0.0,0.0,0.0,268.4265,0.0,0.0,0.0,348.3752,37.98331,0.0,354.39557,37.07198,221.96036,337.4664,0.0,0.0,334.2011,0.0,573421331.48293,2019-03-04 19:42:06.482930
69991,0.0,364.89914,40.84564,244.06796,352.48123,39.649357,222.39113,357.481,0.0,278.46664,379.89172,0.0,237.93834,355.41818,0.0,248.37624,361.89755,45.01547,0.0,0.0,0.0,268.07596,0.0,0.0,0.0,348.19388,38.004005,0.0,354.56277,37.075775,222.3795,337.683,0.0,0.0,334.26532,0.0,573421335.578994,2019-03-04 19:42:10.578994
69992,0.0,364.9893,40.832424,244.4355,352.67508,39.641895,223.17326,357.7996,0.0,278.20874,379.85162,0.0,237.19032,355.23587,0.0,248.69734,362.12274,45.03891,0.0,0.0,0.0,267.72217,0.0,0.0,0.0,348.0583,38.036045,0.0,354.79456,37.089264,222.85927,337.96957,0.0,0.0,334.39386,0.0,573421339.6750581,2019-03-04 19:42:14.675058
69993,0.0,365.08054,40.82049,244.80719,352.8796,39.635475,223.99675,358.14218,0.0,277.89267,379.80038,0.0,236.36845,355.04303,0.0,249.00629,362.36038,45.06432,0.0,0.0,0.0,267.32077,0.0,0.0,0.0,347.92035,38.072987,0.0,355.04547,37.10464,223.37312,338.28473,0.0,0.0,334.53638,0.0,573421343.771122,2019-03-04 19:42:18.771122
69994,0.0,365.09082,40.793358,245.16452,353.01132,39.615013,224.82861,358.40802,0.0,277.5646,379.69446,0.0,235.54893,354.81097,0.0,249.32268,362.53683,45.07613,0.0,0.0,0.0,266.8609,0.0,0.0,0.0,347.72583,38.101227,0.0,355.24582,37.101227,223.89003,338.55167,0.0,0.0,334.6224,0.0,573421347.8671861,2019-03-04 19:42:22.867186
69995,0.0,364.02408,40.385487,245.37585,352.28937,39.119366,227.7825,359.06427,0.0,274.48788,377.1874,0.0,230.63628,352.42426,0.0,249.39305,361.88663,44.72923,0.0,0.0,0.0,263.2903,0.0,0.0,0.0,344.63104,37.707615,0.0,354.99796,36.72761,226.18628,338.16782,0.0,0.0,333.49982,0.0,573421351.963258,2019-03-04 19:42:26.963258
69996,0.0,364.0899,40.372974,245.75478,352.5059,39.116093,228.6488,359.4095,0.0,274.12686,377.15598,0.0,229.76166,352.2876,0.0,249.75894,362.19244,44.76787,0.0,0.0,0.0,262.7391,0.0,0.0,0.0,344.5031,37.77313,0.0,355.248,36.740562,226.74521,338.5242,0.0,0.0,333.66077,0.0,573421356.05933,2019-03-04 19:42:31.059330
69997,0.0,364.1461,40.35246,246.10909,352.7038,39.104164,229.47783,359.73767,0.0,273.7698,377.10577,0.0,228.93074,352.14563,0.0,250.12941,362.4681,44.794647,0.0,0.0,0.0,262.20667,0.0,0.0,0.0,344.3879,37.827473,0.0,355.4883,36.74353,227.2474,338.86584,0.0,0.0,333.81784,0.0,573421360.1553941,2019-03-04 19:42:35.155394
69998,0.0,364.1425,40.317097,246.40402,352.83286,39.0799,230.245,359.99512,0.0,273.3885,377.00153,0.0,228.12398,351.96246,0.0,250.46,362.67313,44.804207,0.0,0.0,0.0,261.66266,0.0,0.0,0.0,344.2388,37.867676,0.0,355.6685,36.730415,227.68782,339.14975,0.0,0.0,333.92523,0.0,573421364.2514579,2019-03-04 19:42:39.251458
69999,0.0,364.18738,40.291843,246.72696,353.01483,39.064377,231.04686,360.30853,0.0,273.00375,376.9357,0.0,227.29591,351.81384,0.0,250.80054,362.93164,44.82133,0.0,0.0,0.0,261.12585,0.0,0.0,0.0,344.12592,37.914825,0.0,355.89667,36.723583,228.1646,339.4838,0.0,0.0,334.07748,0.0,573421368.347522,2019-03-04 19:42:43.347522
70000,0.0,364.23624,40.269657,247.05159,353.20364,39.05026,231.85974,360.6326,0.0,272.59875,376.8661,0.0,226.44092,351.6602,0.0,251.13174,363.19644,44.83805,0.0,0.0,0.0,260.57367,0.0,0.0,0.0,344.00217,37.96129,0.0,356.12488,36.715286,228.65747,339.82126,0.0,0.0,334.22595,0.0,573421372.4435861,2019-03-04 19:42:47.443586
70001,0.0,364.21426,40.236713,247.33154,353.31842,39.027344,232.64073,360.88867,0.0,272.17584,376.73865,0.0,225.60402,351.46185,0.0,251.4531,363.39255,44.846806,0.0,0.0,0.0,259.97073,0.0,0.0,0.0,343.82697,38.003906,0.0,356.29736,36.7051,229.10541,340.10654,0.0,0.0,334.3177,0.0,573421376.53965,2019-03-04 19:42:51.539650
70002,0.0,364.15573,40.19988,247.58575,353.39468,39.000504,233.39142,361.1063,0.0,271.74747,376.58234,0.0,224.78871,351.2386,0.0,251.74986,363.54803,44.849674,0.0,0.0,0.0,259.34958,0.0,0.0,0.0,343.62094,38.04048,0.0,356.43555,36.68846,229.5399,340.35916,0.0,0.0,334.37234,0.0,573421380.635714,2019-03-04 19:42:55.635714
70003,0.0,364.1349,40.173584,247.85774,353.51337,38.981956,234.14603,361.36047,0.0,271.31876,376.45877,0.0,223.96336,351.0337,0.0,252.01607,363.7414,44.856495,0.0,0.0,0.0,258.74698,0.0,0.0,0.0,343.42886,38.075066,0.0,356.59326,36.665176,230.02383,340.6335,0.0,0.0,334.44257,0.0,573421384.7317781,2019-03-04 19:42:59.731778
70004,0.0,364.1509,40.152122,248.15881,353.67535,38.971798,234.94138,361.66376,0.0,270.91125,376.37247,0.0,223.16768,350.874,0.0,252.32121,363.98224,44.876736,0.0,0.0,0.0,258.14816,0.0,0.0,0.0,343.28085,38.11846,0.0,356.78882,36.648834,230.51453,340.94626,0.0,0.0,334.54532,0.0,573421388.827842,2019-03-04 19:43:03.827842
70005,0.0,364.0779,40.113743,248.39711,353.74246,38.94666,235.68362,361.87717,0.0,270.4667,376.2091,0.0,222.3749,350.65338,0.0,252.58842,364.1317,44.8847,0.0,0.0,0.0,257.49606,0.0,0.0,0.0,343.0679,38.152824,0.0,356.91098,36.62248,230.96881,341.1871,0.0,0.0,334.5752,0.0,573421392.9239061,2019-03-04 19:43:07.923906
70006,0.0,364.05673,40.086292,248.66971,353.86716,38.93088,236.4648,362.1499,0.0,270.03094,376.08884,0.0,221.57721,350.4728,0.0,252.87617,364.3374,44.899906,0.0,0.0,0.0,256.8582,0.0,0.0,0.0,342.89587,38.1939,0.0,357.08118,36.60255,231.44525,341.4785,0.0,0.0,334.65125,0.0,573421397.019978,2019-03-04 19:43:12.019978
70007,0.0,364.0284,40.056637,248.93503,353.9835,38.912907,237.23741,362.4163,0.0,269.58475,375.96143,0.0,220.76537,350.28494,0.0,253.14304,364.53546,44.912735,0.0,0.0,0.0,256.21774,0.0,0.0,0.0,342.7141,38.23132,0.0,357.24188,36.57912,231.92831,341.75778,0.0,0.0,334.71576,0.0,573421401.11605,2019-03-04 19:43:16.116050
70008,0.0,364.00003,40.0262,249.21628,354.10474,38.895153,238.04164,362.6919,0.0,269.149,375.83673,0.0,219.95782,350.09875,0.0,253.44817,364.74377,44.925,0.0,0.0,0.0,255.55911,0.0,0.0,0.0,342.5221,38.27063,0.0,357.4006,36.555527,232.39798,342.03543,0.0,0.0,334.77618,0.0,573421405.2121141,2019-03-04 19:43:20.212114
70009,0.0,363.95514,39.99469,249.4914,354.21512,38.87782,238.85338,362.96182,0.0,268.6974,375.69565,0.0,219.15027,349.90634,0.0,253.7614,364.94095,44.93764,0.0,0.0,0.0,254.87158,0.0,0.0,0.0,342.31976,38.313084,0.0,357.5489,36.533592,232.85648,342.306,0.0,0.0,334.82797,0.0,573421409.308178,2019-03-04 19:43:24.308178
70010,0.0,363.96115,39.9769,249.77078,354.37653,38.878437,239.65173,363.27148,0.0,268.26407,375.61182,0.0,218.37776,349.77167,0.0,254.07948,365.1854,44.968235,0.0,0.0,0.0,254.20615,0.0,0.0,0.0,342.1656,38.3639,0.0,357.7381,36.524734,233.35678,342.6242,0.0,0.0,334.92447,0.0,573421413.404242,2019-03-04 19:43:28.404242
70011,0.0,363.9812,39.96893,250.03203,354.5409,38.87981,240.39864,363.5806,0.0,267.84857,375.55176,0.0,217.6577,349.66473,0.0,254.37155,365.43518,44.995045,0.0,0.0,0.0,253.55457,0.0,0.0,0.0,342.01862,38.411053,0.0,357.93408,36.514553,233.86627,342.94144,0.0,0.0,335.02322,0.0,573421417.5003061,2019-03-04 19:43:32.500306
70012,0.0,364.02365,39.96655,250.2954,354.72525,38.886932,241.12999,363.90314,0.0,267.46274,375.5186,0.0,216.98253,349.58453,0.0,254.67009,365.70276,45.023582,0.0,0.0,0.0,252.92757,0.0,0.0,0.0,341.8911,38.460342,0.0,358.14282,36.506927,234.36755,343.2712,0.0,0.0,335.13818,0.0,573421421.59637,2019-03-04 19:43:36.596370
70013,0.0,364.06473,39.964115,250.55695,354.9095,38.89317,241.86421,364.22638,0.0,267.06747,375.4837,0.0,216.30022,349.50653,0.0,254.96664,365.97372,45.052,0.0,0.0,0.0,252.29068,0.0,0.0,0.0,341.76498,38.509262,0.0,358.36005,36.500347,234.87991,343.60944,0.0,0.0,335.25964,0.0,573421425.6924341,2019-03-04 19:43:40.692434
70014,0.0,364.07217,39.953808,250.7938,355.0597,38.89308,242.58607,364.52325,0.0,266.64835,375.4182,0.0,215.60379,349.40363,0.0,255.24663,366.21484,45.07616,0.0,0.0,0.0,251.61813,0.0,0.0,0.0,341.60388,38.553047,0.0,358.54742,36.489754,235.39194,343.92004,0.0,0.0,335.34702,0.0,573421429.7884979,2019-03-04 19:43:44.788498
70015,0.0,364.0483,39.9346,251.01434,355.1855,38.886707,243.32127,364.80753,0.0,266.23557,375.3368,0.0,214.9673,349.3025,0.0,255.55545,366.4386,45.091743,0.0,0.0,0.0,250.89877,0.0,0.0,0.0,341.42108,38.597546,0.0,358.71136,36.477737,235.86502,344.21036,0.0,0.0,335.4071,0.0,573421433.884562,2019-03-04 19:43:48.884562
70016,0.0,364.0388,39.91757,251.23517,355.32733,38.886486,244.06963,365.109,0.0,265.82394,375.273,0.0,214.33296,349.21494,0.0,255.8817,366.68558,45.110493,0.0,0.0,0.0,250.15887,0.0,0.0,0.0,341.2339,38.644924,0.0,358.88507,36.47107,236.3628,344.51242,0.0,0.0,335.46814,0.0,573421437.980634,2019-03-04 19:43:52.980634
70017,0.0,360.11697,38.989986,249.48837,351.98538,38.15837,245.58029,362.92575,0.0,261.97122,371.4957,0.0,211.52881,346.3578,0.0,255.61491,363.75595,44.614082,0.0,0.0,0.0,243.63669,0.0,0.0,0.0,337.3775,38.279972,0.0,356.74545,36.032047,237.71416,343.22864,0.0,0.0,332.46008,0.0,573421442.0767059,2019-03-04 19:43:57.076706
70018,0.0,360.10654,38.973835,249.68181,352.12143,38.158184,246.29794,363.22794,0.0,261.55197,371.4248,0.0,210.94438,346.28867,0.0,255.93892,363.98972,44.62777,0.0,0.0,0.0,242.89464,0.0,0.0,0.0,337.20648,38.32831,0.0,356.936,36.032795,238.17957,343.54306,0.0,0.0,332.53027,0.0,573421446.17277,2019-03-04 19:44:01.172770
70019,0.0,360.09738,38.956936,249.87323,352.257,38.157146,247.0121,363.5338,0.0,261.1406,371.35944,0.0,210.37384,346.22687,0.0,256.2657,364.22763,44.64125,0.0,0.0,0.0,242.15468,0.0,0.0,0.0,337.03754,38.376766,0.0,357.12698,36.032253,238.64249,343.85815,0.0,0.0,332.60083,0.0,573421450.2688341,2019-03-04 19:44:05.268834
70020,0.0,360.07956,38.94022,250.0521,352.38116,38.15589,247.70981,363.83023,0.0,260.73288,371.28943,0.0,209.82368,346.16675,0.0,256.58612,364.4559,44.654976,0.0,0.0,0.0,241.41528,0.0,0.0,0.0,336.86987,38.426823,0.0,357.31158,36.03195,239.09079,344.16916,0.0,0.0,332.66922,0.0,573421454.364898,2019-03-04 19:44:09.364898
70021,0.0,360.0891,38.93048,250.2364,352.5334,38.16197,248.39862,364.15198,0.0,260.3321,371.24002,0.0,209.29225,346.1377,0.0,256.8894,364.70312,44.673435,0.0,0.0,0.0,240.70729,0.0,0.0,0.0,336.73853,38.479877,0.0,357.5127,36.037277,239.5237,344.49506,0.0,0.0,332.76025,0.0,573421458.460962,2019-03-04 19:44:13.460962
70022,0.0,360.10025,38.921116,250.41689,352.69464,38.164047,249.09,364.48474,0.0,259.86234,371.17032,0.0,208.65823,346.08377,0.0,257.1723,364.96658,44.693176,0.0,0.0,0.0,239.98955,0.0,0.0,0.0,336.59967,38.539,0.0,357.72803,36.04161,239.992,344.82666,0.0,0.0,332.86255,0.0,573421462.5570259,2019-03-04 19:44:17.557026
70023,0.0,360.1028,38.911896,250.58441,352.8377,38.164066,249.72954,364.7835,0.0,259.46646,371.1134,0.0,208.15369,346.0594,0.0,257.519,365.21353,44.703747,0.0,0.0,0.0,239.30934,0.0,0.0,0.0,336.46887,38.591206,0.0,357.92728,36.052883,240.3663,345.13193,0.0,0.0,332.95758,0.0,573421466.65309,2019-03-04 19:44:21.653090
70024,0.0,360.1492,38.922047,250.74118,353.0113,38.178047,250.30864,365.09717,0.0,259.1257,371.11853,0.0,207.74556,346.10446,0.0,257.87344,365.50125,44.72846,0.0,0.0,0.0,238.68826,0.0,0.0,0.0,336.39417,38.646046,0.0,358.1397,36.077534,240.6989,345.45416,0.0,0.0,333.09076,0.0,573421470.7491541,2019-03-04 19:44:25.749154
70025,0.0,360.13623,38.922375,250.83945,353.11276,38.184635,250.83339,365.334,0.0,258.7496,371.0711,0.0,207.31493,346.09183,0.0,258.21704,365.7297,44.753185,0.0,0.0,0.0,238.02876,0.0,0.0,0.0,336.26434,38.69661,0.0,358.28693,36.10095,240.98053,345.69925,0.0,0.0,333.17535,0.0,573421474.845218,2019-03-04 19:44:29.845218
70026,0.0,360.10587,38.911766,250.9543,353.1944,38.18031,251.37547,365.55267,0.0,258.41382,371.0148,0.0,206.91855,346.06766,0.0,258.60098,365.9366,44.766872,0.0,0.0,0.0,237.37523,0.0,0.0,0.0,336.11572,38.737274,0.0,358.41986,36.11658,241.25726,345.92966,0.0,0.0,333.2367,0.0,573421478.941282,2019-03-04 19:44:33.941282
70027,0.0,360.08682,38.90595,251.05978,353.2896,38.18189,251.91624,365.7881,0.0,258.04117,370.965,0.0,206.48412,346.0539,0.0,258.96283,366.161,44.78753,0.0,0.0,0.0,236.70314,0.0,0.0,0.0,335.98697,38.78492,0.0,358.57623,36.138817,241.56047,346.18735,0.0,0.0,333.32355,0.0,573421483.037354,2019-03-04 19:44:38.037354
70028,0.0,360.1028,38.909836,251.1752,353.4228,38.19077,252.46416,366.05432,0.0,257.65115,370.94354,0.0,206.01591,346.06424,0.0,259.31445,366.42926,44.817574,0.0,0.0,0.0,236.04504,0.0,0.0,0.0,335.89368,38.84367,0.0,358.76605,36.167747,241.89586,346.4761,0.0,0.0,333.4464,0.0,573421487.133426,2019-03-04 19:44:42.133426
70029,0.0,360.06253,38.89091,251.27586,353.4787,38.17075,252.9514,366.2272,0.0,257.36722,370.90405,0.0,205.71797,346.0644,0.0,259.70776,366.61246,44.807766,0.0,0.0,0.0,235.42274,0.0,0.0,0.0,335.7621,38.876617,0.0,358.88022,36.170464,242.15256,346.68103,0.0,0.0,333.49615,0.0,573421491.22949,2019-03-04 19:44:46.229490
70030,0.0,360.09515,38.887325,251.40851,353.6076,38.164135,253.45592,366.46985,0.0,257.10294,370.9331,0.0,205.42241,346.12482,0.0,260.10645,366.8705,44.810795,0.0,0.0,0.0,234.84401,0.0,0.0,0.0,335.69556,38.919445,0.0,359.05426,36.182945,242.43954,346.9429,0.0,0.0,333.6117,0.0,573421495.3255539,2019-03-04 19:44:50.325554
70031,0.0,360.1185,38.88188,251.53088,353.7263,38.15595,253.951,366.70355,0.0,256.834,370.95483,0.0,205.13316,346.18234,0.0,260.4986,367.11856,44.81236,0.0,0.0,0.0,234.25797,0.0,0.0,0.0,335.62366,38.961193,0.0,359.2208,36.194965,242.72006,347.19778,0.0,0.0,333.71918,0.0,573421499.421618,2019-03-04 19:44:54.421618
70032,0.0,360.0786,38.861954,251.60582,353.77808,38.133957,254.41238,366.87366,0.0,256.5131,370.9195,0.0,204.80193,346.18402,0.0,260.8627,367.31152,44.805508,0.0,0.0,0.0,233.62308,0.0,0.0,0.0,335.50012,38.99861,0.0,359.34256,36.19909,242.99646,347.40448,0.0,0.0,333.782,0.0,573421503.5176821,2019-03-04 19:44:58.517682
70033,0.0,360.15182,38.868984,251.74971,353.95132,38.13827,254.92949,367.15863,0.0,256.23846,370.98486,0.0,204.48927,346.27927,0.0,261.26746,367.6205,44.81998,0.0,0.0,0.0,233.04543,0.0,0.0,0.0,335.47168,39.053123,0.0,359.55554,36.221504,243.29918,347.70657,0.0,0.0,333.94296,0.0,573421507.613745,2019-03-04 19:45:02.613745
70034,0.0,360.15952,38.860462,251.86324,354.05316,38.129375,255.40834,367.37637,0.0,256.01724,371.00177,0.0,204.30476,346.35803,0.0,261.6856,367.8397,44.81291,0.0,0.0,0.0,232.45438,0.0,0.0,0.0,335.3985,39.08888,0.0,359.702,36.23493,243.50952,347.9499,0.0,0.0,334.03217,0.0,573421511.7098081,2019-03-04 19:45:06.709808
70035,0.0,360.12344,38.840714,251.93997,354.10684,38.107895,255.86034,367.55063,0.0,255.74052,370.97772,0.0,204.04753,346.3886,0.0,262.05334,368.0223,44.799267,0.0,0.0,0.0,231.84372,0.0,0.0,0.0,335.3016,39.121006,0.0,359.82312,36.242332,243.74565,348.1662,0.0,0.0,334.0964,0.0,573421515.805872,2019-03-04 19:45:10.805872
70036,0.0,360.14163,38.83539,252.0433,354.21967,38.10029,256.33286,367.78046,0.0,255.46341,370.99677,0.0,203.76651,346.45483,0.0,262.42072,368.2632,44.79852,0.0,0.0,0.0,231.25568,0.0,0.0,0.0,335.2444,39.16246,0.0,359.9853,36.25833,244.00566,348.42374,0.0,0.0,334.20612,0.0,573421519.901936,2019-03-04 19:45:14.901936
70037,0.0,360.14984,38.828358,252.13947,354.31958,38.09093,256.79013,367.9944,0.0,255.176,371.00174,0.0,203.46126,346.50098,0.0,262.76276,368.48663,44.79701,0.0,0.0,0.0,230.68347,0.0,0.0,0.0,335.18433,39.20335,0.0,360.14105,36.273666,244.27446,348.67157,0.0,0.0,334.31042,0.0,573421523.998008,2019-03-04 19:45:18.998008
70038,0.0,356.1532,38.040474,251.09085,350.9364,37.245304,258.5551,365.6672,0.0,251.7377,367.01562,0.0,200.14561,342.89044,0.0,263.65955,365.80283,44.098248,0.0,0.0,0.0,225.07095,0.0,0.0,0.0,330.45294,38.845497,0.0,357.0426,35.66057,244.36812,346.0013,0.0,0.0,330.70935,0.0,573421528.09408,2019-03-04 19:45:23.094080
70039,0.0,356.06534,38.01724,251.15057,350.9469,37.21813,259.01154,365.823,0.0,251.4235,366.92883,0.0,199.89003,342.88666,0.0,263.9975,365.93323,44.084393,0.0,0.0,0.0,224.43231,0.0,0.0,0.0,330.3226,38.881416,0.0,357.12625,35.666267,244.53807,346.16782,0.0,0.0,330.73798,0.0,573421532.1901441,2019-03-04 19:45:27.190144
