,n0_r0,n0_r1,n0_r2,n1_r0,n1_r1,n1_r2,n2_r0,n2_r1,n2_r2,n3_r0,n3_r1,n3_r2,n4_r0,n4_r1,n4_r2,n5_r0,n5_r1,n5_r2,n6_r0,n6_r1,n6_r2,n7_r0,n7_r1,n7_r2,n8_r0,n8_r1,n8_r2,n9_r0,n9_r1,n9_r2,na_r0,na_r1,na_r2,nb_r0,nb_r1,nb_r2
95098,,,,,,,,,,,,,,,,,,,,,,,,,,,,,,,,,,,,
95099,,,,,,,,,,,,,,,,,,,,,,,,,,,,,,,,,,,,
95100,,,,,,,,,,,,,,,,,,,,,,,,,,,,,,,,,,,,
95101,,,,,,,,,,,,,,,,,,,,,,,,,,,,,,,,,,,,
95102,,,,,,,,,,,,,,,,,,,,,,,,,,,,,,,,,,,,
95103,,,,,,,,,,,,,,,,,,,,,,,,,,,,,,,,,,,,
95104,,,,,,,,,,,,,,,,,,,,,,,,,,,,,,,,,,,,
95105,,,,,,,,,,,,,,,,,,,,,,,,,,,,,,,,,,,,
95106,,,,,,,,,,,,,,,,,,,,,,,,,,,,,,,,,,,,
95107,,,,,,,,,,,,,,,,,,,,,,,,,,,,,,,,,,,,
95108,,,,,,,,,,,,,,,,,,,,,,,,,,,,,,,,,,,,
95109,,,,,,,,,,,,,,,,,,,,,,,,,,,,,,,,,,,,
95110,,,,,,,,,,,,,,,,,,,,,,,,,,,,,,,,,,,,
95111,,,,,,,,,,,,,,,,,,,,,,,,,,,,,,,,,,,,
95112,,,,,,,,,,,,,,,,,,,,,,,,,,,,,,,,,,,,
95113,,,,,,,,,,,,,,,,,,,,,,,,,,,,,,,,,,,,
95114,,,,,,,,,,,,,,,,,,,,,,,,,,,,,,,,,,,,
95115,,,,,,,,,,,,,,,,,,,,,,,,,,,,,,,,,,,,
95116,,,,,,,,,,,,,,,,,,,,,,,,,,,,,,,,,,,,
95117,,,,,,,,,,,,,,,,,,,,,,,,,,,,,,,,,,,,
95118,,,,,,,,,,,,,,,,,,,,,,,,,,,,,,,,,,,,
95119,,,,,,,,,,,,,,,,,,,,,,,,,,,,,,,,,,,,
95120,,,,,,,,,,,,,,,,,,,,,,,,,,,,,,,,,,,,
95121,,,,,,,,,,,,,,,,,,,,,,,,,,,,,,,,,,,,
95122,,,,,,,,,,,,,,,,,,,,,,,,,,,,,,,,,,,,
95123,,,,,,,,,,,,,,,,,,,,,,,,,,,,,,,,,,,,
95124,,,,,,,,,,,,,,,,,,,,,,,,,,,,,,,,,,,,
95125,,,,,,,,,,,,,,,,,,,,,,,,,,,,,,,,,,,,
95126,,,,,,,,,,,,,,,,,,,,,,,,,,,,,,,,,,,,
95127,,,,,,,,,,,,,,,,,,,,,,,,,,,,,,,,,,,,
95128,,,,,,,,,,,,,,,,,,,,,,,,,,,,,,,,,,,,
95129,,,,,,,,,,,,,,,,,,,,,,,,,,,,,,,,,,,,
95130,,,,,,,,,,,,,,,,,,,,,,,,,,,,,,,,,,,,
95131,,,,,,,,,,,,,,,,,,,,,,,,,,,,,,,,,,,,
95132,,,,,,,,,,,,,,,,,,,,,,,,,,,,,,,,,,,,
95133,,,,,,,,,,,,,,,,,,,,,,,,,,,,,,,,,,,,
95134,,,,,,,,,,,,,,,,,,,,,,,,,,,,,,,,,,,,
95135,,,,,,,,,,,,,,,,,,,,,,,,,,,,,,,,,,,,
95136,,,,,,,,,,,,,,,,,,,,,,,,,,,,,,,,,,,,
95137,,,,,,,,,,,,,,,,,,,,,,,,,,,,,,,,,,,,
95138,,,,,,,,,,,,,,,,,,,,,,,,,,,,,,,,,,,,
95139,,,,,,,,,,,,,,,,,,,,,,,,,,,,,,,,,,,,
95140,,,,,,,,,,,,,,,,,,,,,,,,,,,,,,,,,,,,
95141,,,,,,,,,,,,,,,,,,,,,,,,,,,,,,,,,,,,
95142,,,,,,,,,,,,,,,,,,,,,,,,,,,,,,,,,,,,
95143,,,,,,,,,,,,,,,,,,,,,,,,,,,,,,,,,,,,
95144,,,,,,,,,,,,,,,,,,,,,,,,,,,,,,,,,,,,
95145,,,,,,,,,,,,,,,,,,,,,,,,,,,,,,,,,,,,
95146,,,,,,,,,,,,,,,,,,,,,,,,,,,,,,,,,,,,
95147,,,,,,,,,,,,,,,,,,,,,,,,,,,,,,,,,,,,
95148,,,,,,,,,,,,,,,,,,,,,,,,,,,,,,,,,,,,
95149,,,,,,,,,,,,,,,,,,,,,,,,,,,,,,,,,,,,
95150,,,,,,,,,,,,,,,,,,,,,,,,,,,,,,,,,,,,
95151,,,,,,,,,,,,,,,,,,,,,,,,,,,,,,,,,,,,
95152,,,,,,,,,,,,,,,,,,,,,,,,,,,,,,,,,,,,
95153,,,,,,,,,,,,,,,,,,,,,,,,,,,,,,,,,,,,
95154,,,,,,,,,,,,,,,,,,,,,,,,,,,,,,,,,,,,
95155,,,,,,,,,,,,,,,,,,,,,,,,,,,,,,,,,,,,
95156,,,,,,,,,,,,,,,,,,,,,,,,,,,,,,,,,,,,
95157,,,,,,,,,,,,,,,,,,,,,,,,,,,,,,,,,,,,
95158,,,,,,,,,,,,,,,,,,,,,,,,,,,,,,,,,,,,
95159,,,,,,,,,,,,,,,,,,,,,,,,,,,,,,,,,,,,
95160,,,,,,,,,,,,,,,,,,,,,,,,,,,,,,,,,,,,
95161,,,,,,,,,,,,,,,,,,,,,,,,,,,,,,,,,,,,
95162,,,,,,,,,,,,,,,,,,,,,,,,,,,,,,,,,,,,
95163,,,,,,,,,,,,,,,,,,,,,,,,,,,,,,,,,,,,
95164,,,,,,,,,,,,,,,,,,,,,,,,,,,,,,,,,,,,
95165,,,,,,,,,,,,,,,,,,,,,,,,,,,,,,,,,,,,
95166,,,,,,,,,,,,,,,,,,,,,,,,,,,,,,,,,,,,
95167,,,,,,,,,,,,,,,,,,,,,,,,,,,,,,,,,,,,
95168,,,,,,,,,,,,,,,,,,,,,,,,,,,,,,,,,,,,
95169,,,,,,,,,,,,,,,,,,,,,,,,,,,,,,,,,,,,
95170,,,,,,,,,,,,,,,,,,,,,,,,,,,,,,,,,,,,
95171,,,,,,,,,,,,,,,,,,,,,,,,,,,,,,,,,,,,
95172,,,,,,,,,,,,,,,,,,,,,,,,,,,,,,,,,,,,
95173,,,,,,,,,,,,,,,,,,,,,,,,,,,,,,,,,,,,
95174,,,,,,,,,,,,,,,,,,,,,,,,,,,,,,,,,,,,
95175,,,,,,,,,,,,,,,,,,,,,,,,,,,,,,,,,,,,
95176,,,,,,,,,,,,,,,,,,,,,,,,,,,,,,,,,,,,
95177,,,,,,,,,,,,,,,,,,,,,,,,,,,,,,,,,,,,
95178,,,,,,,,,,,,,,,,,,,,,,,,,,,,,,,,,,,,
95179,,,,,,,,,,,,,,,,,,,,,,,,,,,,,,,,,,,,
95180,,,,,,,,,,,,,,,,,,,,,,,,,,,,,,,,,,,,
95181,,,,,,,,,,,,,,,,,,,,,,,,,,,,,,,,,,,,
95182,,,,,,,,,,,,,,,,,,,,,,,,,,,,,,,,,,,,
95183,,,,,,,,,,,,,,,,,,,,,,,,,,,,,,,,,,,,
95184,,,,,,,,,,,,,,,,,,,,,,,,,,,,,,,,,,,,
95185,,,,,,,,,,,,,,,,,,,,,,,,,,,,,,,,,,,,
95186,,,,,,,,,,,,,,,,,,,,,,,,,,,,,,,,,,,,
95187,,,,,,,,,,,,,,,,,,,,,,,,,,,,,,,,,,,,
95188,,,,,,,,,,,,,,,,,,,,,,,,,,,,,,,,,,,,
95189,,,,,,,,,,,,,,,,,,,,,,,,,,,,,,,,,,,,
95190,,,,,,,,,,,,,,,,,,,,,,,,,,,,,,,,,,,,
95191,,,,,,,,,,,,,,,,,,,,,,,,,,,,,,,,,,,,
95192,,,,,,,,,,,,,,,,,,,,,,,,,,,,,,,,,,,,
95193,,,,,,,,,,,,,,,,,,,,,,,,,,,,,,,,,,,,
95194,,,,,,,,,,,,,,,,,,,,,,,,,,,,,,,,,,,,
95195,,,,,,,,,,,,,,,,,,,,,,,,,,,,,,,,,,,,
95196,,,,,,,,,,,,,,,,,,,,,,,,,,,,,,,,,,,,
95197,,,,,,,,,,,,,,,,,,,,,,,,,,,,,,,,,,,,
95198,,,,,,,,,,,,,,,,,,,,,,,,,,,,,,,,,,,,
95199,,,,,,,,,,,,,,,,,,,,,,,,,,,,,,,,,,,,
95200,,,,,,,,,,,,,,,,,,,,,,,,,,,,,,,,,,,,
95201,,,,,,,,,,,,,,,,,,,,,,,,,,,,,,,,,,,,
95202,,,,,,,,,,,,,,,,,,,,,,,,,,,,,,,,,,,,
95203,,,,,,,,,,,,,,,,,,,,,,,,,,,,,,,,,,,,
95204,,,,,,,,,,,,,,,,,,,,,,,,,,,,,,,,,,,,
95205,,,,,,,,,,,,,,,,,,,,,,,,,,,,,,,,,,,,
95206,,,,,,,,,,,,,,,,,,,,,,,,,,,,,,,,,,,,
95207,,,,,,,,,,,,,,,,,,,,,,,,,,,,,,,,,,,,
95208,,,,,,,,,,,,,,,,,,,,,,,,,,,,,,,,,,,,
95209,,,,,,,,,,,,,,,,,,,,,,,,,,,,,,,,,,,,
95210,,,,,,,,,,,,,,,,,,,,,,,,,,,,,,,,,,,,
95211,,,,,,,,,,,,,,,,,,,,,,,,,,,,,,,,,,,,
95212,,,,,,,,,,,,,,,,,,,,,,,,,,,,,,,,,,,,
95213,,,,,,,,,,,,,,,,,,,,,,,,,,,,,,,,,,,,
95214,,,,,,,,,,,,,,,,,,,,,,,,,,,,,,,,,,,,
95215,,,,,,,,,,,,,,,,,,,,,,,,,,,,,,,,,,,,
95216,,,,,,,,,,,,,,,,,,,,,,,,,,,,,,,,,,,,
95217,,,,,,,,,,,,,,,,,,,,,,,,,,,,,,,,,,,,
95218,,,,,,,,,,,,,,,,,,,,,,,,,,,,,,,,,,,,
95219,,,,,,,,,,,,,,,,,,,,,,,,,,,,,,,,,,,,
95220,,,,,,,,,,,,,,,,,,,,,,,,,,,,,,,,,,,,
95221,,,,,,,,,,,,,,,,,,,,,,,,,,,,,,,,,,,,
95222,,,,,,,,,,,,,,,,,,,,,,,,,,,,,,,,,,,,
95223,,,,,,,,,,,,,,,,,,,,,,,,,,,,,,,,,,,,
95224,,,,,,,,,,,,,,,,,,,,,,,,,,,,,,,,,,,,
95225,,,,,,,,,,,,,,,,,,,,,,,,,,,,,,,,,,,,
95226,,,,,,,,,,,,,,,,,,,,,,,,,,,,,,,,,,,,
95227,,,,,,,,,,,,,,,,,,,,,,,,,,,,,,,,,,,,
95228,,,,,,,,,,,,,,,,,,,,,,,,,,,,,,,,,,,,
95229,,,,,,,,,,,,,,,,,,,,,,,,,,,,,,,,,,,,
95230,,,,,,,,,,,,,,,,,,,,,,,,,,,,,,,,,,,,
95231,,,,,,,,,,,,,,,,,,,,,,,,,,,,,,,,,,,,
95232,,,,,,,,,,,,,,,,,,,,,,,,,,,,,,,,,,,,
95233,,,,,,,,,,,,,,,,,,,,,,,,,,,,,,,,,,,,
95234,,,,,,,,,,,,,,,,,,,,,,,,,,,,,,,,,,,,
95235,,,,,,,,,,,,,,,,,,,,,,,,,,,,,,,,,,,,
95236,,,,,,,,,,,,,,,,,,,,,,,,,,,,,,,,,,,,
95237,,,,,,,,,,,,,,,,,,,,,,,,,,,,,,,,,,,,
95238,,,,,,,,,,,,,,,,,,,,,,,,,,,,,,,,,,,,
95239,,,,,,,,,,,,,,,,,,,,,,,,,,,,,,,,,,,,
95240,,,,,,,,,,,,,,,,,,,,,,,,,,,,,,,,,,,,
95241,,,,,,,,,,,,,,,,,,,,,,,,,,,,,,,,,,,,
95242,,,,,,,,,,,,,,,,,,,,,,,,,,,,,,,,,,,,
95243,,,,,,,,,,,,,,,,,,,,,,,,,,,,,,,,,,,,
95244,,,,,,,,,,,,,,,,,,,,,,,,,,,,,,,,,,,,
95245,,,,,,,,,,,,,,,,,,,,,,,,,,,,,,,,,,,,
95246,,,,,,,,,,,,,,,,,,,,,,,,,,,,,,,,,,,,
95247,,,,,,,,,,,,,,,,,,,,,,,,,,,,,,,,,,,,
95248,,,,,,,,,,,,,,,,,,,,,,,,,,,,,,,,,,,,
