trig_ids,start_times,duration,detectors,sigma_C,CE,counterpart,match_gbm,match_crupi_known,match_crupi_unknown,saa_edge_short_passage,saa_edge_dt_s,saa_region_proximity,saa_region_dist_deg,fermi_lat,fermi_lon,near_zero_prediction
0,2019-03-01 06:28:02.424929,4.096069931983948,n7 n9 nb,13.959738350154268,R,False,False,False,False,False,,False,59.398139931439324,-25.093496322631836,90.71802520751953,False
1,2019-03-03 05:45:19.164136,83.96789801120758,n0 n1 n2 n5,16.726017181776925,R,True,True,True,False,False,,False,16.77110286515568,-11.722893714904785,34.174617767333984,False
2,2019-03-04 19:37:21.294318,13.82423710823059,n4,6.657230320090616,P,True,True,True,False,False,,False,115.0388786030564,3.8531477451324463,140.19845581054688,False
3,2019-03-06 06:30:21.493791,4.096065998077393,n0 n1 n5,5.282102376177667,R,False,False,False,False,False,,True,2.9169327206676794,4.082268714904785,-34.52288818359375,False
4,2019-03-06 06:42:38.785559,323.5891489982605,n0 n1 n2 n3 n4 n5 n6 n7 n8 n9 na nb,141.7403654929744,R,True,False,False,True,False,,True,1.085998855452904,-12.41016674041748,-1.361419677734375,False
5,2019-03-06 22:37:42.666260,194.0510959625244,n0 n1 n6 n7 n8 n9 na nb,26.263161023034524,R,True,True,True,False,False,,False,102.48484769300059,-21.192066192626953,140.55364990234375,False
6,2019-03-07 01:51:23.532494,40.960659980773926,n0 n1 n2 n3 n4 n5 n6 n7 n8 n9 na nb,29.11168960308906,R,False,False,False,False,False,,False,72.84726864142021,-24.114116668701172,105.9688949584961,True
7,2019-03-07 03:37:19.099070,206.33772897720337,n0 n1 n2 n3 n4 n5 n8 n9 na nb,41.759362618510224,R,True,True,True,False,False,,False,87.72271083003565,-23.769805908203125,123.62612915039062,False
8,2019-03-08 22:19:41.957523,4.551572918891907,n3,3.0773893485772605,P,False,False,False,False,False,,False,88.00474627032756,-25.602779388427734,168.6298370361328,False
9,2019-03-09 04:40:38.488395,28.672468066215515,n0 n1 n2 n3 n4 n5 n6 n7 n8 n9 na nb,39.21678780342463,R,False,False,False,False,False,,False,44.724548471816,-25.51953125,74.11015319824219,True
10,2019-03-10 09:32:35.130661,254.46677112579343,n0 n1 n2 n3 n4 n5 n6 n7 n8 n9 na nb,63.44834674331919,R,True,True,True,False,False,,False,47.81432210322813,-3.6346664428710938,68.49937438964844,False
11,2019-03-10 18:58:19.708027,12.288205981254578,n5 nb,6.210913325345696,S,False,False,False,False,True,54.40058696269989,True,1.197825534430589,-11.650519371032715,-93.76361083984375,False
12,2019-03-12 03:32:37.160809,45.0567729473114,n0 n5 nb,8.47869643777706,R,False,False,False,False,False,,True,2.5379719819800997,3.906834840774536,-35.593780517578125,False
13,2019-03-12 03:50:38.522541,57.34488797187805,n0 n1 n2 n3 n4 n5 n6 n7 n8 na nb,62.97555024053321,R,False,False,False,False,False,,True,2.0325023007273826,-19.31754493713379,15.640817642211914,False
14,2019-03-12 10:42:13.355323,25.086886882781982,n0 n1 n3 n4,12.249034103454958,R,True,True,True,False,False,,False,30.59813105793775,-0.32007738947868347,42.062870025634766,False
15,2019-03-15 05:09:27.571028,24.576404094696045,n6 n9,7.93931101473557,R,True,False,False,True,False,,False,54.53680832281182,-11.174277305603027,80.06661224365234,False
16,2019-03-15 12:17:44.443512,155.9052550792694,n0 n1 n2 n4 n5 n6 n7 n8 n9 na nb,34.70998454702815,R,True,True,True,False,False,,False,113.21587720560089,9.777067184448242,153.8368682861328,False
17,2019-03-15 16:13:14.987376,379.7634950876236,n5,5.391487862703396,P,False,False,False,False,True,31.144830107688904,True,0.7427582950507055,-13.210667610168457,-94.58453369140625,False
18,2019-03-17 01:08:06.641844,20.480337977409363,nb,4.612362811378158,P,True,False,False,True,False,,False,8.856771690556528,-23.08487892150879,33.52374267578125,False
19,2019-03-20 01:14:15.976034,58.8810111284256,n6 n7 n8 n9 na nb,16.851327271912492,R,True,True,True,False,False,,False,85.98552047402544,22.556663513183594,-173.98475646972656,False
20,2019-03-21 13:16:33.951699,310.98082304000854,n5 nb,8.82478327063498,S,False,False,False,False,True,56.56474697589874,True,1.292189141288275,-12.620509147644043,-94.82785034179688,False
21,2019-03-21 14:42:05.640015,45.423027992248535,n2 n4 n5,51.169288591290766,R,True,True,True,False,False,,False,53.46438936754016,-23.027801513671875,-151.8232879638672,False
22,2019-03-23 07:16:50.151962,140.8025040626526,n0 n1 n6 n7 n8 n9 na nb,34.9171194046676,R,True,True,True,False,False,,False,103.46976703488461,11.406595230102539,164.29441833496094,False
23,2019-03-23 21:05:18.089176,215.55548095703125,n0 n1 n2 n3 n4 n5 n6 n7 n8 n9 na nb,107.62324480120014,R,True,True,True,False,False,,False,68.84325713157163,19.06589126586914,-155.77911376953125,False
24,2019-03-24 08:21:13.213153,217.09161603450772,n0 n1 n2 n3 n4 n5 n6 n7 n8 n9 na nb,69.83926620408826,R,True,True,True,False,False,,False,69.503650320532,25.458133697509766,73.04364776611328,False
25,2019-03-24 22:44:17.996502,184.3230999708176,n0 n2 n6 n7 n8 n9 na nb,56.74660019236954,R,True,False,True,False,False,,False,41.597486005133945,22.7496337890625,-117.06816101074219,False
26,2019-03-25 23:58:59.388279,341.124146938324,n0 n1 n2 n3 n4 n5 n9 na nb,34.93753495067371,R,True,True,True,False,False,,False,84.92152558945739,25.462820053100586,-171.75001525878906,False
27,2019-03-26 23:24:43.647278,41.21507394313812,n0 n1 n6 n9 na,11.03792999446804,R,True,True,True,False,False,,False,88.26333533969637,5.213891506195068,109.75714111328125,False
28,2019-03-27 02:39:13.535013,49.66313397884369,n1 n2 n3 n4 n6 n7 n8 n9 na,15.106524121918484,R,True,True,True,False,False,,False,62.41497666814521,11.958556175231934,75.41946411132812,False
29,2019-03-27 06:36:00.375902,16.384281992912292,n1,3.8368719876846513,P,True,False,False,True,False,,False,71.99028192429076,-10.375633239746094,-168.8248291015625,False
30,2019-03-27 10:20:28.621739,4.096062064170837,nb,5.1660153759886605,P,False,False,False,False,True,51.37503397464752,True,1.0668169957376659,-11.19072437286377,-93.21334838867188,False
31,2019-03-30 16:39:28.819233,153.2172840833664,n0 n1 n2 n3 n4 n5 n6 n7 n8 n9 na nb,35.51522377023653,R,True,True,True,False,False,,False,20.169089670101023,20.21336555480957,-59.75604248046875,False
32,2019-04-01 03:20:19.257495,202.24322712421417,n2 n3 n4 n5 n6 n7 n8 n9 na nb,43.893462538563554,R,True,True,True,False,False,,False,76.70840999764671,25.364469528198242,83.5848617553711,False
33,2019-04-04 12:24:17.917832,61.44099998474121,n0 n1 n2 n3 n5,13.144886410686048,R,True,False,False,True,False,,False,18.729022674282476,16.201723098754883,-20.51220703125,False
34,2019-04-04 13:08:07.595595,8.192144989967346,n9 na,5.011245671321697,R,True,False,False,True,False,,False,97.70657944014631,-20.547834396362305,134.0360565185547,False
35,2019-04-04 13:45:24.048334,204.8031049966812,n0 n1 n2 n3 n4 n5 n6 n7 n8 n9 na nb,55.3003025653908,R,True,False,False,True,False,,False,34.0440707431594,25.461158752441406,-97.331298828125,False
36,2019-04-05 13:32:42.186251,114.68972897529602,n2 n3 n4 n5 n7 n8 na nb,23.738414582400825,R,False,False,False,False,False,,False,34.30144294830596,25.516014099121094,-97.89077758789062,False
37,2019-04-06 10:47:22.886200,4.606253027915955,n3 n4,5.079440932308577,R,True,True,True,False,False,,False,50.70859774384413,-20.97900390625,79.57927703857422,False
38,2019-04-06 13:19:56.038570,139.26608192920685,n0 n1 n2 n3 n5 n6 n7 n8 n9 na nb,31.922793976763227,R,False,False,False,False,False,,False,34.35942942714022,25.455007553100586,-98.18838500976562,False
39,2019-04-06 17:52:31.619213,116.22580993175508,n0 n2 n3 n4 n5 n6 n7,19.58084125303621,R,True,True,True,False,False,,False,121.35026762316261,18.163305282592773,140.941650390625,False
40,2019-04-07 04:38:38.490283,16.384277939796448,nb,5.607183844866612,P,False,False,False,False,True,44.02622389793396,True,0.9802252162649754,-11.989249229431152,-93.78469848632812,False
41,2019-04-07 13:48:39.219028,12.670713067054749,n3 n6 n9,6.936746505020322,S,True,True,True,False,False,,False,18.983439193793497,-24.570560455322266,45.15376663208008,False
42,2019-04-07 16:07:29.054014,20.99086093902588,n6 n7 n9 na nb,9.264036029180318,R,True,True,True,False,False,,False,96.12015025444937,22.04862403869629,174.53355407714844,False
43,2019-04-08 12:51:26.974869,330.7569329738617,n0 n1 n2 n3 n4 n5 n6 n7 n8 n9 na nb,186.5581759403524,R,True,True,True,False,False,,False,40.14611500205102,25.550050735473633,-110.68115234375,False
44,2019-04-08 13:13:33.620110,57.34491991996765,n9 nb,7.15460807753949,R,False,False,False,False,False,,True,2.4591426323619663,3.538269281387329,-34.079986572265625,False
45,2019-04-09 10:15:12.665876,94.20962810516356,n0 n1 n2 n6 n9 na nb,33.4723097651679,R,False,False,False,False,False,,False,61.96949612587426,-25.360628128051758,93.7716293334961,False
46,2019-04-10 08:26:24.577345,4.096068978309631,n1 n9 na nb,31.622834699201327,R,False,False,False,False,False,,False,74.62635288471067,-24.964981079101562,108.43318939208984,False
47,2019-04-11 09:45:46.549222,22.01637601852417,n0 n1 n2 n6 n9 na,13.82052792619858,R,True,True,True,False,False,,False,54.101611449296335,-25.358427047729492,84.72716522216797,False
48,2019-04-11 13:53:56.299100,87.55330204963684,n0 n1 n2 n5 n9,17.570052259476736,R,True,True,True,False,False,,False,39.01461889588046,21.231260299682617,-114.73609924316406,False
49,2019-04-12 00:39:53.566327,4.096065998077393,n2,3.211118348186567,P,False,False,False,False,False,,False,29.870835322708924,18.87424659729004,0.03555968031287193,False
50,2019-04-13 01:41:57.004926,8.192170023918152,nb,5.078020511672524,P,False,False,False,False,True,72.99206304550171,True,1.5956652561345652,-11.583699226379395,-94.25808715820312,False
51,2019-04-14 10:16:07.497527,57.34507083892822,n2 n9 na nb,7.184355265064671,R,False,False,False,False,False,,True,2.215619526759406,3.518878221511841,-35.451812744140625,False
52,2019-04-15 04:09:46.429070,210.48288905620572,n0 n1 n2 n3 n4 n5 n6 n7 n8 n9 na nb,106.09116039652233,R,True,True,True,False,False,,False,97.64020359896891,-25.309032440185547,157.2355194091797,False
53,2019-04-17 22:57:08.272410,333.532289147377,nb,3.985091024765894,P,False,False,False,False,True,27.244187831878662,True,0.5969700311019045,-12.799585342407227,-94.05441284179688,False
54,2019-04-19 09:55:40.203653,258.43617391586304,n0 n1 n2 n3 n4 n5 n6 n7 n8 n9 na nb,40.01776162758914,R,True,True,True,False,False,,False,89.05705852228692,-1.9415602684020996,114.08775329589844,False
55,2019-04-20 15:08:24.717224,69.63341307640076,n4 n8,10.250063068788744,S,True,False,False,True,False,,False,84.40707560247984,11.912932395935059,-175.54312133789062,False
56,2019-04-20 22:32:56.636213,20.480453968048096,n6 n7 n8 n9 nb,16.5311675546563,R,True,False,False,True,False,,False,12.903694414545225,14.043001174926758,-51.65289306640625,False
57,2019-04-20 23:32:27.207299,8.382987022399902,n6,3.662754647464652,P,True,True,True,False,False,,False,95.28517789054993,-25.205120086669922,160.1426239013672,False
58,2019-04-22 16:05:09.640847,20.48045003414154,na nb,6.851327598938044,S,True,True,True,False,False,,False,98.8000750448467,23.99901580810547,112.6175765991211,False
59,2019-04-22 18:58:31.100524,4.096085071563721,n0 n2 n9 na,6.958756255601275,R,False,False,False,False,False,,False,29.467975825337007,18.427316665649414,0.030504189431667328,False
60,2019-04-22 22:56:01.664719,199.683856010437,n6 n7 n8 nb,12.737007861998409,R,True,True,True,False,False,,False,86.02834813333841,-18.18363380432129,118.6260986328125,False
61,2019-04-23 20:00:02.635642,286.1904979944229,nb,6.684197340322612,P,False,False,False,False,True,43.88875699043274,True,0.9633278025441836,-12.200428009033203,-93.97848510742188,False
62,2019-04-25 04:51:44.183935,12.28822422027588,n2 n3 n4 n5 n6 n7 n8 na nb,60.32116908757431,R,False,False,False,False,False,,True,1.6734243160161022,-17.485614776611328,10.94144344329834,False
63,2019-04-28 00:16:09.861204,114.68999099731444,n0 n1 n2 n3 n4 n5 n6 n7 n8 n9 na nb,31.74492305509104,R,True,False,False,True,False,,False,32.48987544844517,23.771076202392578,-97.29458618164062,False
64,2019-04-28 18:48:11.180144,67.07303094863892,n0 n1 n2 n3 n4 n5 na nb,25.76985119068133,R,True,True,True,False,False,,False,29.92220400766466,-16.486370086669922,-125.84039306640625,False
65,2019-04-29 17:03:41.331763,4.096062898635864,n5,4.513486860449391,P,False,False,False,False,True,38.48076391220093,True,0.8609010733809945,-10.970359802246094,-92.59869384765625,False
66,2019-04-29 17:49:54.674596,20.48037099838257,n9 na nb,6.514676039736946,S,True,True,True,False,False,,False,59.81421229049798,12.677940368652344,71.41485595703125,False
67,2019-05-01 01:37:51.180214,57.34496402740479,n3 n4 n5 n6 n8 n9 nb,10.837608781500402,R,False,False,False,False,False,,True,2.3423954566091347,3.6642353534698486,-35.49932861328125,False
68,2019-05-02 04:01:32.528154,24.63907301425934,n0 n3 n4 n6 n7,10.193064483853613,R,True,True,True,False,False,,False,114.54415858436302,19.164527893066406,154.0228271484375,False
69,2019-05-04 09:57:36.764602,20.990607023239136,n3,4.672563340719715,P,True,True,True,False,False,,False,59.40456958192518,22.384614944458008,60.328487396240234,False
70,2019-05-06 05:07:05.322161,277.5088770389557,n0 n1 n2 n3 n4 n5,462.7712184633088,R,True,True,True,False,False,,False,63.70842540662049,14.173918724060059,-152.19161987304688,False
71,2019-05-06 13:52:48.599868,159.7463539838791,n0 n1 n2 n3 n4 n5,81.3474460582523,R,True,True,True,False,False,,False,7.01964107720777,-12.35807991027832,-101.48599243164062,False
72,2019-05-06 17:47:45.278685,93.1856449842453,n1 n2 n3 n4 n5,67.83606827872416,R,True,True,True,False,False,,False,31.341506885093324,14.332901000976562,13.123750686645508,False
73,2019-05-06 22:40:19.207866,147.45862293243408,n0 n1 n2 n3 n4 n5 n6 n7 n8 n9 na nb,24.45910688732669,R,False,False,False,False,False,,True,2.2706894078457847,4.066790580749512,-37.72003173828125,False
74,2019-05-07 06:28:19.718355,31.23097407817841,n1 n9 na,8.572093939368601,R,True,True,True,False,False,,False,89.72477705481138,14.094099044799805,179.4089813232422,False
75,2019-05-07 17:15:13.232585,7.420368075370789,na,4.970654522281374,P,True,False,False,True,False,,False,24.656110862878545,24.602148056030273,-60.845916748046875,False
76,2019-05-07 23:16:29.125768,210.4351810216904,n0 n1 n6 n7 n8 n9 na nb,37.55970310602768,R,True,True,True,False,False,,False,108.58426558446673,0.4729199707508087,134.6705780029297,False
77,2019-05-08 19:22:49.120428,87.55344700813293,n6 n7 n8 nb,16.90386230338478,R,True,True,True,False,False,,False,43.51254371018407,-23.706937789916992,72.31123352050781,False
78,2019-05-09 05:44:02.111380,397.3183598518372,n0 n1 n2 n3 n4 n5 n6 n7 n8 na nb,206.015635564898,R,True,True,True,False,False,,False,94.82963554651667,25.215269088745117,107.16809844970703,False
79,2019-05-10 10:12:57.637909,393.22217094898224,n1 n4,4.868335102475236,R,True,True,True,False,False,,False,43.146778788713256,24.158750534057617,20.286865234375,False
80,2019-05-11 07:14:26.919611,209.41019809246063,n0 n1 n2 n3 n4 n5 n6 n7 n8 n9 na nb,63.22737284618892,R,True,True,True,False,False,,False,109.07582253051707,5.206480503082275,157.1049346923828,False
81,2019-05-12 14:40:04.841922,20.48033595085144,n0 n3,6.162128227590879,R,True,True,True,False,False,,False,24.60864703472331,24.352397918701172,-25.148651123046875,False
82,2019-05-14 10:31:01.104814,270.34002697467804,n0 n1 n2 n3 n4 n5 n6 n7 n8 n9 na nb,85.80776772156435,R,True,False,False,True,False,,False,8.17816238109038,-5.982016563415527,-98.11666870117188,False
83,2019-05-14 11:57:51.300410,69.6330919265747,n0 n1 n2 n3 n4 n5 n6 n7 n8 n9 na nb,96.53063915102274,R,False,False,False,False,False,,False,61.44495211571725,-20.9158992767334,-160.18634033203125,False
84,2019-05-14 11:59:21.413832,1048.5917160511017,n0 n1 n2 n3 n4 n5 n6 n7 n8 n9 na nb,1608.4549472317524,R,True,False,False,True,False,,False,56.70131163571792,-19.362144470214844,-154.7613525390625,False
85,2019-05-14 13:45:10.315178,692.2341480255127,n0 n1 n2 n3 n4 n5 n6 n7 n8 n9 na nb,1115.808755334456,R,True,False,False,True,False,,False,43.7106310838209,-0.8736910223960876,-136.63644409179688,False
86,2019-05-14 21:41:40.141253,8.192117929458618,n9,6.626424735888691,P,True,False,True,False,False,,False,84.52475699711468,1.852576732635498,107.22972869873047,False
87,2019-05-15 08:36:45.387608,414.6711400747299,n6 n8,6.132501021725796,S,False,False,False,False,True,36.9288649559021,True,1.034685591801501,-13.972330093383789,-95.55838012695312,False
88,2019-05-15 16:04:20.723707,16.384298086166382,n4,4.63215939619154,P,True,False,False,True,False,,False,17.71047979610536,-16.750537872314453,40.6832160949707,False
89,2019-05-17 19:30:08.892417,75.26512408256531,n0 n1 n4 n6 n7 n8 n9 na nb,21.84141319689818,R,True,True,True,False,False,,False,114.05716070516388,10.415718078613281,136.0096435546875,False
90,2019-05-19 07:24:53.760658,215.5541069507599,n0 n1 n2 n3 n4 n5 n7 n8 n9 na nb,100.04705566406976,R,True,True,True,False,False,,False,73.51162988985634,-25.274608612060547,-174.53836059570312,False
91,2019-05-19 14:34:51.884471,36.86454689502716,n2 n4 n5 n6 n7 n8 na nb,14.942394839361343,R,False,False,False,False,False,,False,33.66200771271489,25.460716247558594,-96.24465942382812,False
92,2019-05-20 05:34:01.539628,24.576431035995483,n6 n7 n9 na nb,9.234746184981558,R,True,False,False,True,False,,False,62.88051239893865,-24.612430572509766,-162.4480438232422,False
93,2019-05-20 12:41:05.052515,49.1527099609375,n4 n7 n8 na nb,12.759919072650488,R,False,False,False,False,False,,False,32.12037367659655,24.166244506835938,-95.23040771484375,False
94,2019-05-20 14:20:57.595882,240.64356195926663,n0 n1 n2 n3 n4 n5 n6 n7 n8 n9 na nb,76.3193278406312,R,True,True,True,False,False,,False,35.40564468179404,25.462139129638672,-100.707275390625,False
95,2019-05-21 05:39:42.484606,358.3340790271759,n0 n5 n6 n9 nb,13.40152809913741,S,False,False,False,False,True,57.631875872612,True,1.3023189079121098,-13.31417465209961,-95.5689697265625,False
96,2019-05-22 15:28:38.574776,4.096058964729309,na,3.045498191957037,P,False,False,False,False,False,,False,54.87520173303246,25.467866897583008,-133.6729278564453,False
97,2019-05-24 11:15:53.236267,24.57641708850861,n3 n7,6.213448691097393,S,True,False,False,True,False,,False,108.67417017133583,-16.857391357421875,145.33932495117188,False
98,2019-05-27 02:42:44.068605,289.262237906456,n8 n9 na nb,12.680927091225776,R,False,False,False,False,True,60.359732031822205,True,1.3330289949233294,-12.221412658691406,-94.52792358398438,False
99,2019-05-28 23:32:56.910072,16.38433301448822,n4,4.158447022576534,P,True,False,False,True,False,,False,51.645832742197584,24.659263610839844,39.395530700683594,False
100,2019-05-29 09:57:11.244783,12.288246989250185,n9 na nb,40.40136639875495,R,False,False,False,False,False,,False,44.336664929824266,-25.494705200195312,73.66588592529297,False
101,2019-05-29 10:42:51.525655,274.437313079834,n0 n1 n3 n4 n5 n6 n7 n9 na nb,84.99050946598399,R,False,False,False,False,False,,False,49.16893993929199,25.116031646728516,-125.95590209960938,False
102,2019-05-30 10:19:05.064273,215.2992820739746,n0 n1 n2 n3 n4 n5 n6 n7 n8 n9 na nb,740.7512326402218,R,True,True,True,False,False,,False,69.1676256699107,20.67936134338379,-155.37313842773438,False
103,2019-05-31 07:29:10.801218,91.64983201026917,n0 n1 n2 n3 n4 n5 n9,27.935025743290808,R,True,True,True,False,False,,False,16.22686377646005,-1.4188127517700195,11.030643463134766,False
104,2019-05-31 20:10:02.285366,225.28452599048612,n0 n1 n2 n3 n4 n5 n6 n7 n8 n9 na nb,171.74951875549553,R,True,True,True,False,False,,False,87.88940843730938,-1.6430506706237793,177.1763458251953,False
105,2019-06-03 08:20:31.645232,8.192166090011597,n0 n5,4.086254302249084,R,False,False,False,False,False,,True,2.1570459219780873,3.569409132003784,-35.790771484375,False
106,2019-06-03 19:04:25.471540,22.016496062278748,n0 n3 n4,7.267373520586758,R,True,True,True,False,False,,False,73.78308795637457,25.577354431152344,79.26536560058594,False
107,2019-06-04 10:42:33.214831,182.5308449268341,n0 n1 n2 n3 n4 n5 n6 n7 n8,56.86213185934509,R,True,True,True,False,False,,False,119.63022561977387,17.425434112548828,148.4067840576172,False
108,2019-06-05 23:22:29.359182,12.478935956954956,n4 n8,5.390390889100521,S,True,True,True,False,False,,False,35.23832912650104,25.58788299560547,-1.411041259765625,False
109,2019-06-06 01:55:04.585167,55.17617809772492,n0 n1 n2 n3 n4 n5 n9 na,23.592947211766,R,True,True,True,False,False,,False,80.44872887623472,-19.414608001708984,179.3759002685547,False
110,2019-06-06 13:21:42.698970,20.480463981628414,n7 n8 nb,9.66369516631907,R,True,False,False,True,False,,False,65.23736266357899,12.433051109313965,78.66224670410156,False
111,2019-06-06 21:01:29.214995,4.096085906028748,nb,4.014429315884482,P,False,False,False,False,True,22.309444069862366,True,0.4971585953055399,-12.483293533325195,-93.57794189453125,False
112,2019-06-07 01:42:46.594474,45.31149995326996,n6 n7 n9 na nb,12.207119142419764,R,True,True,True,False,False,,False,80.16656504713094,-17.74406623840332,-179.7953338623047,False
113,2019-06-08 00:12:20.699758,164.09794688224792,n6 n7 n8 n9 na nb,31.44346591540889,R,True,True,True,False,False,,False,21.99146741816742,10.552240371704102,-99.80926513671875,False
114,2019-06-08 05:36:49.079595,28.67258512973785,n3 n4 n5,6.134580042525505,R,False,False,False,False,False,,True,2.95708969895037,3.9484522342681885,-33.60498046875,False
115,2019-06-08 20:22:39.323481,1154.0717240571976,n0 n1 n2 n3 n4 n5 n6 n7 n8 n9 na nb,1461.070117502481,R,True,True,True,True,False,,False,56.50525480604279,-25.546960830688477,-155.48348999023438,False
116,2019-06-09 02:40:06.101176,4.09607994556427,n6 n7 n8 n9 nb,41.15962351930109,R,False,False,False,False,False,,False,64.06539864581116,-25.509138107299805,96.2530746459961,False
117,2019-06-09 07:33:36.586811,232.4527360200882,n3 n4 n5 n6 n7 n8 n9 na nb,44.038730529294256,R,True,True,True,False,False,,False,40.252627177591364,-19.98497200012207,67.62812042236328,False
118,2019-06-10 18:00:05.524489,135.17063999176025,n0 n1 n2 n6 n7 n8 n9 na nb,37.01024251764987,R,True,False,True,False,False,,False,101.48540108019043,-13.231264114379883,158.3804931640625,False
119,2019-06-11 22:47:46.138337,280.4520778656006,n0 n1 n2 n3 n4 n5 n9,112.6629108717968,R,True,True,True,False,False,,False,100.55591264521948,-25.62352180480957,141.34921264648438,False
120,2019-06-12 03:57:24.136301,22.01643991470337,n4 n8,5.5202399626319245,R,True,True,True,False,False,,False,112.31822851304999,1.7738243341445923,152.52845764160156,False
121,2019-06-12 18:04:34.984655,269.81310081481934,n5 nb,6.812007560250508,S,False,False,False,False,True,25.347579956054688,True,0.5033037413068853,-11.562270164489746,-92.7811279296875,False
122,2019-06-13 04:07:21.818509,53.24910998344421,n0 n1 n3,14.932919123874004,R,True,True,True,False,False,,False,50.30618703789069,25.60720443725586,-127.13337707519531,False
123,2019-06-13 10:46:58.513305,46.59294307231903,n3 n4 n5 n6 n7 n8 n9 nb,20.554797910242524,R,True,True,True,False,False,,False,62.41593363669567,5.12817907333374,-154.3745880126953,False
124,2019-06-14 02:38:51.553282,61.441221952438354,n3 n5 nb,6.855478154662102,R,False,False,False,False,False,,True,2.8785125174817403,4.180647850036621,-35.349822998046875,False
125,2019-06-15 15:16:26.860305,75.26518702507019,n4 n6 n7 n8 nb,15.397031883152913,R,True,True,True,False,False,,False,98.76103646734654,-13.253820419311523,161.387939453125,False
126,2019-06-18 15:06:55.681582,258.40371906757355,n2 n3 n4 n5 n8,14.13294822644229,R,False,False,False,False,True,105.02701008319855,True,2.273922851451259,-12.474372863769531,-96.1337890625,False
127,2019-06-19 00:24:20.399209,162.81837391853333,n0 n1 n3 n6 n7 n9,17.989618782244797,R,True,True,True,False,False,,False,42.725241617980174,-25.095029830932617,71.7574462890625,False
128,2019-06-19 14:15:51.074588,244.74003493785855,n1 n2 n3 n4 n5 n6 n7 n8 n9 na nb,51.589933337710775,R,True,True,True,False,False,,False,98.57567081763804,-4.555511474609375,125.99180603027344,False
129,2019-06-20 12:10:10.296803,214.5316059589386,n0 n1 n2 n3 n4 n5 n6 n7 n8 n9 na nb,118.08941025850284,R,True,True,True,False,False,,False,78.94126796769672,20.306852340698242,90.36605072021484,False
130,2019-06-24 12:10:09.324833,4.096057057380676,n1,3.5241082790180225,P,False,False,False,False,True,132.7034169435501,True,1.8037649041660788,-10.883500099182129,-93.95907592773438,False
131,2019-06-26 06:06:24.245432,4.606426000595093,n2,3.249113768138152,P,True,True,True,False,False,,False,116.88170808397516,15.695694923400879,151.06451416015625,False
132,2019-06-28 04:23:34.935779,8.192156076431274,n8,3.569387046825589,P,True,False,False,True,False,,False,33.16043997767274,-14.7549467086792,-128.94659423828125,False
133,2019-06-28 12:30:54.808183,26.11242914199829,na nb,6.629774399830136,R,True,True,True,False,False,,False,100.40852992419971,-25.268428802490234,153.848388671875,False
134,2019-06-29 09:25:03.388667,319.1331681013108,n0 n1 n5 n9 nb,11.951005786704805,R,False,False,False,False,True,67.34352791309357,True,1.4952468915501527,-12.67847728729248,-95.18609619140625,False
135,2019-06-30 18:01:05.792527,4.096065998077393,n6 nb,5.676726138188101,R,False,False,False,False,False,,True,2.85488511889954,4.142342567443848,-35.132354736328125,False
