trig_ids,start_index,start_met,start_times,start_times_offset,end_index,end_met,end_times,duration,catalog_triggers,trig_dets,detectors,sigma_r0,sigma_r1,sigma_r2,sigma_C,CE,qtl_cut_r0,qtl_cut_r1,qtl_cut_r2,t_start,match_crupi_known,match_crupi_unknown,match_gbm,counterpart,dist_saa_gap_s,dist_saa_gap_recomputed_s,group,day,t_since_gap_end_s,t_to_gap_start_s,lat,lon,alt_km,L,phase_deg,t_since_saa_exit_s,t_to_saa_entry_s,prev_orbit_saa_offset_s,geomag_lat_dipole,dist_saa_region_deg,run,pair_cmp,pair_group
0,5680,573114487.424929,2019-03-01 06:28:02.424929,2019-03-01 06:25:39.062470,5681,573114491.520999,2019-03-01 06:28:06.520999,4.096069931983948,,n7_r0 n9_r0 nb_r0 nb_r1,n7 n9 nb,13.959738350154268,7.881124030368224,0.0,13.959738350154268,R,0.0,0.05,0.0,573114344.06247,False,False,False,False,15854.900892972946,15854.900892972946,other,190301,,15854.900892972946,-25.093496322631836,90.71802520751953,529.425757932692,1.5942858330975527,258.19818848658826,,10324.477602005005,-16034.477591514587,-34.01844326055033,59.50338774376113,ref,-1,absent
1,41799,573284724.164136,2019-03-03 05:45:19.164136,2019-03-03 05:45:01.754389,41819,573284808.1320341,2019-03-03 05:46:43.132034,83.96789801120758,GRB190303240,n0_r0 n0_r1 n1_r0 n1_r1 n2_r0 n2_r1 n5_r0 n5_r1,n0 n1 n2 n5,9.831756167178668,16.726017181776925,0.0,16.726017181776925,R,0.65,0.7,0.0,573284706.754389,True,False,True,True,,10893.38967704773,matched,190303,26132.933301091194,10893.38967704773,-11.722893714904785,34.174617767333984,533.6879390477654,1.237270973812362,207.9450073444629,26134.214311003685,10896.78568994999,-16606.785679459572,-14.276551141568246,16.83980007047635,ref,1,matched
2,69921,573421046.294318,2019-03-04 19:37:21.294318,2019-03-04 19:37:21.294318,69924,573421060.1185551,2019-03-04 19:37:35.118555,13.82423710823059,GRB190304818,n4_r0 n4_r1,n4,4.608770225885563,6.657230320090616,0.0,6.657230320090616,P,0.55,0.55,0.0,573421046.294318,True,False,True,True,,2121.7097051143646,matched,190304,2799.1541109085083,2121.7097051143646,3.8531477451324463,140.19845581054688,537.3824908079786,1.0106311374536283,171.0844866355566,2801.754238963127,2125.245759010315,-1791.245749592781,-4.004045650500597,115.13682726785161,ref,2,matched
3,97645,573546626.4937911,2019-03-06 06:30:21.493791,2019-03-06 06:29:07.764575,97646,573546630.5898571,2019-03-06 06:30:25.589857,4.096065998077393,,n0_r2 n1_r2 n5_r1 n5_r2,n0 n1 n5,0.0,4.567795801139182,5.282102376177667,5.282102376177667,R,0.0,0.0,0.2,573546552.764575,False,False,False,False,5824.611544013023,5824.611544013023,B,190306,36860.54040300846,5824.611544013023,4.082268714904785,-34.52288818359375,538.4255541330193,1.113098985802222,170.54659897625103,36862.2244989872,5825.77550303936,-11535.775492548943,11.400636351512613,3.0362827807240906,ref,-1,absent
4,97825,573547363.7855589,2019-03-06 06:42:38.785559,2019-03-06 06:39:30.366584,97904,573547687.3747079,2019-03-06 06:48:02.374708,323.5891489982605,,n0_r0 n0_r1 n0_r2 n1_r0 n1_r1 n1_r2 n2_r1 n2_r2 n3_r0 n3_r1 n3_r2 n4_r0 n4_r1 n4_r2 n5_r0 n5_r1 n5_r2 n6_r0 n6_r1 n6_r2 n7_r0 n7_r1 n7_r2 n8_r0 n8_r1 n8_r2 n9_r0 n9_r1 n9_r2 na_r0 na_r1 na_r2 nb_r0 nb_r1 nb_r2,n0 n1 n2 n3 n4 n5 n6 n7 n8 n9 na nb,141.7403654929744,138.145263657134,67.76944950781518,141.7403654929744,R,0.45,0.7,0.6,573547175.3665841,False,True,False,True,,5202.009534955025,matched,190306,37483.14241206646,5202.009534955025,-12.41016674041748,-1.361419677734375,538.5348297091989,1.2905631757840927,209.73314361702,37484.8265080452,5203.173493981361,-10913.173483490944,-9.278347759619095,1.1694193656833614,ref,4,matched
5,109210,573604667.66626,2019-03-06 22:37:42.666260,2019-03-06 22:37:28.842028,109257,573604861.717356,2019-03-06 22:40:56.717356,194.0510959625244,GRB190306943,n0_r1 n1_r0 n1_r1 n6_r0 n6_r1 n7_r1 n8_r1 n9_r0 n9_r1 na_r0 na_r1 nb_r0 nb_r1,n0 n1 n6 n7 n8 n9 na nb,17.151419572225763,26.263161023034524,0.0,26.263161023034524,R,0.3,0.85,0.0,573604653.8420279,True,False,True,True,,9412.770628929138,matched,190306,9412.770628929138,27606.006817102432,-21.192066192626953,140.55364990234375,538.469401162423,1.413766944590896,236.59907382411615,9415.50194990635,27608.49805009365,3705.5019603967667,-28.907401088134847,102.60063546900213,ref,5,matched
6,112046,573616288.5324941,2019-03-07 01:51:23.532494,2019-03-07 01:51:23.532494,112056,573616329.493154,2019-03-07 01:52:04.493154,40.960659980773926,,n0_r0 n0_r1 n0_r2 n1_r0 n1_r1 n2_r0 n2_r1 n3_r0 n3_r1 n3_r2 n4_r0 n4_r1 n4_r2 n5_r0 n5_r1 n5_r2 n6_r0 n6_r1 n6_r2 n7_r0 n7_r1 n8_r0 n8_r1 n8_r2 n9_r0 n9_r1 n9_r2 na_r0 na_r1 na_r2 nb_r1 nb_r2,n0 n1 n2 n3 n4 n5 n6 n7 n8 n9 na nb,880.9214117643891,764.8703011265087,99.16602496902004,880.9214117643891,R,0.7,0.7,0.6,573616288.5324941,False,False,False,False,15971.31635093689,15971.31635093689,other,190307,21047.46109509468,15971.31635093689,-24.114116668701172,105.9688949584961,537.8129120849459,1.546111054948284,250.69382807450756,21050.19241607189,15973.807583928108,15340.19242656231,-33.46128517505792,72.9558182734701,ref,-1,absent
7,113596,573622644.0990701,2019-03-07 03:37:19.099070,2019-03-07 03:37:13.466977,113646,573622850.436799,2019-03-07 03:40:45.436799,206.33772897720337,GRB190307151,n0_r0 n0_r1 n1_r0 n1_r1 n2_r0 n2_r1 n3_r0 n3_r1 n4_r1 n5_r0 n5_r1 n8_r0 n9_r1 na_r0 na_r1 nb_r0 nb_r1,n0 n1 n2 n3 n4 n5 n8 n9 na nb,35.79710373844288,41.759362618510224,0.0,41.759362618510224,R,0.8,0.85,0.0,573622638.466977,True,False,True,True,,9621.381868004799,matched,190307,27397.39557802677,9621.381868004799,-23.769805908203125,123.62612915039062,532.126626303256,1.5196186394352487,291.3998578002763,27400.126899003983,9623.873100996017,-15333.87309062481,-32.71160533133895,87.83567637206112,ref,6,matched
8,145624,573776386.9575231,2019-03-08 22:19:41.957523,2019-03-08 22:19:37.405729,145625,573776391.509096,2019-03-08 22:19:46.509096,4.551572918891907,,n3_r1,n3,0.0,3.0773893485772605,0.0,3.0773893485772605,P,0.0,0.05,0.0,573776382.405729,False,False,False,False,10050.7336050272,10050.733605027199,other,190308,10050.733605027199,26981.731131076813,-25.602779388427734,168.6298370361328,538.1689299768847,1.472688204355701,272.62970886801054,10052.065650105476,26984.93434894085,4342.065660595894,-29.78357451902118,88.06706635943483,ref,-1,absent
9,151201,573799243.488395,2019-03-09 04:40:38.488395,2019-03-09 04:40:38.488395,151208,573799272.160863,2019-03-09 04:41:07.160863,28.672468066215515,,n0_r0 n0_r1 n0_r2 n1_r0 n1_r1 n2_r0 n2_r1 n3_r0 n3_r2 n4_r0 n4_r1 n4_r2 n5_r0 n5_r1 n5_r2 n6_r0 n6_r1 n6_r2 n7_r0 n7_r1 n7_r2 n8_r0 n8_r1 n8_r2 n9_r1 n9_r2 na_r0 na_r1 na_r2 nb_r1 nb_r2,n0 n1 n2 n3 n4 n5 n6 n7 n8 n9 na nb,39.21678780342463,35.10579868622749,16.964483613703567,39.21678780342463,R,0.85,0.85,0.85,573799243.488395,False,False,False,False,4120.648465156555,4120.648465156555,other,190309,32911.816270947456,4120.648465156555,-25.51953125,74.11015319824219,538.4638228356362,1.5980625182845327,275.1521419481525,32913.148316025734,4123.851683020592,-9833.851672530174,-33.213688203374325,44.825807755231395,ref,-1,absent
10,172757,573903160.130661,2019-03-10 09:32:35.130661,2019-03-10 09:32:23.352912,172819,573903414.5974321,2019-03-10 09:36:49.597432,254.46677112579343,GRB190310398,n0_r0 n0_r1 n1_r0 n1_r1 n2_r0 n2_r1 n3_r0 n3_r1 n4_r0 n4_r1 n5_r0 n5_r1 n6_r1 n7_r1 n8_r0 n8_r1 n9_r0 n9_r1 na_r0 na_r1 nb_r0 nb_r1,n0 n1 n2 n3 n4 n5 n6 n7 n8 n9 na nb,51.54893874662131,63.44834674331919,0.0,63.44834674331919,R,0.95,0.95,0.0,573903148.352912,True,False,True,True,,876.5575598478317,matched,190310,876.5575598478317,3435.124848127365,-3.6346664428710938,68.49937438964844,524.1096461302526,1.0576134083725641,351.57768306067635,879.0128349065781,3436.987165093422,1169.0128514766693,-10.887194115166704,47.90391671310351,ref,9,matched
11,179476,573937104.708027,2019-03-10 18:58:19.708027,2019-03-10 18:57:46.939485,179479,573937116.996233,2019-03-10 18:58:31.996233,12.288205981254578,,n5_r1 nb_r1,n5 nb,0.0,6.210913325345696,0.0,6.210913325345696,S,0.0,0.0,0.0,573937071.9394851,False,False,False,False,5189.718599081039,5189.718599081039,A,190310,5189.718599081039,37476.65115296841,-11.650519371032715,-93.76361083984375,528.2952684184681,1.11406958714602,332.1793619598685,5192.599407076836,54.40058696269989,0.0,-2.9114633257314257,1.2437536058586245,ref,10,A
12,205426,574054362.160809,2019-03-12 03:32:37.160809,2019-03-12 03:31:56.200103,205437,574054407.217582,2019-03-12 03:33:22.217582,45.0567729473114,,n0_r2 n5_r1 n5_r2 nb_r1 nb_r2,n0 n5 nb,0.0,8.47869643777706,6.249702656123971,8.47869643777706,R,0.0,0.05,0.1,574054321.200103,False,False,False,False,5820.515141963959,5820.515141963959,B,190312,36871.07023704052,5820.515141963959,3.906834840774536,-35.593780517578125,535.0656504662611,1.1148963001278118,170.93651917159517,36872.860027074814,5825.139977931976,-11535.139967441559,11.334169531734277,2.758042102722748,ref,11,B
13,205690,574055443.522541,2019-03-12 03:50:38.522541,2019-03-12 03:47:34.199648,205704,574055500.867429,2019-03-12 03:51:35.867429,57.34488797187805,,n0_r0 n1_r0 n2_r0 n3_r0 n3_r1 n4_r0 n5_r0 n5_r1 n6_r0 n7_r0 n7_r1 n8_r0 n8_r1 na_r0 nb_r0 nb_r1,n0 n1 n2 n3 n4 n5 n6 n7 n8 na nb,62.97555024053321,16.860458149261788,0.0,62.97555024053321,R,0.0,0.45,0.0,574055259.1996481,False,False,False,False,4882.515596866608,4882.515596866608,other,190312,37809.06978213787,4882.515596866608,-19.31754493713379,15.640817642211914,543.9393699825407,1.4465941312464925,229.935711046401,37810.859572172165,4887.140432834625,-10597.140422344208,-18.778820608334556,2.1584246151770947,ref,12,other
14,210208,574080138.3553231,2019-03-12 10:42:13.355323,2019-03-12 10:42:07.723230,210214,574080163.44221,2019-03-12 10:42:38.442210,25.086886882781982,GRB190312446,n0_r0 n0_r1 n1_r1 n3_r0 n3_r1 n4_r0,n0 n1 n3 n4,12.249034103454958,9.048366221549902,0.0,12.249034103454958,R,0.7,0.55,0.0,574080132.7232301,True,False,True,True,,660.4922270774841,matched,190312,660.4922270774841,3887.9714928865433,-0.32007738947868347,42.062870025634766,525.0584709734334,1.067873942337795,359.25983279246765,663.3831480741501,3890.6168419122696,904.3831596374512,-4.215630724291399,30.667845992749207,ref,13,matched
15,261359,574319372.571028,2019-03-15 05:09:27.571028,2019-03-15 05:08:54.802496,261365,574319397.1474321,2019-03-15 05:09:52.147432,24.576404094696045,,n6_r0 n6_r1 n9_r0,n6 n9,7.93931101473557,5.845313457611836,0.0,7.93931101473557,R,0.0,0.0,0.0,574319339.802496,False,True,False,True,,925.7097759246826,matched,190315,925.7097759246826,3448.892847061157,-11.174277305603027,80.06661224365234,535.4643403067082,1.1621273389850917,333.33538067889947,927.8624209165573,3454.137580037117,1365.8624374866486,-19.44555198013906,54.62580493227437,ref,14,matched
16,266147,574345069.443512,2019-03-15 12:17:44.443512,2019-03-15 12:17:38.299403,266185,574345225.348767,2019-03-15 12:20:20.348767,155.9052550792694,GRB190315512,n0_r1 n1_r1 n2_r1 n4_r1 n5_r1 n6_r1 n7_r1 n8_r1 n9_r0 n9_r1 na_r0 na_r1 nb_r0 nb_r1,n0 n1 n2 n4 n5 n6 n7 n8 n9 na nb,14.976156643635845,34.70998454702815,0.0,34.70998454702815,R,0.85,0.85,0.0,574345063.299403,True,False,True,True,,1988.3046181201935,matched,190315,2803.506378889084,1988.3046181201935,9.777067184448242,153.8368682861328,527.0950725594082,1.0312223575641835,156.84289461417592,2804.3593279123306,1992.6406670808792,-1626.6406605243683,3.289664747794951,113.22284728548215,ref,15,matched
17,269082,574359199.987376,2019-03-15 16:13:14.987376,2019-03-15 16:13:06.795240,269088,574359579.7508711,2019-03-15 16:19:34.750871,379.7634950876236,,n5_r1,n5,0.0,5.391487862703396,0.0,5.391487862703396,P,0.0,0.05,0.0,574359191.7952399,False,False,False,False,5124.182551860809,5124.182551860809,A,190315,5124.182551860809,37527.62919604778,-13.210667610168457,-94.58453369140625,537.2965420959347,1.1173711581786123,328.03936875441894,5125.8551659584045,31.144830107688904,0.0,-4.516654439081246,0.884935996805522,ref,16,A
18,295252,574477691.641844,2019-03-17 01:08:06.641844,2019-03-17 01:08:02.545779,295257,574477712.122182,2019-03-17 01:08:27.122182,20.480337977409363,,nb_r0 nb_r1,nb,4.612362811378158,4.366635479279825,0.0,4.612362811378158,P,0.05,0.45,0.0,574477687.545779,False,True,False,True,,4628.5575630664825,matched,190317,38039.707033991814,4628.5575630664825,-23.08487892150879,33.52374267578125,543.5786119496729,1.5358702949485927,245.41733060831137,32626.60570895672,4631.39429795742,-10341.394287467003,-25.378191082558818,8.946893112076522,ref,17,matched
19,350314,574737260.9760339,2019-03-20 01:14:15.976034,2019-03-20 01:13:53.959655,350328,574737319.857045,2019-03-20 01:15:14.857045,58.8810111284256,GRB190320052,n6_r1 n7_r1 n8_r1 n9_r1 na_r1 nb_r0 nb_r1,n6 n7 n8 n9 na nb,3.883219873963861,16.851327271912492,0.0,16.851327271912492,R,0.55,0.6,0.0,574737238.959655,True,False,True,True,,1863.4057040214539,matched,190320,2871.3849090337753,1863.4057040214539,22.556663513183594,-173.98475646972656,527.4529044303046,1.1992817880357025,62.96296401355897,2874.019583106041,1867.9804219007492,-1784.9804104566574,20.43162255393266,86.03357986187451,ref,18,matched
20,376856,574866998.951699,2019-03-21 13:16:33.951699,2019-03-21 13:16:09.375329,376865,574867309.932522,2019-03-21 13:21:44.932522,310.98082304000854,,n5_r1 nb_r1,n5 nb,0.0,8.82478327063498,0.0,8.82478327063498,S,0.0,0.1,0.0,574866974.375329,False,False,False,False,5144.663490056992,5144.663490056992,A,190321,5144.663490056992,37514.735422968864,-12.620509147644043,-94.82785034179688,541.6043339308214,1.1152682599281456,329.51818814493174,5148.435253024101,56.56474697589874,0.0,-3.9420879637057133,1.4285233580490944,ref,19,A
21,378040,574872130.640015,2019-03-21 14:42:05.640015,2019-03-21 14:41:59.495913,378051,574872176.063043,2019-03-21 14:42:51.063043,45.423027992248535,SFLARE19032161,n2_r0 n4_r0 n4_r1 n5_r0 n5_r1,n2 n4 n5,51.169288591290766,7.617786835681051,0.0,51.169288591290766,R,0.5,0.5,0.0,574872124.495913,True,False,True,True,,10294.78407406807,matched,190321,10294.78407406807,32364.614838957787,-23.027801513671875,-151.8232879638672,542.8198939024588,1.2591819435104785,294.6539223298243,4822.555842995644,32366.44416296482,-616.4441524744034,-20.9662678112746,53.57459794214126,ref,20,matched
22,409231,575018215.151962,2019-03-23 07:16:50.151962,2019-03-23 07:16:44.519864,409265,575018355.9544661,2019-03-23 07:19:10.954466,140.8025040626526,GRB190323303,n0_r1 n1_r1 n6_r0 n6_r1 n7_r1 n8_r1 n9_r0 n9_r1 n9_r2 na_r0 na_r1 nb_r0 nb_r1,n0 n1 n6 n7 n8 n9 na nb,15.546420812372068,34.9171194046676,3.615497555076653,34.9171194046676,R,0.8,0.8,0.8,575018209.5198641,True,False,True,True,,1839.6812529563904,matched,190323,2871.342320084572,1839.6812529563904,11.406595230102539,164.29441833496094,521.7256369050472,1.0515008308309488,152.65394700962753,2874.5797671079636,1843.4202419519424,-1440.4202214479446,6.2199783450756625,103.48499566619573,ref,21,matched
23,420601,575067923.089176,2019-03-23 21:05:18.089176,2019-03-23 21:05:18.089176,420653,575068138.644657,2019-03-23 21:08:53.644657,215.55548095703125,GRB190323879,n0_r0 n0_r1 n0_r2 n1_r0 n1_r1 n1_r2 n2_r1 n3_r0 n3_r1 n3_r2 n4_r0 n4_r1 n4_r2 n5_r0 n5_r1 n5_r2 n6_r0 n6_r1 n6_r2 n7_r0 n7_r1 n7_r2 n8_r0 n8_r1 n9_r1 na_r0 na_r1 nb_r0 nb_r1,n0 n1 n2 n3 n4 n5 n6 n7 n8 n9 na nb,52.59338707778327,107.62324480120014,15.481654460044568,107.62324480120014,R,0.85,0.9,0.9,575067923.089176,True,False,True,True,,2043.627575993538,matched,190323,34972.585440039635,2043.627575993538,19.06589126586914,-155.77911376953125,535.3644393128741,1.1959260425741578,49.389447300093906,34976.14907002449,2044.8509269952774,-7754.850916624069,19.923498492252598,68.8968591770652,ref,22,matched
24,428198,575108478.213153,2019-03-24 08:21:13.213153,2019-03-24 08:21:07.581054,428251,575108695.304769,2019-03-24 08:24:50.304769,217.09161603450772,GRB190324348,n0_r0 n0_r1 n0_r2 n1_r0 n1_r1 n1_r2 n2_r0 n2_r1 n2_r2 n3_r1 n4_r1 n4_r2 n5_r0 n5_r1 n6_r1 n7_r1 n8_r0 n8_r1 n9_r0 n9_r1 n9_r2 na_r0 na_r1 na_r2 nb_r0 nb_r1,n0 n1 n2 n3 n4 n5 n6 n7 n8 n9 na nb,27.858397131782297,69.83926620408826,9.791817905884631,69.83926620408826,R,0.85,0.9,0.95,575108472.581054,True,False,True,True,,1590.808485865593,matched,190324,1590.808485865593,3272.3054440021515,25.458133697509766,73.04364776611328,531.667746206744,1.1391480661639395,88.15569846402505,1591.6409509181976,3277.359050989151,1810.640961408615,17.633460410016053,69.58178743088553,ref,23,matched
25,440174,575160262.996502,2019-03-24 22:44:17.996502,2019-03-24 22:44:13.900427,440219,575160447.319602,2019-03-24 22:47:22.319602,184.3230999708176,GRB190324947,n0_r1 n2_r1 n6_r0 n6_r1 n6_r2 n7_r0 n7_r1 n7_r2 n8_r0 n8_r1 n9_r0 n9_r1 na_r0 na_r1 nb_r0 nb_r1,n0 n2 n6 n7 n8 n9 na nb,36.817173996229066,56.74660019236954,5.321616063435211,56.74660019236954,R,0.95,0.95,1.0,575160258.9004271,True,False,False,True,,1018.4184979200363,matched,190324,3801.148083090782,1018.4184979200363,22.7496337890625,-117.06816101074219,528.0840591499341,1.4167383026664306,115.95916015996694,3804.960329055786,1020.0396769046783,-948.0396664142609,29.250935113952114,41.65178048411131,ref,24,matched
26,459213,575251144.388279,2019-03-25 23:58:59.388279,2019-03-25 23:58:53.244180,459298,575251485.5124259,2019-03-26 00:04:40.512426,341.124146938324,GRB190325999,n0_r0 n0_r1 n1_r0 n1_r1 n2_r0 n2_r1 n2_r2 n3_r1 n4_r1 n5_r0 n5_r1 n5_r2 n9_r1 na_r1 nb_r1,n0 n1 n2 n3 n4 n5 n9 na nb,13.486779242272744,34.93753495067371,4.574276623470524,34.93753495067371,R,0.9,0.95,0.95,575251138.24418,True,False,True,True,,1590.978607058525,matched,190325,2803.6292819976807,1590.978607058525,25.462820053100586,-171.75001525878906,533.7308802457898,1.2485536622548425,90.46387898537355,2806.304076910019,1593.695927977562,-1446.6959145069122,23.646338907153943,84.97621690005793,ref,25,matched
27,477038,575335488.6472781,2019-03-26 23:24:43.647278,2019-03-26 23:24:27.517490,477048,575335529.862352,2019-03-26 23:25:24.862352,41.21507394313812,GRB190326975,n0_r1 n1_r1 n6_r1 n9_r0 n9_r1 na_r1,n0 n1 n6 n9 na,3.297745326181336,11.03792999446804,0.0,11.03792999446804,R,0.85,0.7,0.0,575335472.51749,True,False,True,True,,1499.1595799922943,matched,190326,1499.1595799922943,2862.591194987297,5.213891506195068,109.75714111328125,537.6101373938618,0.9821022479826378,12.18956691858015,1502.5774099826813,2865.422585964203,1908.5774223804474,-4.127701658351482,88.35280978850002,ref,27,matched
28,479088,575347158.5350131,2019-03-27 02:39:13.535013,2019-03-27 02:39:01.757202,479100,575347208.198147,2019-03-27 02:40:03.198147,49.66313397884369,GRB190327111,n1_r1 n2_r1 n3_r1 n3_r2 n4_r1 n6_r1 n7_r1 n8_r1 n9_r1 na_r1,n1 n2 n3 n4 n6 n7 n8 n9 na,0.0,15.106524121918484,3.5992915347057126,15.106524121918484,R,0.0,0.55,0.35,575347146.757202,True,False,True,True,,1216.5301740169525,matched,190327,1216.5301740169525,3258.950929045677,11.958556175231934,75.41946411132812,537.9942308897926,1.0109681169352338,28.787418493107882,1216.8171280622482,3260.1828739643097,1466.8171364068985,3.986260496376139,62.501141865689796,ref,28,matched
29,481890,575361365.375902,2019-03-27 06:36:00.375902,2019-03-27 06:35:39.895532,481894,575361381.760184,2019-03-27 06:36:16.760184,16.384281992912292,,n1_r1,n1,0.0,3.8368719876846513,0.0,3.8368719876846513,P,0.0,0.65,0.0,575361344.895532,False,True,False,True,,1269.7820459604263,matched,190327,3539.00095307827,1269.7820459604263,-10.375633239746094,-168.8248291015625,524.333653795117,1.1045095860313885,204.73945526566038,3541.955456018448,1272.0445439815521,-913.044531583786,-11.233874662738993,72.03160122685769,ref,29,matched
30,484679,575374833.621739,2019-03-27 10:20:28.621739,2019-03-27 10:19:43.565042,484680,575374837.7178011,2019-03-27 10:20:32.717801,4.096062064170837,,nb_r1 nb_r2,nb,0.0,5.1660153759886605,3.041502796060449,5.1660153759886605,P,0.0,0.0,0.05,575374788.565042,False,False,False,False,5206.100111961365,5206.100111961365,A,190327,5206.100111961365,37468.021866083145,-11.19072437286377,-93.21334838867188,535.7342999540933,1.1138446525331767,333.1926518835316,5206.624971032143,51.37503397464752,0.0,-2.421273382898504,1.1929979389739855,ref,30,A
31,545515,575656773.819233,2019-03-30 16:39:28.819233,2019-03-30 16:39:28.819233,545552,575656927.036517,2019-03-30 16:42:02.036517,153.2172840833664,GRB190330694,n0_r0 n0_r1 n0_r2 n1_r0 n1_r1 n2_r0 n2_r1 n2_r2 n3_r1 n4_r1 n5_r1 n6_r0 n6_r1 n7_r1 n8_r1 n9_r0 n9_r1 na_r0 na_r1 nb_r1,n0 n1 n2 n3 n4 n5 n6 n7 n8 n9 na nb,18.05358988809778,35.51522377023653,5.696692351800394,35.51522377023653,R,0.8,1.0,1.0,575656773.819233,True,False,True,True,,6481.2747230529785,matched,190330,30538.52180683613,6481.2747230529785,20.21336555480957,-59.75604248046875,535.7511351370935,1.4637000112698493,126.56584954032832,30538.87915790081,6483.1208370924,-12193.120826601982,29.30927967159103,20.21571711919118,ref,31,matched
32,571127,575781624.2574949,2019-04-01 03:20:19.257495,2019-04-01 03:20:19.257495,571176,575781826.500722,2019-04-01 03:23:41.500722,202.24322712421417,GRB190401139,n2_r1 n3_r0 n3_r1 n4_r0 n4_r1 n5_r1 n6_r0 n6_r1 n7_r0 n7_r1 n8_r0 n8_r1 n9_r0 n9_r1 na_r0 na_r1 nb_r0 nb_r1,n2 n3 n4 n5 n6 n7 n8 n9 na nb,39.78194398704571,43.893462538563554,0.0,43.893462538563554,R,0.95,0.9,0.0,575781624.2574949,True,False,True,True,,1664.5383248329163,matched,190401,1664.5383248329163,3132.5822570323944,25.364469528198242,83.5848617553711,538.7265231737222,1.1231797541686883,84.77250918887837,1665.3174189329147,3136.6826090812683,1887.3174303770065,16.75604801684414,76.79113357217071,ref,32,matched
33,633855,576073462.9178321,2019-04-04 12:24:17.917832,2019-04-04 12:24:09.725704,633870,576073524.3588321,2019-04-04 12:25:19.358832,61.44099998474121,,n0_r0 n0_r1 n1_r0 n1_r1 n2_r1 n3_r1 n5_r0 n5_r1,n0 n1 n2 n3 n5,9.194767437156676,13.144886410686048,0.0,13.144886410686048,R,0.05,0.1,0.0,576073454.725704,False,True,False,True,,11989.191950082779,matched,190404,25015.765011906624,11989.191950082779,16.201723098754883,-20.51220703125,538.2133193775383,1.1160007989771015,139.6399331202967,25017.78562796116,11990.214372038841,-17700.214361548424,21.777524058384817,18.786808536261496,ref,34,matched
34,634497,576076092.595595,2019-04-04 13:08:07.595595,2019-04-04 13:07:59.403450,634499,576076100.78774,2019-04-04 13:08:15.787740,8.192144989967346,,n9_r0 n9_r1 na_r1,n9 na,3.20021142992878,5.011245671321697,0.0,5.011245671321697,R,0.0,0.0,0.0,576076084.40345,False,True,False,True,,9359.514204025269,matched,190404,27645.442757964134,9359.514204025269,-20.547834396362305,134.0360565185547,527.291452318382,1.3960149292675323,305.4305803292782,27647.46337401867,9360.53662598133,-15070.536615490913,-28.830136251142346,97.82059738799512,ref,35,matched
35,635042,576078329.048334,2019-04-04 13:45:24.048334,2019-04-04 13:45:15.856198,635092,576078533.851439,2019-04-04 13:48:48.851439,204.8031049966812,,n0_r0 n0_r1 n1_r0 n1_r1 n2_r0 n2_r1 n3_r0 n3_r1 n4_r1 n5_r0 n5_r1 n6_r0 n6_r1 n7_r0 n7_r1 n8_r0 n8_r1 n9_r0 n9_r1 na_r1 nb_r0 nb_r1,n0 n1 n2 n3 n4 n5 n6 n7 n8 n9 na nb,38.97836086339559,55.3003025653908,0.0,55.3003025653908,R,0.6,0.55,0.0,576078320.856198,False,True,False,True,,7123.061456084251,matched,190404,29881.89550590515,7123.061456084251,25.461158752441406,-97.331298828125,535.8045992278487,1.6433149549106103,86.72257721297095,29883.916121959686,7124.083878040314,-12834.083867669106,33.88342532341744,34.12541037837995,ref,36,matched
36,653187,576163967.186251,2019-04-05 13:32:42.186251,2019-04-05 13:32:29.898054,653215,576164081.87598,2019-04-05 13:34:36.875980,114.68972897529602,,n2_r1 n3_r1 n4_r0 n4_r1 n5_r0 n5_r1 n7_r0 n7_r1 n8_r0 n8_r1 na_r0 na_r1 nb_r1,n2 n3 n4 n5 n7 n8 na nb,13.496520735683118,23.738414582400825,0.0,23.738414582400825,R,0.2,0.2,0.0,576163954.898054,False,False,False,False,7057.524097084999,7057.524097084999,other,190405,29970.929627895355,7057.524097084999,25.516014099121094,-97.89077758789062,534.8387561182449,1.6414469993988523,90.32594286689496,29973.957985043526,7059.042021036148,-12769.04201066494,33.89642967636092,34.378916535182654,ref,37,other
37,669111,576240447.8862,2019-04-06 10:47:22.886200,2019-04-06 10:47:12.132193,669112,576240452.492453,2019-04-06 10:47:27.492453,4.606253027915955,GRB190406450,n3_r0 n3_r1 n4_r0,n3 n4,5.079440932308577,3.5761523672653643,0.0,5.079440932308577,R,0.0,0.0,0.0,576240437.1321931,True,False,True,True,,16155.891956925392,matched,190406,26501.719513058662,16155.891956925392,-20.97900390625,79.57927703857422,537.6154052377439,1.4303866593298535,236.15595052468996,20935.19212412834,16158.807881951332,15225.19213461876,-29.178312483905426,50.80505558250309,ref,38,matched
38,671345,576249601.03857,2019-04-06 13:19:56.038570,2019-04-06 13:19:47.846444,671379,576249740.304652,2019-04-06 13:22:15.304652,139.26608192920685,,n0_r0 n0_r1 n1_r0 n1_r1 n2_r0 n2_r1 n3_r1 n5_r0 n5_r1 n6_r0 n6_r1 n7_r0 n7_r1 n8_r1 n9_r0 n9_r1 na_r1 nb_r0 nb_r1,n0 n1 n2 n3 n5 n6 n7 n8 n9 na nb,22.519309596629896,31.922793976763227,0.0,31.922793976763227,R,0.25,0.3,0.0,576249592.846444,False,False,False,False,7000.177706003189,7000.177706003189,other,190406,35657.433763980865,7000.177706003189,25.455007553100586,-98.18838500976562,533.8097623901638,1.63705187377592,94.17929347192602,30090.906375050545,7003.093631029129,-12713.09362065792,33.813127705468276,34.43453194959428,ref,39,other
39,674684,576265956.6192131,2019-04-06 17:52:31.619213,2019-04-06 17:52:25.987118,674712,576266072.845023,2019-04-06 17:54:27.845023,116.22580993175508,GRB190406745,n0_r1 n2_r1 n3_r0 n3_r1 n4_r0 n4_r1 n5_r1 n6_r1 n7_r1,n0 n2 n3 n4 n5 n6 n7,10.175581277472528,19.58084125303621,0.0,19.58084125303621,R,0.35,0.65,0.0,576265950.987118,True,False,True,True,,2048.0350999832153,matched,190406,2048.0350999832153,2314.972771048546,18.163305282592773,140.941650390625,525.8227928717359,1.0612857267880897,46.29698174863292,2052.0470420122147,2316.9529579877853,-2163.9529465436935,10.313818145618411,121.43971400848335,ref,40,matched
40,682174,576304723.490283,2019-04-07 04:38:38.490283,2019-04-07 04:38:13.913847,682178,576304739.874561,2019-04-07 04:38:54.874561,16.384277939796448,,nb_r1,nb,0.0,5.607183844866612,0.0,5.607183844866612,P,0.0,0.0,0.0,576304698.9138471,False,False,False,False,5177.427687048912,5177.427687048912,A,190407,5177.427687048912,37489.485942959785,-11.989249229431152,-93.78469848632812,524.7171738127499,1.1148410371680868,331.2198853551791,5177.973776102066,44.02622389793396,0.0,-3.250820590048098,1.0856344184001494,ref,41,A
41,690165,576337724.219028,2019-04-07 13:48:39.219028,2019-04-07 13:48:33.074924,690168,576337736.8897411,2019-04-07 13:48:51.889741,12.670713067054749,GRB190407575,n3_r1 n6_r1 n9_r1,n3 n6 n9,0.0,6.936746505020322,0.0,6.936746505020322,S,0.0,0.35,0.0,576337718.074924,True,False,True,True,,4470.324866056442,matched,190407,38196.588763952255,4470.324866056442,-24.570560455322266,45.15376663208008,538.2699506093854,1.5621505371099773,254.6634438248556,32729.134847044945,4472.865146994591,-10182.865136504173,-28.63816431775845,19.072738747457933,ref,42,matched
42,691891,576346054.054014,2019-04-07 16:07:29.054014,2019-04-07 16:07:22.909921,691896,576346075.0448749,2019-04-07 16:07:50.044875,20.99086093902588,GRB190407672,n6_r0 n6_r1 n7_r1 n9_r0 n9_r1 na_r0 na_r1 nb_r1,n6 n7 n9 na nb,7.909029859534501,9.264036029180318,0.0,9.264036029180318,R,0.45,0.65,0.0,576346047.909921,True,False,True,True,,1958.9535120725632,matched,190407,2602.541403055191,1958.9535120725632,22.04862403869629,174.53355407714844,526.5147173451222,1.1613620998150351,60.51017658250387,2602.9698491096497,1961.030147910118,-1853.0301395654678,18.184955459383332,96.16175240935235,ref,43,matched
43,707796,576420691.974869,2019-04-08 12:51:26.974869,2019-04-08 12:51:22.878802,707876,576421022.731802,2019-04-08 12:56:57.731802,330.7569329738617,LOCLPAR1904085,n0_r0 n0_r1 n1_r0 n1_r1 n2_r0 n2_r1 n3_r0 n3_r1 n4_r0 n4_r1 n5_r0 n5_r1 n6_r0 n6_r1 n7_r0 n7_r1 n8_r0 n8_r1 n9_r0 n9_r1 na_r0 na_r1 nb_r0 nb_r1,n0 n1 n2 n3 n4 n5 n6 n7 n8 n9 na nb,126.20320411103154,186.5581759403524,0.0,186.5581759403524,R,0.3,0.25,0.0,576420687.878802,True,False,True,True,,7093.907404065132,matched,190408,35590.72605192661,7093.907404065132,25.550050735473633,-110.68115234375,529.9153193395634,1.5428902105877809,90.42879808537995,35591.93872690201,7098.061273097992,-12808.061262726784,32.75664225620462,40.20019604102124,ref,44,matched
44,708119,576422018.62011,2019-04-08 13:13:33.620110,2019-04-08 13:12:52.659458,708133,576422075.96503,2019-04-08 13:14:30.965030,57.34491991996765,,n9_r2 nb_r1 nb_r2,n9 nb,0.0,7.15460807753949,5.057818897169159,7.15460807753949,R,0.0,0.2,0.05,576421977.6594579,False,False,False,False,5804.126748085022,5804.126748085022,B,190408,36880.50670790672,5804.126748085022,3.538269281387329,-34.079986572265625,538.5046886423529,1.1128190154574022,171.78271160884387,36881.71938288212,5808.280617117882,-11518.280606627464,10.814092343938528,2.517888455004536,ref,45,B
45,724000,576497717.6658759,2019-04-09 10:15:12.665876,2019-04-09 10:13:09.783758,724023,576497811.875504,2019-04-09 10:16:46.875504,94.20962810516356,,n0_r0 n1_r0 n2_r0 n6_r0 n9_r0 n9_r1 na_r0 nb_r0,n0 n1 n2 n6 n9 na nb,33.4723097651679,8.888958056067247,0.0,33.4723097651679,R,0.15,0.2,0.0,576497594.7837579,False,False,False,False,10059.939511060717,10059.939511060715,other,190409,26952.11761391163,10059.939511060715,-25.360628128051758,93.7716293334961,540.3114712540194,1.6056046520907574,263.0502965766926,26953.843681931496,10065.15631711483,-15775.156306624413,-34.42637109402749,62.07582889583238,ref,46,other
46,740758,576577589.577345,2019-04-10 08:26:24.577345,2019-04-10 08:22:59.773796,740759,576577593.673414,2019-04-10 08:26:28.673414,4.096068978309631,,n1_r0 n9_r0 n9_r1 na_r0 nb_r0,n1 n9 na nb,31.622834699201327,7.109959640513826,0.0,31.622834699201327,R,0.05,0.15,0.0,576577384.7737961,False,False,False,False,15802.62943291664,15802.629432916641,other,190410,21197.149024009705,15802.629432916641,-24.964981079101562,108.43318939208984,542.1916530175578,1.580957832549552,257.887398803374,21198.833720088005,15808.166272878647,15488.833730578423,-34.31305279207939,74.73619895531897,ref,47,other
47,760246,576668751.549222,2019-04-11 09:45:46.549222,2019-04-11 09:45:36.821052,760251,576668773.565598,2019-04-11 09:46:08.565598,22.01637601852417,GRB190411407,n0_r1 n0_r2 n1_r1 n1_r2 n2_r1 n2_r2 n6_r1 n6_r2 n9_r1 n9_r2 na_r1 na_r2,n0 n1 n2 n6 n9 na,0.0,13.82052792619858,10.295689882141811,13.82052792619858,R,0.0,0.7,0.7,576668741.8210521,True,False,True,True,,10024.150364875793,matched,190411,27009.468695998192,10024.150364875793,-25.358427047729492,84.72716522216797,543.2768674726965,1.6022651645913293,262.6030959468542,27010.88097512722,10028.119021892548,-15738.11901140213,-33.926843801308124,54.20552725961994,ref,48,matched
48,763605,576683641.2991,2019-04-11 13:53:56.299100,2019-04-11 13:53:56.299100,763626,576683728.8524021,2019-04-11 13:55:23.852402,87.55330204963684,GRB190411579,n0_r1 n1_r0 n1_r1 n2_r0 n2_r1 n5_r0 n5_r1 n9_r1,n0 n1 n2 n5 n9,8.554440376457217,17.570052259476736,0.0,17.570052259476736,R,0.15,0.75,0.0,576683641.2991,True,False,True,True,,929.1281269788742,matched,190411,3753.5339300632477,929.1281269788742,21.231260299682617,-114.73609924316406,528.9904813453074,1.3905242741881776,123.0511813617529,3756.3590230941772,930.6409749984741,-838.6409635543823,28.018913264703254,39.06895676545474,ref,49,matched
49,770708,576722398.5663271,2019-04-12 00:39:53.566327,2019-04-12 00:39:53.566327,770709,576722402.6623931,2019-04-12 00:39:57.662393,4.096065998077393,,n2_r1,n2,0.0,3.211118348186567,0.0,3.211118348186567,P,0.0,0.0,0.0,576722398.5663271,False,False,False,False,692.235463142395,692.235463142395,other,190412,692.235463142395,41956.97579193115,18.87424659729004,0.03555968031287193,521.3490441053616,1.0610274048480686,48.45161149080832,695.6262581348419,4437.37374484539,871.6262686252594,21.399564569579667,29.96830724647553,ref,-1,absent
50,789977,576812522.004926,2019-04-13 01:41:57.004926,2019-04-13 01:41:11.948012,789979,576812530.197096,2019-04-13 01:42:05.197096,8.192170023918152,,nb_r1,nb,0.0,5.078020511672524,0.0,5.078020511672524,P,0.0,0.05,0.0,576812476.948012,False,False,False,False,5193.824090003967,5193.824090003967,A,190413,5193.824090003967,37471.58319699764,-11.583699226379395,-94.25808715820312,531.7268612314639,1.1132837271837017,332.34286481937795,5195.007941961288,72.99206304550171,0.0,-2.8734201992513118,1.6894892340430714,ref,51,A
51,815936,576929772.4975271,2019-04-14 10:16:07.497527,2019-04-14 10:15:30.632833,815950,576929829.842598,2019-04-14 10:17:04.842598,57.34507083892822,,n2_r2 n9_r2 na_r2 nb_r1 nb_r2,n2 n9 na nb,0.0,7.184355265064671,6.358894057719295,7.184355265064671,R,0.0,0.05,0.1,576929735.632833,False,False,False,False,5808.243157029152,5808.243157029152,B,190414,36889.30199491978,5808.243157029152,3.518878221511841,-35.451812744140625,531.7208228096749,1.1148453654655284,171.84918365484899,36890.692762970924,5813.30724298954,-11523.307232499123,10.933989377683359,2.4155038993439617,ref,52,B
52,829072,576994191.42907,2019-04-15 04:09:46.429070,2019-04-15 04:09:46.429070,829123,576994401.911959,2019-04-15 04:13:16.911959,210.48288905620572,GRB190415173,n0_r0 n0_r1 n0_r2 n1_r0 n1_r1 n1_r2 n2_r0 n2_r1 n2_r2 n3_r0 n3_r1 n3_r2 n4_r0 n4_r1 n4_r2 n5_r0 n5_r1 n5_r2 n6_r0 n6_r1 n6_r2 n7_r0 n7_r1 n7_r2 n8_r1 n8_r2 n9_r1 na_r0 na_r1 nb_r0 nb_r1,n0 n1 n2 n3 n4 n5 n6 n7 n8 n9 na nb,28.80780023009377,106.09116039652233,40.156723818669285,106.09116039652233,R,0.75,0.95,0.95,576994191.42907,True,False,True,True,,15800.075137972832,matched,190415,15800.075137972832,21206.43525004387,-25.309032440185547,157.2355194091797,545.2803263958003,1.513891722945568,278.758332693432,15801.489001989365,21207.511005997658,10091.489012479782,-31.090627637451092,97.69055242712447,ref,53,matched
53,879611,577234633.2724099,2019-04-17 22:57:08.272410,2019-04-17 22:56:43.695886,879612,577234966.8046991,2019-04-17 23:02:41.804699,333.532289147377,,nb_r1,nb,0.0,3.985091024765894,0.0,3.985091024765894,P,0.0,0.05,0.0,577234608.6958861,False,False,False,False,5144.681634068489,5144.681634068489,A,190417,5144.681634068489,37513.691480875015,-12.799585342407227,-94.05441284179688,539.8902255659774,1.1166996848463766,329.2514825789218,5144.755811095238,27.244187831878662,0.0,-4.075282159682893,0.6663987061634256,ref,54,A
54,907304,577360545.2036531,2019-04-19 09:55:40.203653,2019-04-19 09:55:34.571537,907367,577360803.639827,2019-04-19 09:59:58.639827,258.43617391586304,GRB190419414,n0_r0 n0_r1 n0_r2 n1_r0 n1_r1 n2_r0 n2_r1 n3_r1 n4_r1 n5_r1 n6_r0 n6_r1 n6_r2 n7_r1 n8_r1 n9_r0 n9_r1 n9_r2 na_r0 na_r1 na_r2 nb_r1,n0 n1 n2 n3 n4 n5 n6 n7 n8 n9 na nb,20.436976941381204,40.01776162758914,6.179521869120586,40.01776162758914,R,0.85,0.95,0.95,577360539.571537,True,False,True,True,,1520.8000010252,matched,190419,1520.8000010252,2999.0305240154266,-1.9415602684020996,114.08775329589844,536.5837398574755,1.0144566922784197,355.51804938647933,1520.8314290046692,3003.1685400009155,-2890.168559551239,-11.2254634403454,89.14698345215251,ref,55,matched
55,929036,577465709.717224,2019-04-20 15:08:24.717224,2019-04-20 15:08:16.525062,929053,577465779.3506371,2019-04-20 15:09:34.350637,69.63341307640076,,n4_r1 n8_r1,n4 n8,0.0,10.250063068788744,0.0,10.250063068788744,S,0.0,0.3,0.0,577465701.5250621,False,True,False,True,,1511.4537899494171,matched,190420,3051.583874106407,1511.4537899494171,11.912932395935059,-175.54312133789062,521.1213638481822,1.0834072831271813,151.565593253879,3053.9849860668182,1516.0150139331818,-1057.0150034427643,9.688593611321267,84.43334172830512,ref,56,matched
56,934486,577492381.6362131,2019-04-20 22:32:56.636213,2019-04-20 22:32:44.347955,934491,577492402.116667,2019-04-20 22:33:17.116667,20.480453968048096,,n6_r0 n6_r1 n7_r0 n7_r1 n8_r0 n9_r0 nb_r0 nb_r1,n6 n7 n8 n9 nb,16.5311675546563,7.473967763351093,0.0,16.5311675546563,R,0.0,0.0,0.0,577492369.347955,False,True,False,True,,6230.145213007927,matched,190420,6230.145213007927,30768.123517036438,14.043001174926758,-51.65289306640625,532.788812225866,1.2624315175760707,34.03658589886601,6230.8078780174255,30773.192119956017,520.807888507843,22.739421341129503,12.932581738029914,ref,57,matched
57,935356,577495952.207299,2019-04-20 23:32:27.207299,2019-04-20 23:32:12.037816,935358,577495960.590286,2019-04-20 23:32:35.590286,8.382987022399902,GRB190420981,n6_r1,n6,0.0,3.662754647464652,0.0,3.662754647464652,P,0.0,0.55,0.0,577495937.037816,True,False,True,True,,9797.835074067116,matched,190420,9797.835074067116,27200.43365597725,-25.205120086669922,160.1426239013672,540.450607456351,1.499616941662883,259.45249101484313,9798.497739076614,27205.502258896828,4088.497749567032,-30.599241362739342,95.33627066967901,ref,58,matched
58,966106,577641914.640847,2019-04-22 16:05:09.640847,2019-04-22 16:05:04.008729,966111,577641935.121297,2019-04-22 16:05:30.121297,20.48045003414154,GRB190422670,na_r1 nb_r1,na nb,0.0,6.851327598938044,0.0,6.851327598938044,S,0.0,0.45,0.0,577641909.008729,True,False,True,True,,2090.540109872818,matched,190422,2090.540109872818,2689.3988630771637,23.99901580810547,112.6175765991211,525.3982910854829,1.1009330735853986,110.17603401284461,2093.4686509370804,2691.5313490629196,2315.4686604738235,14.68656278191183,98.88912149666022,ref,59,matched
59,968123,577652316.100524,2019-04-22 18:58:31.100524,2019-04-22 18:58:31.100524,968124,577652320.196609,2019-04-22 18:58:35.196609,4.096085071563721,,n0_r1 n2_r1 n2_r2 n9_r1 na_r1,n0 n2 n9 na,0.0,6.958756255601275,3.525161121252709,6.958756255601275,R,0.0,0.0,0.0,577652316.100524,False,False,False,False,679.9495579004288,679.9495579004288,other,190422,679.9495579004288,41977.47967004776,18.427316665649414,0.030504189431667328,534.1470339234174,1.0891998803101033,46.816826960215685,680.5604479312897,4412.039553999901,863.5604594945908,20.959659768881536,29.57690726354925,ref,60,other
60,971483,577666566.6647191,2019-04-22 22:56:01.664719,2019-04-22 22:55:57.568642,971531,577666766.3485751,2019-04-22 22:59:21.348575,199.683856010437,GRB190422957,n6_r0 n6_r1 n7_r0 n7_r1 n8_r0 n8_r1 nb_r1,n6 n7 n8 nb,12.039926736242371,12.737007861998409,0.0,12.737007861998409,R,0.5,0.35,0.0,577666562.568642,True,False,True,True,,14926.417675971985,matched,190422,14926.417675971985,27731.011551976204,-18.18363380432129,118.6260986328125,530.0427369618983,1.322387357595927,226.04898825515835,9357.42856502533,27732.57146000862,3647.428575396538,-27.340260140724585,86.13629073510639,ref,61,matched
61,987361,577742407.635642,2019-04-23 20:00:02.635642,2019-04-23 19:59:46.251320,987368,577742693.82614,2019-04-23 20:04:48.826140,286.1904979944229,,nb_r1,nb,0.0,6.684197340322612,0.0,6.684197340322612,P,0.0,0.0,0.0,577742391.25132,False,False,False,False,5169.256305932999,5169.256305932999,A,190423,5169.256305932999,37495.00625407696,-12.200428009033203,-93.97848510742188,540.463787527664,1.1151322543716902,330.8332324800656,5170.111245036125,43.88875699043274,0.0,-3.4727857464768044,1.037582424121359,ref,62,A
62,1013551,577860709.1839349,2019-04-25 04:51:44.183935,2019-04-25 04:48:19.380089,1013554,577860721.4721591,2019-04-25 04:51:56.472159,12.28822422027588,,n2_r0 n3_r0 n4_r0 n5_r0 n6_r0 n7_r0 n7_r1 n8_r0 na_r0 nb_r0,n2 n3 n4 n5 n6 n7 n8 na nb,60.32116908757431,7.923305545382116,0.0,60.32116908757431,R,0.4,0.15,0.0,577860504.380089,False,False,False,False,4980.83579993248,4980.83579993248,other,190425,37706.2852550745,4980.83579993248,-17.485614776611328,10.94144344329834,527.2765945398294,1.401817507971271,223.88410721436426,37707.240011096,4982.7599819898605,-10692.759971499443,-16.215989786027425,1.8104546715918617,ref,-1,absent
63,1064684,578103374.861204,2019-04-28 00:16:09.861204,2019-04-28 00:16:01.669066,1064712,578103489.551195,2019-04-28 00:18:04.551195,114.68999099731444,,n0_r0 n0_r1 n1_r0 n1_r1 n2_r0 n2_r1 n3_r0 n3_r1 n4_r0 n4_r1 n5_r0 n5_r1 n6_r0 n6_r1 n7_r0 n7_r1 n8_r0 n8_r1 n9_r0 n9_r1 na_r0 na_r1 nb_r0 nb_r1,n0 n1 n2 n3 n4 n5 n6 n7 n8 n9 na nb,31.74492305509104,30.3286466261384,0.0,31.74492305509104,R,0.2,0.15,0.0,578103366.669066,False,True,False,True,,13103.321126103401,matched,190428,23933.323949933052,13103.321126103401,23.771076202392578,-97.29458618164062,538.1380856055762,1.5821244476160112,68.56505257040119,23936.52899491787,13106.471011042595,18226.529005408287,32.20156330790261,32.56527750778335,ref,63,matched
64,1078239,578170096.1801441,2019-04-28 18:48:11.180144,2019-04-28 18:48:05.548060,1078255,578170163.253175,2019-04-28 18:49:18.253175,67.07303094863892,GRB190428783,n0_r0 n0_r1 n1_r0 n1_r1 n2_r1 n3_r0 n3_r1 n4_r1 n5_r0 n5_r1 na_r0 na_r1 nb_r1,n0 n1 n2 n3 n4 n5 na nb,10.997161816689136,25.76985119068133,0.0,25.76985119068133,R,0.9,0.9,0.0,578170090.54806,True,False,True,True,,10688.484606027603,matched,190428,10688.484606027603,31970.43301808834,-16.486370086669922,-125.84039306640625,533.0023110369989,1.1328571674850592,319.06921470887727,5155.407985091209,31971.59201991558,-142.5920045375824,-10.75510047878613,29.93702162775263,ref,64,matched
65,1095169,578250226.331763,2019-04-29 17:03:41.331763,2019-04-29 17:03:12.659313,1095170,578250230.4278259,2019-04-29 17:03:45.427826,4.096062898635864,,n5_r1,n5,0.0,4.513486860449391,0.0,4.513486860449391,P,0.0,0.0,0.0,578250197.6593131,False,False,False,False,5218.388089060783,5218.388089060783,A,190429,5218.388089060783,37456.45474898815,-10.970359802246094,-92.59869384765625,532.1293831977563,1.1142842266279291,333.9403761752878,5219.519236087799,38.48076391220093,0.0,-2.1673499225644384,1.0013731214899966,ref,65,A
66,1095798,578252999.6745961,2019-04-29 17:49:54.674596,2019-04-29 17:49:39.314331,1095803,578253020.1549671,2019-04-29 17:50:15.154967,20.48037099838257,GRB190429743,n9_r1 na_r1 nb_r1,n9 na nb,0.0,6.514676039736946,0.0,6.514676039736946,S,0.0,0.45,0.0,578252984.314331,True,False,True,True,,8005.043107032776,matched,190429,8005.043107032776,34669.79973101616,12.677940368652344,71.41485595703125,530.8304259221013,1.0192427025144972,149.55624569244748,2563.174255013466,34672.82574594021,2296.174264550209,5.058242419954963,59.89863714687614,ref,66,matched
67,1121126,578367476.1802139,2019-05-01 01:37:51.180214,2019-05-01 01:37:10.219518,1121140,578367533.525178,2019-05-01 01:38:48.525178,57.34496402740479,,n3_r2 n4_r1 n4_r2 n5_r1 n5_r2 n6_r2 n8_r2 n9_r2 nb_r1,n3 n4 n5 n6 n8 n9 nb,0.0,10.837608781500402,8.256370854383498,10.837608781500402,R,0.0,0.0,0.0,578367435.219518,False,False,False,False,5812.317330121994,5812.317330121994,B,190501,36889.1672039032,5812.317330121994,3.6642353534698486,-35.49932861328125,530.3013076329734,1.1148172229233848,171.5132439671869,36892.07944595814,5817.920558094978,-11527.92054760456,11.083362703637036,2.542807557554432,ref,67,B
68,1141194,578462497.528154,2019-05-02 04:01:32.528154,2019-05-02 04:01:20.302619,1141200,578462522.167227,2019-05-02 04:01:57.167227,24.63907301425934,GRB190502168,n0_r0 n0_r1 n3_r0 n3_r1 n4_r0 n6_r1 n7_r1,n0 n3 n4 n6 n7,9.948685059170437,10.193064483853613,0.0,10.193064483853613,R,0.6,0.45,0.0,578462485.302619,True,False,True,True,,2199.023849964142,matched,190502,2248.738051891327,2199.023849964142,19.164527893066406,154.0228271484375,535.4473695295271,1.0884674065716888,49.36572781171849,2252.162539958954,2201.837458014488,-2072.837450504303,12.631487233330784,114.57270072089854,ref,68,matched
69,1181506,578656661.764602,2019-05-04 09:57:36.764602,2019-05-04 09:57:31.132512,1181511,578656682.755209,2019-05-04 09:57:57.755209,20.990607023239136,GRB190504415,n3_r1,n3,0.0,4.672563340719715,0.0,4.672563340719715,P,0.0,0.25,0.0,578656656.1325121,True,False,True,True,,1299.4772820472717,matched,190504,1299.4772820472717,3497.7629959583282,22.384614944458008,60.328487396240234,534.3424714001346,1.1228521770185895,61.80353736439655,1300.9924371242523,3502.0075619220734,1520.9924465417862,15.8604058533628,59.47643403169355,ref,69,matched
70,1215087,578812030.322161,2019-05-06 05:07:05.322161,2019-05-06 05:06:55.195672,1215155,578812307.831038,2019-05-06 05:11:42.831038,277.5088770389557,SFLARE19050621,n0_r0 n0_r1 n1_r0 n1_r1 n2_r0 n2_r1 n3_r0 n3_r1 n4_r0 n4_r1 n5_r0 n5_r1,n0 n1 n2 n3 n4 n5,462.7712184633088,96.31732552096808,0.0,462.7712184633088,R,0.8,0.85,0.0,578812020.195672,True,False,True,True,,1078.2091999053955,matched,190506,3249.3171960115433,1078.2091999053955,14.173918724060059,-152.19161987304688,538.0096334222417,1.140222215335906,145.4638908260915,3251.055564045906,1080.9444019794464,-802.9444234371185,15.681345813323343,63.75548587082143,ref,70,matched
71,1221284,578843573.599868,2019-05-06 13:52:48.599868,2019-05-06 13:51:11.318445,1221323,578843733.346222,2019-05-06 13:55:28.346222,159.7463539838791,SFLARE19050657,n0_r0 n1_r0 n2_r0 n3_r0 n4_r0 n5_r0 n5_r1,n0 n1 n2 n3 n4 n5,81.3474460582523,12.373083586033164,0.0,81.3474460582523,R,0.55,0.15,0.0,578843476.318445,True,False,True,True,,5185.619842886925,matched,190506,5185.619842886925,37535.82194805145,-12.35807991027832,-101.48599243164062,524.4367385992065,1.1074151576195514,330.2974090950753,5186.178375005722,31953.421633005142,0.0,-4.135473301345578,7.046400044439953,ref,71,matched
72,1224723,578857670.2786851,2019-05-06 17:47:45.278685,2019-05-06 17:47:28.894385,1224745,578857763.4643301,2019-05-06 17:49:18.464330,93.1856449842453,SFLARE19050674,n1_r0 n1_r1 n2_r0 n2_r1 n3_r0 n3_r1 n4_r0 n4_r1 n5_r0 n5_r1,n1 n2 n3 n4 n5,67.83606827872416,13.31541997464337,0.0,67.83606827872416,R,0.4,0.45,0.0,578857653.894385,True,False,True,True,,19363.195782899857,matched,190506,19363.195782899857,23358.24600803852,14.332901000976562,13.123750686645508,538.2034841323477,1.0661678239209693,145.0200008123746,19363.754315018654,17775.84569299221,13653.754325389862,14.820073698447063,31.388869932995703,ref,72,matched
73,1229005,578875224.2078661,2019-05-06 22:40:19.207866,2019-05-06 22:39:30.054992,1229041,578875371.666489,2019-05-06 22:42:46.666489,147.45862293243408,,n0_r1 n0_r2 n1_r2 n2_r1 n2_r2 n3_r2 n4_r1 n4_r2 n5_r1 n5_r2 n6_r1 n6_r2 n7_r1 n7_r2 n8_r1 n8_r2 n9_r1 n9_r2 na_r2 nb_r1 nb_r2,n0 n1 n2 n3 n4 n5 n6 n7 n8 n9 na nb,0.0,24.45910688732669,17.999214355458932,24.45910688732669,R,0.0,0.05,0.1,578875175.054992,False,False,False,False,5837.085401058197,5837.085401058197,B,190506,36884.35638988018,5837.085401058197,4.066790580749512,-37.72003173828125,538.0881842019477,1.1182745018376083,170.55023022088972,36884.91492199898,254.6850860118866,-5964.685075521469,11.700181888727577,2.4424490223472173,ref,73,B
74,1234238,578903304.718355,2019-05-07 06:28:19.718355,2019-05-07 06:28:19.718355,1234245,578903335.949329,2019-05-07 06:28:50.949329,31.23097407817841,GRB190507270,n1_r1 n9_r0 n9_r1 na_r0 na_r1,n1 n9 na,6.065077468099689,8.572093939368601,0.0,8.572093939368601,R,0.2,0.55,0.0,578903304.718355,True,False,True,True,,1606.8842380046844,matched,190507,2958.8960309028625,1606.8842380046844,14.094099044799805,179.4089813232422,537.9834250516817,1.0920250189859557,145.66446913313072,2962.9782779216766,1609.0217250585556,-1151.0217136144638,11.058988460274403,89.75274427289567,ref,74,matched
75,1242651,578942118.232585,2019-05-07 17:15:13.232585,2019-05-07 17:15:13.232585,1242653,578942125.652953,2019-05-07 17:15:20.652953,7.420368075370789,,na_r1,na,0.0,4.970654522281374,0.0,4.970654522281374,P,0.0,0.05,0.0,578942118.232585,False,True,False,True,,18283.045314908028,matched,190507,18283.045314908028,18722.351357102394,24.602148056030273,-60.845916748046875,531.088159707714,1.5939734780286607,74.8365096495884,18283.49250793457,18724.50748503208,12573.492518424988,33.73556169061218,24.70648504415537,ref,75,matched
76,1247717,578963794.125768,2019-05-07 23:16:29.125768,2019-05-07 23:16:07.109446,1247768,578964004.560949,2019-05-07 23:19:59.560949,210.4351810216904,GRB190507970,n0_r1 n1_r1 n6_r0 n6_r1 n7_r0 n7_r1 n8_r1 n9_r0 n9_r1 na_r0 na_r1 nb_r0 nb_r1,n0 n1 n6 n7 n8 n9 na nb,22.135248708361534,37.55970310602768,0.0,37.55970310602768,R,0.85,0.9,0.0,578963772.109446,True,False,True,True,,2023.4549300670624,matched,190507,2023.4549300670624,2834.064700961113,0.4729199707508087,134.6705780029297,522.2392797507551,1.0161242814485096,1.0953696938757187,2026.3693680763245,2835.630630970001,-2780.6306134462357,-7.825364068450349,108.68285460311793,ref,76,matched
77,1262847,579036174.1204281,2019-05-08 19:22:49.120428,2019-05-08 19:22:35.296205,1262868,579036261.6738751,2019-05-08 19:24:16.673875,87.55344700813293,GRB190508808,n6_r1 n7_r0 n7_r1 n8_r0 n8_r1 nb_r0 nb_r1,n6 n7 n8 nb,10.054006490519702,16.90386230338478,0.0,16.90386230338478,R,0.7,0.85,0.0,579036160.296205,True,False,True,True,,10243.809677958488,matched,190508,26780.082839012146,10243.809677958488,-23.706937789916992,72.31123352050781,538.7576719796633,1.524180950646582,248.82485338327834,26781.556128025055,10247.443871974945,-15957.443861484528,-31.235512386962903,43.610458559952825,ref,77,matched
78,1270152,579073447.1113801,2019-05-09 05:44:02.111380,2019-05-09 05:43:51.680969,1270249,579073844.42974,2019-05-09 05:50:39.429740,397.3183598518372,SFL190509239,n0_r0 n0_r1 n1_r0 n1_r1 n2_r0 n2_r1 n3_r0 n3_r1 n4_r0 n4_r1 n5_r0 n5_r1 n6_r0 n7_r0 n8_r0 na_r0 nb_r0,n0 n1 n2 n3 n4 n5 n6 n7 n8 na nb,206.015635564898,43.72811155372059,0.0,206.015635564898,R,0.85,0.9,0.0,579073436.680969,True,False,True,True,,1857.372642993927,matched,190509,1857.372642993927,2774.357906103134,25.215269088745117,107.16809844970703,529.3651867073958,1.1138624266321873,81.24790029637299,1858.9408919811249,2779.0591020584106,2091.940901517868,15.865299857447065,94.9177552343031,ref,78,matched
79,1291594,579175982.637909,2019-05-10 10:12:57.637909,2019-05-10 10:12:53.541847,1291688,579176375.86008,2019-05-10 10:19:30.860080,393.22217094898224,GRB190510430,n1_r1 n4_r0 n4_r1,n1 n4,3.454760900443051,4.868335102475236,0.0,4.868335102475236,R,0.9,0.95,0.0,579175978.541847,True,False,True,True,,1060.879084944725,matched,190510,1060.879084944725,41599.60764694214,24.158750534057617,20.286865234375,526.0884902981746,1.1515546355989457,71.76584416567482,1062.8017740249634,4152.198225021362,1216.8017864227295,23.338117770120874,43.19595597538622,ref,79,matched
80,1307861,579251671.919611,2019-05-11 07:14:26.919611,2019-05-11 07:14:21.287517,1307912,579251881.3298091,2019-05-11 07:17:56.329809,209.41019809246063,GRB190511302,n0_r0 n0_r1 n1_r0 n1_r1 n2_r0 n2_r1 n3_r0 n3_r1 n4_r1 n5_r1 n6_r0 n6_r1 n7_r0 n7_r1 n8_r0 n8_r1 n9_r0 n9_r1 na_r0 na_r1 nb_r1,n0 n1 n2 n3 n4 n5 n6 n7 n8 n9 na nb,31.39904239555636,63.22737284618892,0.0,63.22737284618892,R,0.9,0.9,0.0,579251666.2875171,True,False,True,True,,1905.2159669399261,matched,190511,2921.5181950330734,1905.2159669399261,5.206480503082275,157.1049346923828,536.9710290862957,1.0283054651233734,167.85013267867268,2923.547441124916,1906.4525599479675,-1551.4525524377823,-0.8551414780801964,109.06096942822083,ref,80,matched
81,1332394,579364809.841922,2019-05-12 14:40:04.841922,2019-05-12 14:39:53.577746,1332399,579364830.322258,2019-05-12 14:40:25.322258,20.48033595085144,GRB190512611,n0_r0 n0_r1 n3_r1,n0 n3,4.081782960085111,6.162128227590879,0.0,6.162128227590879,R,0.2,0.35,0.0,579364798.5777459,True,False,True,True,,18248.075438022614,matched,190512,18759.977452993393,18248.075438022614,24.352397918701172,-25.148651123046875,527.4220254312198,1.228764853691319,106.68504313234736,18763.837674856186,18254.16235911846,13053.837685346603,30.451157176749795,24.772827713537804,ref,81,matched
82,1365428,579522666.104814,2019-05-14 10:31:01.104814,2019-05-14 10:30:28.336314,1365494,579522936.444841,2019-05-14 10:35:31.444841,270.34002697467804,,n0_r0 n0_r1 n1_r0 n1_r1 n2_r0 n2_r1 n3_r0 n3_r1 n4_r0 n4_r1 n5_r0 n5_r1 n6_r0 n6_r1 n7_r0 n7_r1 n8_r0 n8_r1 n9_r0 n9_r1 na_r0 na_r1 nb_r0 nb_r1,n0 n1 n2 n3 n4 n5 n6 n7 n8 n9 na nb,85.80776772156435,54.67501232124635,0.0,85.80776772156435,R,0.25,0.2,0.0,579522633.3363141,False,True,False,True,,5509.207682013512,matched,190514,5509.207682013512,31522.800722002983,-5.982016563415527,-98.11666870117188,528.7463398258488,1.1030314657689735,345.9962999592493,5511.596236109734,31524.403757929802,0.0,2.469356343774943,8.274620673022946,ref,82,matched
83,1366699,579527876.30041,2019-05-14 11:57:51.300410,2019-05-14 11:54:26.497127,1366716,579527945.933502,2019-05-14 11:59:00.933502,69.6330919265747,,n0_r0 n1_r0 n2_r0 n3_r0 n4_r0 n5_r0 n6_r0 n7_r0 n7_r1 n8_r0 n8_r1 n9_r0 na_r0 nb_r0,n0 n1 n2 n3 n4 n5 n6 n7 n8 n9 na nb,96.53063915102274,9.871266667449442,0.0,96.53063915102274,R,0.0,0.2,0.0,579527671.497127,False,False,False,False,10547.368494987488,10547.368494987488,other,190514,10547.368494987488,26484.639909029007,-20.9158992767334,-160.18634033203125,539.090746427473,1.240839407758869,303.9455541842449,10549.75704908371,26486.242944955826,4839.757059574127,-20.221564427502198,61.54749752755857,ref,83,other
84,1366721,579527966.413832,2019-05-14 11:59:21.413832,2019-05-14 11:55:56.610576,1366977,579529015.005548,2019-05-14 12:16:50.005548,1048.5917160511017,,n0_r0 n0_r1 n1_r0 n1_r1 n2_r0 n2_r1 n3_r0 n3_r1 n4_r0 n4_r1 n5_r0 n5_r1 n6_r0 n6_r1 n7_r0 n7_r1 n8_r0 n8_r1 n9_r0 n9_r1 na_r0 na_r1 nb_r0 nb_r1,n0 n1 n2 n3 n4 n5 n6 n7 n8 n9 na nb,1608.4549472317524,526.1936824258058,0.0,1608.4549472317524,R,0.7,0.7,0.0,579527761.6105759,False,True,False,True,,10637.481943845749,matched,190514,10637.481943845749,26394.526460170746,-19.362144470214844,-154.7613525390625,537.7899558791374,1.20392009518222,309.6168820336954,10639.87049794197,26396.129496097565,4929.870508432388,-17.819345451150028,56.78522043525647,ref,84,matched
85,1368270,579534315.315178,2019-05-14 13:45:10.315178,2019-05-14 13:43:48.393952,1368439,579535007.5493261,2019-05-14 13:56:42.549326,692.2341480255127,,n0_r0 n0_r1 n1_r0 n1_r1 n2_r0 n2_r1 n3_r0 n3_r1 n4_r0 n4_r1 n5_r0 n5_r1 n6_r0 n6_r1 n7_r0 n7_r1 n8_r0 n8_r1 n9_r0 n9_r1 na_r0 na_r1 nb_r0 nb_r1,n0 n1 n2 n3 n4 n5 n6 n7 n8 n9 na nb,1115.808755334456,198.808733500732,0.0,1115.808755334456,R,0.4,0.45,0.0,579534233.393952,False,True,False,True,,17109.265319943428,matched,190514,17109.265319943428,19922.743084073067,-0.8736910223960876,-136.63644409179688,526.4819078973685,1.0671497638930163,357.9709795398785,17111.65387403965,19924.346119999886,11401.653884410858,3.2261406711318594,43.737207868345344,ref,86,matched
86,1374616,579562905.141253,2019-05-14 21:41:40.141253,2019-05-14 21:40:55.084587,1374618,579562913.3333709,2019-05-14 21:41:48.333371,8.192117929458618,TGF190514901,n9_r0 n9_r1,n9,6.626424735888691,4.810060918109212,0.0,6.626424735888691,P,0.1,0.1,0.0,579562860.0845871,True,False,False,True,,1432.598091006279,matched,190514,1432.598091006279,2953.9028198719025,1.852576732635498,107.22972869873047,525.7235720671736,0.9898659513869794,4.305181044765128,1435.3445100784302,2956.655487895012,1887.3445196151733,-7.497411620522668,84.61381580708783,ref,87,matched
87,1382204,579602210.387608,2019-05-15 08:36:45.387608,2019-05-15 08:36:20.811213,1382207,579602625.0587481,2019-05-15 08:43:40.058748,414.6711400747299,,n6_r1 n8_r1,n6 n8,0.0,6.132501021725796,0.0,6.132501021725796,S,0.0,0.0,0.0,579602185.811213,False,False,False,False,5091.408712983131,5091.408712983131,A,190515,5091.408712983131,37558.35582089424,-13.972330093383789,-95.55838012695312,535.2398472658714,1.1190046865343546,325.8822388468974,5094.07113301754,36.9288649559021,0.0,-5.335643715072315,1.053587082348883,ref,88,A
88,1388657,579629065.723707,2019-05-15 16:04:20.723707,2019-05-15 16:04:16.627637,1388661,579629082.108005,2019-05-15 16:04:37.108005,16.384298086166382,,n4_r0 n4_r1,n4,4.63215939619154,3.754192323886581,0.0,4.63215939619154,P,0.05,0.3,0.0,579629061.627637,False,True,False,True,,10682.539396882057,matched,190515,31967.225136995316,10682.539396882057,-16.750537872314453,40.6832160949707,541.80954994959,1.3357623490078205,222.04423419537295,26437.88756108284,10683.91243493557,-16393.91242456436,-20.247090215788873,17.798254409449545,ref,89,matched
89,1428229,579814213.892417,2019-05-17 19:30:08.892417,2019-05-17 19:30:03.260335,1428247,579814289.157541,2019-05-17 19:31:24.157541,75.26512408256531,GRB190517813,n0_r1 n1_r1 n4_r1 n6_r1 n7_r1 n8_r1 n9_r0 n9_r1 na_r0 na_r1 nb_r0 nb_r1,n0 n1 n4 n6 n7 n8 n9 na nb,15.929794390865323,21.84141319689818,0.0,21.84141319689818,R,0.9,0.9,0.0,579814208.260335,True,False,True,True,,1941.535082936287,matched,190517,1941.535082936287,2552.6293530464172,10.415718078613281,136.0096435546875,526.7670916197764,1.0107974986006436,24.84078490113854,1941.7202550172806,2556.2797380685806,-2436.2797355651855,2.1901430178794032,114.14489865418254,ref,92,matched
90,1454778,579943498.760658,2019-05-19 07:24:53.760658,2019-05-19 07:24:48.126913,1454830,579943714.314765,2019-05-19 07:28:29.314765,215.5541069507599,GRB190519309,n0_r0 n0_r1 n1_r0 n1_r1 n2_r0 n2_r1 n3_r0 n3_r1 n4_r0 n4_r1 n5_r0 n5_r1 n7_r1 n8_r0 n8_r1 n9_r0 n9_r1 na_r0 na_r1 nb_r1,n0 n1 n2 n3 n4 n5 n7 n8 n9 na nb,66.93779129287385,100.04705566406976,0.0,100.04705566406976,R,0.95,0.95,0.0,579943493.1269131,True,False,True,True,,4173.888442993164,matched,190519,4173.888442993164,32836.70196199417,-25.274608612060547,-174.53836059570312,544.3576054452192,1.3838331583814205,263.25637560578036,4174.586835026741,32840.41316592693,-894.4131544828415,-26.838308712146212,73.59499576383726,ref,93,matched
91,1461071,579969296.884471,2019-05-19 14:34:51.884471,2019-05-19 14:34:39.596294,1461080,579969333.749018,2019-05-19 14:35:28.749018,36.86454689502716,,n2_r1 n4_r0 n4_r1 n5_r0 n5_r1 n6_r0 n7_r0 n7_r1 n8_r0 n8_r1 na_r0 na_r1 nb_r0,n2 n4 n5 n6 n7 n8 na nb,12.808541268432672,14.942394839361343,0.0,14.942394839361343,R,0.0,0.0,0.0,579969284.596294,False,False,False,False,7045.232581019402,7045.232581019402,other,190519,29965.357823967934,7045.232581019402,25.460716247558594,-96.24465942382812,522.6643441346482,1.6510285029690583,90.57966811751885,29966.05621600151,7048.943784952164,-12758.943774580956,33.961443598526,33.751334788934145,ref,94,other
92,1471615,580023246.539628,2019-05-20 05:34:01.539628,2019-05-20 05:33:57.443559,1471621,580023271.1160591,2019-05-20 05:34:26.116059,24.576431035995483,,n6_r0 n7_r1 n9_r0 n9_r1 na_r1 nb_r1,n6 n7 n9 na nb,5.334141391247205,9.234746184981558,0.0,9.234746184981558,R,0.0,0.2,0.0,580023242.443559,False,True,False,True,,1081.3625079393387,matched,190520,3989.565794944763,1081.3625079393387,-24.612430572509766,-162.4480438232422,542.3959997330071,1.3218979435856812,255.6004873160343,3990.903482079506,1087.096519947052,-720.0965095758438,-24.226627410881612,62.977062777089465,ref,95,matched
93,1477738,580048870.052515,2019-05-20 12:41:05.052515,2019-05-20 12:41:00.956450,1477750,580048919.205225,2019-05-20 12:41:54.205225,49.1527099609375,,n4_r0 n4_r1 n7_r1 n8_r0 n8_r1 na_r1 nb_r1,n4 n7 n8 na nb,6.23885333686599,12.759919072650488,0.0,12.759919072650488,R,0.0,0.0,0.0,580048865.95645,False,False,False,False,13037.56001996994,13037.56001996994,other,190520,24011.133715987206,13037.56001996994,24.166244506835938,-95.23040771484375,525.3761696763082,1.6107272095375453,72.2024230417076,24011.416371941566,13043.583624958992,18301.416382431984,32.74086266650987,32.2132053244993,ref,96,other
94,1479200,580054862.595882,2019-05-20 14:20:57.595882,2019-05-20 14:20:53.499823,1479258,580055103.239444,2019-05-20 14:24:58.239444,240.64356195926663,LOCLPAR1905205,n0_r0 n0_r1 n1_r0 n1_r1 n2_r0 n2_r1 n3_r0 n3_r1 n4_r0 n4_r1 n5_r0 n5_r1 n6_r0 n6_r1 n7_r0 n7_r1 n8_r0 n8_r1 n9_r0 n9_r1 na_r0 na_r1 nb_r0 nb_r1,n0 n1 n2 n3 n4 n5 n6 n7 n8 n9 na nb,61.05974812060983,76.3193278406312,0.0,76.3193278406312,R,0.5,0.55,0.0,580054858.4998231,True,False,True,True,,7045.01664686203,matched,190520,30003.677089095116,7045.01664686203,25.462139129638672,-100.707275390625,523.5878582546268,1.6189268215953108,90.43581450819326,30003.959745049477,7051.040251851082,-12761.040241360664,33.62018439986541,35.463034793133964,ref,97,matched
95,1490023,580109987.484606,2019-05-21 05:39:42.484606,2019-05-21 05:39:17.908199,1490032,580110345.818685,2019-05-21 05:45:40.818685,358.3340790271759,,n0_r1 n5_r1 n6_r1 n9_r1 nb_r1,n0 n5 n6 n9 nb,0.0,13.40152809913741,0.0,13.40152809913741,S,0.0,0.1,0.0,580109962.9081991,False,False,False,False,5115.983039021492,5115.983039021492,A,190521,5115.983039021492,37538.309738874435,-13.31417465209961,-95.5689697265625,541.5794776628949,1.1166243495369987,327.6451515065133,5119.1681270599365,57.631875872612,0.0,-4.679465763899683,1.3774301477665887,ref,98,A
96,1517030,580231723.574776,2019-05-22 15:28:38.574776,2019-05-22 15:28:30.382659,1517031,580231727.670835,2019-05-22 15:28:42.670835,4.096058964729309,,na_r1,na,0.0,3.045498191957037,0.0,3.045498191957037,P,0.0,0.0,0.0,580231715.382659,False,False,False,False,1380.3728890419006,1380.3728890419006,other,190522,41292.42378592491,1380.3728890419006,25.467866897583008,-133.6729278564453,526.1715829585804,1.3941444548689639,90.38310858614724,41295.24258291721,1382.757416009903,-7092.7574055194855,29.69735107566429,54.946795801902724,ref,-1,absent
97,1550193,580389358.236267,2019-05-24 11:15:53.236267,2019-05-24 11:15:45.044119,1550199,580389382.812684,2019-05-24 11:16:17.812684,24.57641708850861,,n3_r1 n7_r1,n3 n7,0.0,6.213448691097393,0.0,6.213448691097393,S,0.0,0.05,0.0,580389350.0441191,False,True,False,True,,9162.895924806595,matched,190524,27836.856795072556,9162.895924806595,-16.857391357421875,145.33932495117188,541.2644373339602,1.2825014266115073,317.6463660352425,27837.904043078423,9165.095956921577,-14875.09594643116,-24.118703446178472,108.78955088612508,ref,101,matched
98,1597825,580617769.0686051,2019-05-27 02:42:44.068605,2019-05-27 02:42:31.780339,1597838,580618058.330843,2019-05-27 02:47:33.330843,289.262237906456,,n8_r1 n9_r1 na_r1 nb_r1 nb_r2,n8 n9 na nb,0.0,12.680927091225776,3.4301788360364247,12.680927091225776,R,0.0,0.05,0.05,580617756.780339,False,False,False,False,5161.058444023132,5161.058444023132,A,190527,5161.058444023132,37502.142475008965,-12.221412658691406,-94.52792358398438,537.9020529874351,1.1145118283319881,330.57751366252535,5164.640262961388,60.359732031822205,0.0,-3.5258716406110744,1.3739599730123861,ref,104,A
99,1632154,580779181.910072,2019-05-28 23:32:56.910072,2019-05-28 23:32:40.525758,1632158,580779198.294405,2019-05-28 23:33:13.294405,16.38433301448822,,n4_r0 n4_r1,n4,3.956211423369857,4.158447022576534,0.0,4.158447022576534,P,0.3,0.45,0.0,580779165.525758,False,True,False,True,,1204.2479720115662,matched,190528,1204.2479720115662,3760.202264070511,24.659263610839844,39.395530700683594,537.693097478059,1.17262514418824,75.51479680423941,1205.3856819868088,3763.61431992054,1421.385691523552,20.86622696639945,51.72507307703727,ref,106,matched
100,1641104,580816636.244783,2019-05-29 09:57:11.244783,2019-05-29 09:53:46.440571,1641107,580816648.53303,2019-05-29 09:57:23.533030,12.288246989250185,,n9_r0 na_r0 na_r1 nb_r0,n9 na nb,40.40136639875495,9.012684576010807,0.0,40.40136639875495,R,0.0,0.15,0.0,580816431.4405711,False,False,False,False,4292.695155978203,4292.695155978203,other,190529,32723.599887013435,4292.695155978203,-25.494705200195312,73.66588592529297,530.5414270245523,1.5965148064526615,267.2480913291932,32725.300495028496,4295.699503898621,-10005.699493408203,-33.14612281865264,44.43776734370612,ref,107,other
101,1641772,580819376.525655,2019-05-29 10:42:51.525655,2019-05-29 10:39:26.721620,1641839,580819650.9629681,2019-05-29 10:47:25.962968,274.437313079834,,n0_r0 n0_r1 n1_r0 n1_r1 n3_r0 n3_r1 n4_r0 n4_r1 n5_r0 n6_r0 n6_r1 n7_r0 n7_r1 n9_r0 n9_r1 na_r0 na_r1 nb_r0 nb_r1,n0 n1 n3 n4 n5 n6 n7 n9 na nb,84.99050946598399,37.892949810015935,0.0,84.99050946598399,R,0.0,0.4,0.0,580819171.7216201,False,False,False,False,1552.414106965065,1552.414106965065,other,190529,35463.88093602657,1552.414106965065,25.116031646728516,-125.95590209960938,537.6544295217358,1.4273396851201388,80.040769993565,35465.58154404163,1555.4184548854828,-7265.418444395065,30.44933380032824,49.22269573824756,ref,108,other
102,1659778,580904350.064273,2019-05-30 10:19:05.064273,2019-05-30 10:19:05.064273,1659830,580904565.3635551,2019-05-30 10:22:40.363555,215.2992820739746,GRB190530430,n0_r0 n0_r1 n0_r2 n1_r0 n1_r1 n1_r2 n2_r0 n2_r1 n2_r2 n3_r0 n3_r1 n3_r2 n4_r0 n4_r1 n4_r2 n5_r0 n5_r1 n5_r2 n6_r1 n7_r1 n8_r1 n9_r0 n9_r1 n9_r2 na_r0 na_r1 na_r2 nb_r0 nb_r1 nb_r2,n0 n1 n2 n3 n4 n5 n6 n7 n8 n9 na nb,264.42476285356986,740.7512326402218,253.7983775826181,740.7512326402218,R,0.95,0.95,0.95,580904350.064273,True,False,True,True,,1910.2618190050125,matched,190530,35101.12980091572,1910.2618190050125,20.67936134338379,-155.37313842773438,538.135742966789,1.220934653776792,54.966627059941175,35101.924203038216,1912.0758049488068,-7622.075794577599,21.57863034948372,69.22456736553163,ref,109,matched
103,1675626,580980555.801218,2019-05-31 07:29:10.801218,2019-05-31 07:29:05.169108,1675648,580980647.45105,2019-05-31 07:30:42.451050,91.64983201026917,GRB190531312,n0_r0 n0_r1 n1_r0 n1_r1 n2_r0 n2_r1 n3_r0 n3_r1 n4_r1 n5_r0 n5_r1 n9_r1,n0 n1 n2 n3 n4 n5 n9,13.412254813339777,27.935025743290808,0.0,27.935025743290808,R,0.85,0.85,0.0,580980550.169108,True,False,True,True,,11284.770828008652,matched,190531,25756.17776799202,11284.770828008652,-1.4188127517700195,11.030643463134766,527.8037166820769,1.1175889466229423,183.28762853006262,25759.02903199196,11288.97096991539,-16998.970959544182,-0.3803859824333333,16.266318996767172,ref,110,matched
104,1684658,581026207.285366,2019-05-31 20:10:02.285366,2019-05-31 20:09:54.093206,1684712,581026432.569892,2019-05-31 20:13:47.569892,225.28452599048612,GRB190531840,n0_r0 n0_r1 n0_r2 n1_r0 n1_r1 n1_r2 n2_r1 n2_r2 n3_r0 n3_r1 n3_r2 n4_r0 n4_r1 n4_r2 n5_r0 n5_r1 n5_r2 n6_r0 n6_r1 n6_r2 n7_r0 n7_r1 n7_r2 n8_r0 n8_r1 n8_r2 n9_r1 na_r0 na_r1 nb_r0 nb_r1,n0 n1 n2 n3 n4 n5 n6 n7 n8 n9 na nb,49.71718973861294,171.74951875549553,37.86744945818212,171.74951875549553,R,0.9,0.9,0.95,581026199.093206,True,False,True,True,,1547.544569015503,matched,190531,3244.0990059375763,1547.544569015503,-1.6430506706237793,177.1763458251953,528.5595496611667,1.0513090043553486,183.80653889578497,3245.953134059906,1550.0468699932098,-1185.046860575676,-4.83103868743937,87.90169057463156,ref,111,matched
105,1731659,581242836.645232,2019-06-03 08:20:31.645232,2019-06-03 08:19:54.780458,1731661,581242844.837398,2019-06-03 08:20:39.837398,8.192166090011597,,n0_r2 n5_r1,n0 n5,0.0,4.086254302249084,3.0465201413532688,4.086254302249084,R,0.0,0.0,0.0,581242799.780458,False,False,False,False,5812.3500599861145,5812.3500599861145,B,190603,36897.56773996353,5812.3500599861145,3.569409132003784,-35.790771484375,533.9117016141404,1.1153222228369128,171.7207368837425,36897.640380978584,5816.359619021416,-11526.359608530998,11.018008396165278,2.3916886404341167,ref,-1,absent
106,1738954,581281470.47154,2019-06-03 19:04:25.471540,2019-06-03 19:04:25.471540,1738959,581281492.488036,2019-06-03 19:04:47.488036,22.016496062278748,GRB190603795,n0_r1 n3_r0 n3_r1 n4_r0 n4_r1,n0 n3 n4,7.267373520586758,6.602963076305491,0.0,7.267373520586758,R,0.05,0.55,0.0,581281470.47154,True,False,True,True,,1668.6451719999313,matched,190603,1668.6451719999313,3188.8613810539246,25.577354431152344,79.26536560058594,538.2573132765328,1.1303389461458835,91.96943576750998,1670.3314670324326,3191.668562054634,1888.3314794301987,17.257616228406302,73.86405149865743,ref,113,matched
107,1751698,581337758.2148311,2019-06-04 10:42:33.214831,2019-06-04 10:42:33.214831,1751742,581337940.745676,2019-06-04 10:45:35.745676,182.5308449268341,GRB190604446,n0_r1 n1_r1 n2_r1 n2_r2 n3_r0 n3_r1 n3_r2 n4_r0 n4_r1 n4_r2 n5_r1 n6_r0 n6_r1 n6_r2 n7_r0 n7_r1 n7_r2 n8_r0 n8_r1 n8_r2,n0 n1 n2 n3 n4 n5 n6 n7 n8,23.4300551738223,56.86213185934509,11.404948843723975,56.86213185934509,R,0.95,0.95,1.0,581337758.2148311,True,False,True,True,,2152.240336060524,matched,190604,2152.240336060524,2291.45233297348,17.425434112548828,148.4067840576172,531.2809739933595,1.0653527673879388,43.8421236603004,2156.074720144272,2292.925246834755,-2161.9252704381943,10.291318779760411,119.65317735257175,ref,115,matched
108,1778967,581469754.359182,2019-06-05 23:22:29.359182,2019-06-05 23:22:23.215044,1778970,581469766.838118,2019-06-05 23:22:41.838118,12.478935956954956,GRB190605974,n4_r1 n8_r1,n4 n8,0.0,5.390390889100521,0.0,5.390390889100521,S,0.0,0.35,0.0,581469748.215044,True,False,True,True,,7219.167473912239,matched,190605,7219.167473912239,29838.684865951538,25.58788299560547,-1.411041259765625,536.4561404030327,1.1790903674452076,92.67207618374476,7222.074970006943,29842.925034999847,1512.0749804973602,28.242992990079774,35.343006727608774,ref,116,matched
109,1781202,581478909.5851669,2019-06-06 01:55:04.585167,2019-06-06 01:54:51.151872,1781215,581478964.761345,2019-06-06 01:55:59.761345,55.17617809772492,GRB190606080,n0_r0 n0_r1 n1_r0 n1_r1 n2_r1 n3_r1 n3_r2 n4_r1 n5_r0 n5_r1 n9_r1 na_r1,n0 n1 n2 n3 n4 n5 n9 na,6.400259124237771,23.592947211766,3.495787655205907,23.592947211766,R,0.9,0.9,0.9,581478896.1518719,True,False,True,True,,16367.104301810265,matched,190606,16367.104301810265,20690.748038053513,-19.414608001708984,179.3759002685547,526.7922711902504,1.265049651796921,309.7862552647972,16370.011797904968,20694.988207101822,10660.011808395386,-22.036237192815744,80.55110554061842,ref,117,matched
110,1789811,581520107.6989701,2019-06-06 13:21:42.698970,2019-06-06 13:21:34.506794,1789816,581520128.1794341,2019-06-06 13:22:03.179434,20.480463981628414,,n7_r0 n7_r1 n8_r0 n8_r1 nb_r0,n7 n8 nb,9.66369516631907,6.024920296220906,0.0,9.66369516631907,R,0.0,0.0,0.0,581520099.506794,False,True,False,True,,1249.3062438964844,matched,190606,1249.3062438964844,3199.0456800460815,12.433051109313965,78.66224670410156,525.7962902545128,1.0093748846483779,29.830581883083365,1250.3667179346085,3201.633283019066,1502.3667304515839,4.198876910532592,65.3242708337612,ref,118,matched
111,1795363,581547694.214995,2019-06-06 21:01:29.214995,2019-06-06 21:01:12.830632,1795364,581547698.3110809,2019-06-06 21:01:33.311081,4.096085906028748,,nb_r1,nb,0.0,4.014429315884482,0.0,4.014429315884482,P,0.0,0.0,0.0,581547677.830632,False,False,False,False,5156.974305987358,5156.974305987358,A,190606,5156.974305987358,37504.93464207649,-12.483293533325195,-93.57794189453125,524.4733338210775,1.116364658065584,330.0461279784471,5159.690555930138,22.309444069862366,0.0,-3.732236645543807,0.5761950415344075,ref,119,A
112,1799404,581564571.5944741,2019-06-07 01:42:46.594474,2019-06-07 01:42:34.560766,1799415,581564616.905974,2019-06-07 01:43:31.905974,45.31149995326996,GRB190607071,n6_r1 n7_r1 n9_r0 n9_r1 na_r0 na_r1 nb_r0 nb_r1,n6 n7 n9 na nb,9.129394404273912,12.207119142419764,0.0,12.207119142419764,R,0.55,0.55,0.0,581564559.560766,True,False,True,True,,20623.204508066177,matched,190607,22038.704439997673,20623.204508066177,-17.74406623840332,-179.7953338623047,526.4754732327949,1.2284389015803712,315.23526083311395,16545.4206969738,20625.579303979874,10835.420707464218,-20.25841628252069,80.27690993434113,ref,120,matched
113,1816546,581645545.699758,2019-06-08 00:12:20.699758,2019-06-08 00:12:09.689945,1816586,581645709.7977049,2019-06-08 00:15:04.797705,164.09794688224792,GRB190608009,n6_r1 n7_r1 n8_r1 n9_r1 na_r0 na_r1 nb_r0 nb_r1,n6 n7 n8 n9 na nb,9.21476463553325,31.44346591540889,0.0,31.44346591540889,R,0.45,0.75,0.0,581645534.689945,True,False,True,True,,17437.04140496254,matched,190608,17437.04140496254,25242.583324074745,10.552240371704102,-99.80926513671875,523.3434734686731,1.2335026304376757,25.01507599300457,17439.549867987633,25244.450134038925,11729.54987847805,18.83501813527191,22.045264969249413,ref,121,matched
114,1821296,581665014.079595,2019-06-08 05:36:49.079595,2019-06-08 05:35:55.830464,1821303,581665042.7521801,2019-06-08 05:37:17.752180,28.67258512973785,,n3_r2 n4_r2 n5_r1 n5_r2,n3 n4 n5,0.0,5.833387163672676,6.134580042525505,6.134580042525505,R,0.0,0.0,0.05,581664960.830464,False,False,False,False,5816.442805051804,5816.442805051804,B,190608,36863.18192398548,5816.442805051804,3.9484522342681885,-33.60498046875,538.4912166034256,1.1117408172923295,170.85405670804806,36865.690387010574,5818.309615015984,-11528.309604644775,11.172865073631638,3.005169026106029,ref,-1,absent
115,1831674,581718164.323481,2019-06-08 20:22:39.323481,2019-06-08 20:19:14.519332,1831955,581719318.395205,2019-06-08 20:41:53.395205,1154.0717240571976,LOCLPAR1906088,n0_r0 n0_r1 n1_r0 n1_r1 n2_r0 n2_r1 n3_r0 n3_r1 n4_r0 n4_r1 n5_r0 n5_r1 n6_r0 n6_r1 n7_r0 n7_r1 n8_r0 n8_r1 n9_r0 n9_r1 na_r0 na_r1 nb_r0 nb_r1,n0 n1 n2 n3 n4 n5 n6 n7 n8 n9 na nb,1461.070117502481,477.24140093896455,0.0,1461.070117502481,R,0.55,0.6,0.0,581717959.519332,True,True,True,True,,4313.17821598053,matched,190608,4313.17821598053,32743.629104971886,-25.546960830688477,-155.48348999023438,535.2501258679258,1.3189531766789973,274.91533041507915,4313.379250049591,32745.620746970177,-591.6207325458527,-24.02646976051949,56.601402477865584,ref,122,matched
116,1837200,581740811.101176,2019-06-09 02:40:06.101176,2019-06-09 02:36:45.393148,1837201,581740815.197256,2019-06-09 02:40:10.197256,4.09607994556427,,n6_r0 n7_r0 n7_r1 n8_r0 n9_r0 nb_r0,n6 n7 n8 n9 nb,41.15962351930109,9.2729450673008,0.0,41.15962351930109,R,0.0,0.1,0.0,581740610.3931481,False,False,False,False,10092.75528895855,10092.75528895855,other,190609,26964.052031993866,10092.75528895855,-25.509138107299805,96.2530746459961,537.5248233536585,1.611910508773648,264.22022596313695,26964.253066062927,10094.74693095684,-15804.746920585632,-34.66896266958165,64.17252108025994,ref,123,other
117,1841018,581758421.5868111,2019-06-09 07:33:36.586811,2019-06-09 07:33:32.490730,1841074,581758654.0395471,2019-06-09 07:37:29.039547,232.4527360200882,GRB190609315,n3_r1 n3_r2 n4_r1 n5_r1 n6_r0 n6_r1 n6_r2 n7_r0 n7_r1 n7_r2 n8_r0 n8_r1 n8_r2 n9_r0 n9_r1 n9_r2 na_r1 nb_r1 nb_r2,n3 n4 n5 n6 n7 n8 n9 na nb,13.78777415211063,44.038730529294256,8.440357413244184,44.038730529294256,R,0.65,0.8,0.85,581758417.49073,True,False,True,True,,679.9493560791016,matched,190609,679.9493560791016,3786.3453929424286,-19.98497200012207,67.62812042236328,530.0213954590304,1.3930955160860463,307.8907564411179,683.3506480455399,3789.64934694767,1402.3506625890732,-27.046920467695063,40.341758539295284,ref,124,matched
118,1866435,581882410.5244889,2019-06-10 18:00:05.524489,2019-06-10 18:00:01.428410,1866468,581882545.6951289,2019-06-10 18:02:20.695129,135.17063999176025,GRB190610750,n0_r0 n0_r1 n1_r0 n1_r1 n2_r0 n2_r1 n6_r0 n6_r1 n7_r0 n7_r1 n8_r1 n9_r0 n9_r1 na_r0 na_r1 nb_r1,n0 n1 n2 n6 n7 n8 n9 na nb,24.345202821473283,37.01024251764987,0.0,37.01024251764987,R,0.9,0.9,0.0,581882406.42841,True,False,False,True,,1726.7883499860764,matched,190610,3312.708582997322,1726.7883499860764,-13.231264114379883,158.3804931640625,541.2553498901997,1.1908847699043097,211.875332634624,3316.288335084915,1729.7116709947586,-1375.711655497551,-18.98010372604641,101.5836156031497,ref,125,matched
119,1888839,581986071.1383371,2019-06-11 22:47:46.138337,2019-06-11 22:47:46.138337,1888907,581986351.590415,2019-06-11 22:52:26.590415,280.4520778656006,GRB190611950,n0_r1 n0_r2 n1_r0 n1_r1 n1_r2 n2_r0 n2_r1 n2_r2 n3_r1 n3_r2 n4_r0 n4_r1 n4_r2 n5_r0 n5_r1 n5_r2 n9_r1,n0 n1 n2 n3 n4 n5 n9,60.54957855759594,112.6629108717968,19.38029089991786,112.6629108717968,R,0.85,0.9,0.95,581986071.1383371,True,False,True,True,,21271.216162919998,matched,190611,21378.834232091904,21271.216162919998,-25.62352180480957,141.34921264648438,540.9442988995319,1.5742919191908118,273.18791508564243,15816.998262166977,21276.001762866974,10106.998272657394,-33.2375985525148,100.67299760283282,ref,126,matched
120,1893372,582004649.136301,2019-06-12 03:57:24.136301,2019-06-12 03:57:02.119881,1893377,582004671.152741,2019-06-12 03:57:46.152741,22.01643991470337,GRB190612165,n4_r0 n4_r1 n8_r0 n8_r1,n4 n8,4.879824170241486,5.5202399626319245,0.0,5.5202399626319245,R,0.6,0.45,0.0,582004627.1198812,True,False,True,True,,2715.2346189022064,matched,190612,39934.815776109695,2715.2346189022064,1.7738243341445923,152.52845764160156,522.5203477135831,1.0301212464530147,4.093344440899564,34372.97980618477,2720.020218849182,-8430.020208358765,-4.810681415674694,112.36294257821011,ref,127,matched
121,1903145,582055479.9846551,2019-06-12 18:04:34.984655,2019-06-12 18:04:26.792495,1903150,582055749.797756,2019-06-12 18:09:04.797756,269.81310081481934,,n5_r1 nb_r1,n5 nb,0.0,6.812007560250508,0.0,6.812007560250508,S,0.0,0.05,0.0,582055471.792495,False,False,False,False,5193.829475045204,5193.829475045204,A,190612,5193.829475045204,37467.51066708565,-11.562270164489746,-92.7811279296875,529.1214944385048,1.1151566714900758,332.46729866641505,5197.652418971062,25.347579956054688,0.0,-2.7682989779035228,0.6407454490033505,ref,128,A
122,1911909,582091646.818509,2019-06-13 04:07:21.818509,2019-06-13 04:06:58.266037,1911922,582091700.067619,2019-06-13 04:08:15.067619,53.24910998344421,GRB190613172,n0_r0 n0_r1 n1_r0 n1_r1 n3_r0 n3_r1,n0 n1 n3,8.989582214594385,14.932919123874004,0.0,14.932919123874004,R,0.8,0.75,0.0,582091623.266037,True,False,True,True,,1316.0371251106262,matched,190613,41345.303017020226,1316.0371251106262,25.60720443725586,-127.13337707519531,524.8626281430257,1.4335481644542178,93.91760384163959,35881.12595999241,1317.8740340471268,-7027.874023556709,30.772555090865836,50.35988794987618,ref,129,matched
123,1916272,582115623.513305,2019-06-13 10:46:58.513305,2019-06-13 10:46:52.881184,1916283,582115670.106248,2019-06-13 10:47:45.106248,46.59294307231903,GRB190613449,n3_r1 n4_r1 n5_r1 n6_r0 n6_r1 n7_r0 n7_r1 n8_r0 n8_r1 n9_r1 nb_r1,n3 n4 n5 n6 n7 n8 n9 nb,8.328040322783076,20.554797910242524,0.0,20.554797910242524,R,0.85,0.85,0.0,582115617.881184,True,False,True,True,,1123.3927820920944,matched,190613,3379.2668619155884,1123.3927820920944,5.12817907333374,-154.3745880126953,534.4220118568668,1.0679347483290615,168.1056259173481,3380.741112947464,1126.2588930130005,-693.258881688118,6.405867367177289,62.4418515389025,ref,130,matched
124,1929077,582172736.553282,2019-06-14 02:38:51.553282,2019-06-14 02:38:18.784625,1929092,582172797.994504,2019-06-14 02:39:52.994504,61.441221952438354,,n3_r2 n5_r1 n5_r2 nb_r2,n3 n5 nb,0.0,6.855478154662102,6.398550030335585,6.855478154662102,R,0.0,0.05,0.05,582172703.784625,False,False,False,False,5828.720373868942,5828.720373868942,B,190614,36853.10683095455,5828.720373868942,4.180647850036621,-35.349822998046875,533.8757112491678,1.1144779437178831,170.3235482528739,36855.64454805851,5832.3554469347,-11542.355436444283,11.582209324751021,3.080174857705603,ref,131,B
125,1956077,582304591.8603051,2019-06-15 15:16:26.860305,2019-06-15 15:16:17.132155,1956095,582304667.1254921,2019-06-15 15:17:42.125492,75.26518702507019,GRB190615636,n4_r1 n6_r1 n7_r1 n8_r0 n8_r1 nb_r0 nb_r1,n4 n6 n7 n8 nb,8.57496516406124,15.397031883152913,0.0,15.397031883152913,R,0.9,0.8,0.0,582304582.1321551,True,False,True,True,,1674.9618119001389,matched,190615,3326.0062609910965,1674.9618119001389,-13.253820419311523,161.387939453125,539.7826187606855,1.1873737435808325,211.9172486660406,3329.19207906723,1679.8079199790955,-1335.8079085350037,-18.60357769321692,98.86401060368567,ref,132,matched
126,2010895,582563220.681582,2019-06-18 15:06:55.681582,2019-06-18 15:06:22.913111,2010915,582563479.085301,2019-06-18 15:11:14.085301,258.40371906757355,,n2_r1 n3_r1 n3_r2 n4_r2 n5_r1 n5_r2 n8_r1,n2 n3 n4 n5 n8,0.0,14.13294822644229,6.730654503653872,14.13294822644229,R,0.0,0.2,0.05,582563187.913111,False,False,False,False,5156.944376945496,5156.944376945496,A,190618,5156.944376945496,37508.582494974136,-12.474372863769531,-96.1337890625,539.0031910959726,1.1132881553929765,330.1142830608773,5158.973037004471,105.02701008319855,0.0,-3.876686542077507,2.3610007198544207,ref,133,A
127,2019012,582596665.399209,2019-06-19 00:24:20.399209,2019-06-19 00:24:04.014967,2019051,582596828.217583,2019-06-19 00:27:03.217583,162.81837391853333,GRB190619018,n0_r0 n0_r1 n1_r1 n3_r0 n3_r1 n6_r0 n6_r1 n7_r1 n9_r0 n9_r1,n0 n1 n3 n6 n7 n9,15.693196561308064,17.989618782244797,0.0,17.989618782244797,R,0.1,0.25,0.0,582596649.014967,True,False,True,True,,4047.4806389808655,matched,190619,38618.04623293877,4047.4806389808655,-25.095029830932617,71.7574462890625,545.78220159439,1.5778724284667853,281.68960715237984,33180.07489192486,4050.9251030683517,-9760.925092577934,-32.559348085086796,42.82520025412647,ref,134,matched
128,2028570,582646556.0745881,2019-06-19 14:15:51.074588,2019-06-19 14:15:42.882438,2028629,582646800.814623,2019-06-19 14:19:55.814623,244.74003493785855,GRB190619595,n1_r1 n2_r0 n2_r1 n3_r1 n4_r1 n5_r0 n5_r1 n6_r1 n7_r0 n7_r1 n7_r2 n8_r0 n8_r1 n8_r2 n9_r0 n9_r1 na_r0 na_r1 nb_r0 nb_r1,n1 n2 n3 n4 n5 n6 n7 n8 n9 na nb,25.37483834623526,51.589933337710775,4.804614319625926,51.589933337710775,R,0.9,0.95,0.85,582646547.882438,True,False,True,True,,2953.262995839119,matched,190619,2953.262995839119,39743.98564207554,-4.555511474609375,125.99180603027344,528.7671257712835,1.0472726323277255,190.55668685445124,2955.9423619508743,39747.057633042336,-1910.05762052536,-13.402925011387179,98.674887847048,ref,135,matched
129,2045409,582725415.296803,2019-06-20 12:10:10.296803,2019-06-20 12:10:04.664711,2045461,582725629.828409,2019-06-20 12:13:44.828409,214.5316059589386,GRB190620507,n0_r0 n0_r1 n0_r2 n1_r0 n1_r1 n1_r2 n2_r0 n2_r1 n2_r2 n3_r0 n3_r1 n3_r2 n4_r0 n4_r1 n4_r2 n5_r0 n5_r1 n5_r2 n6_r0 n6_r1 n6_r2 n7_r0 n7_r1 n7_r2 n8_r0 n8_r1 n8_r2 n9_r1 na_r0 na_r1 nb_r1,n0 n1 n2 n3 n4 n5 n6 n7 n8 n9 na nb,44.06607244139537,118.08941025850284,23.60596071540561,118.08941025850284,R,0.8,0.9,0.95,582725409.664711,True,False,True,True,,1998.8784710168839,matched,190620,1998.8784710168839,2973.274521112442,20.306852340698242,90.36605072021484,521.2549330631464,1.0608700030450224,126.75078109267267,2000.7246329784393,2976.275367975235,2215.7246454954147,11.34356374296743,79.02812453142622,ref,136,matched
130,2118706,583071014.324833,2019-06-24 12:10:09.324833,2019-06-24 12:09:57.036652,2118707,583071018.4208901,2019-06-24 12:10:13.420890,4.096057057380676,,n1_r1,n1,0.0,3.5241082790180225,0.0,3.5241082790180225,P,0.0,0.0,0.0,583071002.0366521,False,False,False,False,5218.387279033661,5218.387279033661,A,190624,5218.387279033661,37456.4925198555,-10.883500099182129,-93.95907592773438,540.6166362664993,1.112276299427667,334.12982238935655,5222.296581029892,132.7034169435501,0.0,-2.1570334334802137,1.8783947851527172,ref,138,A
131,2150966,583221989.245432,2019-06-26 06:06:24.245432,2019-06-26 06:06:18.101333,2150967,583221993.851858,2019-06-26 06:06:28.851858,4.606426000595093,GRB190626254,n2_r0 n2_r1,n2,3.249113768138152,3.0871982802148787,0.0,3.249113768138152,P,0.0,0.0,0.0,583221983.1013331,True,False,True,True,,2065.585428953171,matched,190626,2663.97804915905,2065.585428953171,15.695694923400879,151.06451416015625,524.3404640472265,1.0567011753457314,141.2590946522783,2665.9612621068954,2071.0387428998947,-1679.0387283563614,8.855373839420416,116.90133420796552,ref,139,matched
132,2186360,583388619.935779,2019-06-28 04:23:34.935779,2019-06-28 04:23:30.839710,2186362,583388628.127935,2019-06-28 04:23:43.127935,8.192156076431274,,n8_r1,n8,0.0,3.569387046825589,0.0,3.569387046825589,P,0.0,0.05,0.0,583388615.83971,False,True,False,True,,634.8909180164337,matched,190628,3997.757555961609,634.8909180164337,-14.7549467086792,-128.94659423828125,525.1497127837753,1.1201770154417632,216.13238539130862,4000.2996389865875,637.7003630399704,-180.70035648345947,-9.442362457717199,33.16771586181749,ref,140,matched
133,2192542,583417859.808183,2019-06-28 12:30:54.808183,2019-06-28 12:30:54.808183,2192548,583417885.9206121,2019-06-28 12:31:20.920612,26.11242914199829,GRB190628521,na_r0 na_r1 nb_r0 nb_r1,na nb,4.934779726137865,6.629774399830136,0.0,6.629774399830136,R,0.05,0.25,0.0,583417859.808183,True,False,True,True,,15488.996932029724,matched,190628,15488.996932029724,27167.38603901863,-25.268428802490234,153.848388671875,530.7537542783596,1.5250889076463157,261.5680933085677,9921.268105983734,27170.731894016266,4211.268116474152,-31.48455621340909,100.46600943623496,ref,141,matched
134,2208278,583493108.388667,2019-06-29 09:25:03.388667,2019-06-29 09:24:55.196544,2208293,583493427.5218351,2019-06-29 09:30:22.521835,319.1331681013108,,n0_r1 n0_r2 n1_r2 n5_r1 n9_r1 nb_r1 nb_r2,n0 n1 n5 n9 nb,0.0,11.951005786704805,6.036421060209952,11.951005786704805,R,0.0,0.05,0.2,583493100.196544,False,False,False,False,5144.657935976982,5144.657935976982,A,190629,5144.657935976982,37519.5946918726,-12.67847728729248,-95.18609619140625,534.4483768323404,1.1150249033853799,329.44575285422536,5147.656471014023,67.34352791309357,0.0,-4.021571153160823,1.6635388913165978,ref,142,A
135,2234244,583610470.792527,2019-06-30 18:01:05.792527,2019-06-30 17:59:43.871171,2234245,583610474.888593,2019-06-30 18:01:09.888593,4.096065998077393,,n6_r2 nb_r1 nb_r2,n6 nb,0.0,5.676726138188101,4.946970050165147,5.676726138188101,R,0.0,0.0,0.1,583610388.871171,False,False,False,False,5824.605103969574,5824.605103969574,B,190630,36860.48491895199,5824.605103969574,4.142342567443848,-35.132354736328125,527.7916530876114,1.1140670788265523,170.36472756633745,36862.33109295368,5829.668907046318,-11539.6688965559,11.522234657319775,3.0842072313567876,ref,143,B
