trig_ids,start_index,start_met,start_times,start_times_offset,end_index,end_met,end_times,duration,catalog_triggers,trig_dets,detectors,sigma_r0,sigma_r1,sigma_r2,sigma_C,CE,qtl_cut_r0,qtl_cut_r1,qtl_cut_r2,t_start,match_crupi_known,match_crupi_unknown,match_gbm,counterpart,dist_saa_gap_s,dist_saa_gap_recomputed_s,group,day,t_since_gap_end_s,t_to_gap_start_s,lat,lon,alt_km,L,phase_deg,t_since_saa_exit_s,t_to_saa_entry_s,prev_orbit_saa_offset_s,geomag_lat_dipole,dist_saa_region_deg,run,pair_ref,pair_group
0,8104,573124424.4956121,2019-03-01 09:13:39.495612,2019-03-01 09:12:58.534956,8124,573124506.416926,2019-03-01 09:15:01.416926,81.92131388187408,,n0_r2 n1_r2 n2_r2 n3_r2 n4_r2 n5_r2 n6_r2 n8_r1 n8_r2 n9_r2 na_r2 nb_r1 nb_r2,n0 n1 n2 n3 n4 n5 n6 n8 n9 na nb,0.0,9.96350664802456,13.701770524807069,13.701770524807069,R,0.0,0.05,0.05,573124383.534956,False,False,False,False,5815.428406953812,5815.428406953812,B,190301,,5815.428406953812,3.6138274669647217,-36.52569580078125,533.0123527672383,1.1163737525048247,171.64378520705472,,285.00511598587036,-5995.005105495453,11.134474646387662,2.1281302653010012,cmp,-1,absent
1,41799,573284724.164136,2019-03-03 05:45:19.164136,2019-03-03 05:45:19.164136,41820,573284812.228098,2019-03-03 05:46:47.228098,88.06396198272705,GRB190303240,n0_r0 n0_r1 n1_r0 n1_r1 n2_r0 n2_r1 n5_r0 n5_r1 na_r1,n0 n1 n2 n5 na,10.13437784018339,17.253785198055468,0.0,17.253785198055468,R,0.65,0.7,0.0,573284724.164136,True,False,True,True,,10875.97993004322,matched,190303,26150.343048095703,10875.97993004322,-12.164392471313477,35.16682434082031,533.641226040583,1.2437431229453564,209.07935417230144,26151.624058008194,10879.37594294548,-16589.375932574272,-14.867880598429062,17.027698258377292,cmp,1,matched
2,69921,573421046.294318,2019-03-04 19:37:21.294318,2019-03-04 19:37:15.662228,69924,573421060.1185551,2019-03-04 19:37:35.118555,13.82423710823059,GRB190304818,n4_r0 n4_r1,n4,4.47752793938633,6.522259658850949,0.0,6.522259658850949,P,0.7,0.7,0.0,573421040.6622281,True,False,True,True,,2127.3417949676514,matched,190304,2793.5220210552216,2127.3417949676514,4.015137672424316,139.8817901611328,537.3942960180897,1.0099778018701853,170.70699853114596,2796.1221491098404,2130.8778488636017,-1796.8778394460678,-3.870493599657779,114.92639871290292,cmp,2,matched
3,97778,573547171.270521,2019-03-06 06:39:26.270521,2019-03-06 06:36:50.620050,97820,573547343.3052421,2019-03-06 06:42:18.305242,172.03472101688385,,n0_r0 n1_r0 n1_r1 n2_r0 n2_r1 n3_r0 n3_r1 n4_r0 n5_r0 n5_r1 n6_r0 n6_r1 n7_r0 n7_r1 n8_r0 n9_r0 na_r0 nb_r0 nb_r1,n0 n1 n2 n3 n4 n5 n6 n7 n8 n9 na nb,86.47192442251796,21.34822096832255,0.0,86.47192442251796,R,0.4,0.25,0.0,573547015.62005,False,False,False,False,5361.75606906414,5361.75606906414,other,190306,37323.395877957344,5361.75606906414,-8.386357307434082,-10.07330322265625,538.5884028618221,1.2191620785271,199.66578362230626,37325.07997393608,5362.920028090477,-11072.92001760006,-4.011666633843148,1.1401156834339221,cmp,-1,absent
4,97830,573547384.265892,2019-03-06 06:42:59.265892,2019-03-06 06:39:34.462647,97929,573547789.77634,2019-03-06 06:49:44.776340,405.5104479789734,,n0_r0 n0_r1 n1_r0 n1_r1 n3_r0 n3_r1 n4_r0 n4_r1 n5_r0 n5_r1 n6_r0 n6_r1 n7_r0 n7_r1 n8_r0 n9_r0 n9_r1 na_r0 na_r1 nb_r0 nb_r1,n0 n1 n3 n4 n5 n6 n7 n8 n9 na nb,288.696056058608,116.937076488689,0.0,288.696056058608,R,0.15,0.45,0.0,573547179.4626471,False,True,False,True,,5197.91347193718,matched,190306,37487.238475084305,5197.91347193718,-12.506998062133789,-1.140289306640625,538.5325495381231,1.2926288760411275,209.9848856878641,37488.92257106304,5199.077430963516,-10909.077420592308,-9.407692832127701,1.1495263881203264,cmp,4,matched
5,109210,573604667.66626,2019-03-06 22:37:42.666260,2019-03-06 22:37:28.842028,109257,573604861.717356,2019-03-06 22:40:56.717356,194.0510959625244,GRB190306943,n0_r1 n1_r0 n1_r1 n6_r0 n6_r1 n7_r1 n8_r1 n9_r0 n9_r1 na_r0 na_r1 nb_r0 nb_r1,n0 n1 n6 n7 n8 n9 na nb,17.527487355846123,27.611499296141872,0.0,27.611499296141872,R,0.25,0.85,0.0,573604653.8420279,True,False,True,True,,9412.770628929138,matched,190306,9412.770628929138,27606.006817102432,-21.192066192626953,140.55364990234375,538.469401162423,1.413766944590896,236.59907382411615,9415.50194990635,27608.49805009365,3705.5019603967667,-28.907401088134847,102.60063546900213,cmp,5,matched
6,113596,573622644.0990701,2019-03-07 03:37:19.099070,2019-03-07 03:37:13.466977,113646,573622850.436799,2019-03-07 03:40:45.436799,206.33772897720337,GRB190307151,n0_r0 n0_r1 n1_r0 n1_r1 n2_r0 n2_r1 n3_r0 n3_r1 n4_r1 n5_r0 n5_r1 n8_r0 n8_r1 n9_r1 na_r0 na_r1 nb_r0 nb_r1,n0 n1 n2 n3 n4 n5 n8 n9 na nb,36.49115512152144,41.40464362922309,0.0,41.40464362922309,R,0.8,0.85,0.0,573622638.466977,True,False,True,True,,9621.381868004799,matched,190307,27397.39557802677,9621.381868004799,-23.769805908203125,123.62612915039062,532.126626303256,1.5196186394352487,291.3998578002763,27400.126899003983,9623.873100996017,-15333.87309062481,-32.71160533133895,87.83567637206112,cmp,7,matched
7,145485,573775817.1486499,2019-03-08 22:10:12.148650,2019-03-08 22:10:08.052586,145487,573775825.3407781,2019-03-08 22:10:20.340778,8.19212818145752,GRB190308923,n9_r1 nb_r1,n9 nb,0.0,4.407000948711163,0.0,4.407000948711163,S,0.0,0.0,0.0,573775813.0525861,False,False,False,False,9481.380462050438,9481.380462050438,other,190308,9481.380462050438,27551.084274053574,-21.218996047973633,132.15794372558594,541.4143437316816,1.4197688673462823,236.76081115377758,9482.712507128716,27554.28749191761,3772.712517619133,-29.64115789489324,95.96981692287198,cmp,-1,absent
8,151009,573798457.043872,2019-03-09 04:27:32.043872,2019-03-09 04:26:34.698958,151011,573798465.236007,2019-03-09 04:27:40.236007,8.192134976387024,,n2_r0 n3_r0 n3_r1 n7_r0 n8_r0,n2 n3 n7 n8,18.186490179891468,6.246613560672401,0.0,18.186490179891468,R,0.0,0.0,0.0,573798399.698958,False,False,False,False,4964.437902092934,4964.437902092934,other,190309,32068.026834011078,4964.437902092934,-16.828453063964844,21.078102111816406,541.8915180288491,1.37715684462375,221.9803975584059,32069.358879089355,4967.64111995697,-10677.641109585762,-17.208723217789164,6.5825801989966175,cmp,-1,absent
9,172757,573903160.130661,2019-03-10 09:32:35.130661,2019-03-10 09:32:23.352912,172819,573903414.5974321,2019-03-10 09:36:49.597432,254.46677112579343,GRB190310398,n0_r0 n0_r1 n1_r0 n1_r1 n2_r0 n2_r1 n3_r0 n3_r1 n4_r0 n4_r1 n5_r0 n5_r1 n6_r1 n7_r1 n8_r0 n8_r1 n9_r0 n9_r1 na_r0 na_r1 nb_r0 nb_r1,n0 n1 n2 n3 n4 n5 n6 n7 n8 n9 na nb,51.17987822982706,62.85675885689505,0.0,62.85675885689505,R,0.95,0.95,0.0,573903148.352912,True,False,True,True,,876.5575598478317,matched,190310,876.5575598478317,3435.124848127365,-3.6346664428710938,68.49937438964844,524.1096461302526,1.0576134083725641,351.57768306067635,879.0128349065781,3436.987165093422,1169.0128514766693,-10.887194115166704,47.90391671310351,cmp,10,matched
10,179476,573937104.708027,2019-03-10 18:58:19.708027,2019-03-10 18:57:46.939485,179479,573937116.996233,2019-03-10 18:58:31.996233,12.288205981254578,,n5_r1 nb_r1,n5 nb,0.0,6.466875967849894,0.0,6.466875967849894,S,0.0,0.0,0.0,573937071.9394851,False,False,False,False,5189.718599081039,5189.718599081039,A,190310,5189.718599081039,37476.65115296841,-11.650519371032715,-93.76361083984375,528.2952684184681,1.11406958714602,332.1793619598685,5192.599407076836,54.40058696269989,0.0,-2.9114633257314257,1.2437536058586245,cmp,11,A
11,205425,574054358.06474,2019-03-12 03:32:33.064740,2019-03-12 03:31:31.623671,205439,574054415.409719,2019-03-12 03:33:30.409719,57.34497904777527,,n0_r2 n3_r2 n5_r1 n5_r2 n6_r1 n6_r2 n8_r2 n9_r2 na_r2 nb_r1 nb_r2,n0 n3 n5 n6 n8 n9 na nb,0.0,11.288952545838065,10.786827028811294,11.288952545838065,R,0.0,0.05,0.1,574054296.623671,False,False,False,False,5845.0915739536285,5845.0915739536285,B,190312,36846.49380505085,5845.0915739536285,4.579341888427734,-36.916168212890625,534.8098578247129,1.1172187512340521,169.36257079819578,36848.283595085144,5849.716409921646,-11559.716399431229,12.13333348467081,3.00345337618634,cmp,12,B
12,205677,574055390.2737119,2019-03-12 03:49:45.273712,2019-03-12 03:46:57.335061,205710,574055525.443817,2019-03-12 03:52:00.443817,135.17010509967804,,n0_r0 n0_r1 n1_r0 n2_r0 n2_r1 n3_r0 n3_r1 n4_r0 n5_r0 n5_r1 n6_r0 n7_r0 n7_r1 n8_r0 n8_r1 na_r0 nb_r0 nb_r1,n0 n1 n2 n3 n4 n5 n6 n7 n8 na nb,73.74162715127174,23.579399776059475,0.0,73.74162715127174,R,0.0,0.3,0.0,574055222.335061,False,False,False,False,4919.380184054375,4919.380184054375,other,190312,37772.205194950104,4919.380184054375,-18.617399215698242,13.451634407043457,543.7243617584053,1.4290863709637767,227.60835610302362,37773.9949849844,4924.005020022392,-10634.005009651184,-17.735221616652584,1.803750245631479,cmp,13,other
13,210208,574080138.3553231,2019-03-12 10:42:13.355323,2019-03-12 10:42:07.723230,210214,574080163.44221,2019-03-12 10:42:38.442210,25.086886882781982,GRB190312446,n0_r0 n0_r1 n1_r1 n3_r0 n3_r1 n4_r0,n0 n1 n3 n4,12.368184658760976,9.290480452204378,0.0,12.368184658760976,R,0.7,0.55,0.0,574080132.7232301,True,False,True,True,,660.4922270774841,matched,190312,660.4922270774841,3887.9714928865433,-0.32007738947868347,42.062870025634766,525.0584709734334,1.067873942337795,359.25983279246765,663.3831480741501,3890.6168419122696,904.3831596374512,-4.215630724291399,30.667845992749207,cmp,14,matched
14,261359,574319372.571028,2019-03-15 05:09:27.571028,2019-03-15 05:08:54.802496,261364,574319393.051367,2019-03-15 05:09:48.051367,20.48033905029297,,n6_r0 n6_r1 n9_r0,n6 n9,7.33448982314376,5.187614900853108,0.0,7.33448982314376,R,0.0,0.0,0.0,574319339.802496,False,True,False,True,,925.7097759246826,matched,190315,925.7097759246826,3448.892847061157,-11.174277305603027,80.06661224365234,535.4643403067082,1.1621273389850917,333.33538067889947,927.8624209165573,3454.137580037117,1365.8624374866486,-19.44555198013906,54.62580493227437,cmp,15,matched
15,266147,574345069.443512,2019-03-15 12:17:44.443512,2019-03-15 12:17:38.299403,266185,574345225.348767,2019-03-15 12:20:20.348767,155.9052550792694,GRB190315512,n0_r1 n1_r1 n2_r1 n3_r1 n4_r1 n5_r1 n6_r1 n7_r0 n7_r1 n8_r1 n9_r0 n9_r1 na_r0 na_r1 nb_r0 nb_r1,n0 n1 n2 n3 n4 n5 n6 n7 n8 n9 na nb,14.565617405955356,34.87467459607059,0.0,34.87467459607059,R,0.85,0.85,0.0,574345063.299403,True,False,True,True,,1988.3046181201935,matched,190315,2803.506378889084,1988.3046181201935,9.777067184448242,153.8368682861328,527.0950725594082,1.0312223575641835,156.84289461417592,2804.3593279123306,1992.6406670808792,-1626.6406605243683,3.289664747794951,113.22284728548215,cmp,16,matched
16,269082,574359199.987376,2019-03-15 16:13:14.987376,2019-03-15 16:12:54.507048,269088,574359579.7508711,2019-03-15 16:19:34.750871,379.7634950876236,,n0_r1 n1_r1 n3_r1 n5_r1 nb_r1,n0 n1 n3 n5 nb,0.0,10.17131982347136,0.0,10.17131982347136,S,0.0,0.05,0.0,574359179.5070481,False,False,False,False,5111.89436006546,5111.89436006546,A,190315,5111.89436006546,37539.91738784313,-13.49375057220459,-95.25387573242188,537.4791113713641,1.1176000961223398,327.283806446238,5113.566974163055,43.433021903038025,0.0,-4.839376187860056,1.030958854877049,cmp,17,A
17,295251,574477687.545779,2019-03-17 01:08:02.545779,2019-03-17 01:07:54.353650,295257,574477712.122182,2019-03-17 01:08:27.122182,24.57640302181244,,nb_r0 nb_r1,nb,4.248371996069795,5.153630553702627,0.0,5.153630553702627,P,0.3,0.3,0.0,574477679.3536501,False,True,False,True,,4636.749691963196,matched,190317,38031.5149050951,4636.749691963196,-22.97345542907715,32.95883560180664,543.4954868524458,1.533713977072729,244.8507210634931,32618.413580060005,4639.586426854134,-10349.586416363716,-25.17861892412044,8.492326274407247,cmp,18,matched
18,350314,574737260.9760339,2019-03-20 01:14:15.976034,2019-03-20 01:13:58.055733,350329,574737323.9531231,2019-03-20 01:15:18.953123,62.97708916664124,GRB190320052,n6_r1 n7_r1 n8_r1 n9_r1 na_r1 nb_r0 nb_r1,n6 n7 n8 n9 na nb,3.988677781075804,16.0414088311993,0.0,16.0414088311993,R,0.55,0.6,0.0,574737243.0557331,True,False,True,True,,1859.3096259832382,matched,190320,2875.480987071991,1859.3096259832382,22.609970092773438,-173.734130859375,527.4206709442165,1.2007525190376347,63.21598620135115,2878.1156611442566,1863.8843438625336,-1780.884332537651,20.5235221159233,85.82836551281672,cmp,19,matched
19,376856,574866998.951699,2019-03-21 13:16:33.951699,2019-03-21 13:16:09.375329,376864,574867305.836801,2019-03-21 13:21:40.836801,306.8851020336151,,n5_r1 nb_r1,n5 nb,0.0,8.117724574842766,0.0,8.117724574842766,S,0.0,0.05,0.0,574866974.375329,False,False,False,False,5144.663490056992,5144.663490056992,A,190321,5144.663490056992,37514.735422968864,-12.620509147644043,-94.82785034179688,541.6043339308214,1.1152682599281456,329.51818814493174,5148.435253024101,56.56474697589874,0.0,-3.9420879637057133,1.4285233580490944,cmp,20,A
20,378040,574872130.640015,2019-03-21 14:42:05.640015,2019-03-21 14:41:59.495913,378052,574872180.1591051,2019-03-21 14:42:55.159105,49.51909005641937,SFLARE19032161,n2_r0 n4_r0 n4_r1 n5_r0 n5_r1,n2 n4 n5,51.34191310026716,8.07472047320619,0.0,51.34191310026716,R,0.55,0.55,0.0,574872124.495913,True,False,True,True,,10294.78407406807,matched,190321,10294.78407406807,32364.614838957787,-23.027801513671875,-151.8232879638672,542.8198939024588,1.2591819435104785,294.6539223298243,4822.555842995644,32366.44416296482,-616.4441524744034,-20.9662678112746,53.57459794214126,cmp,21,matched
21,409231,575018215.151962,2019-03-23 07:16:50.151962,2019-03-23 07:16:44.519864,409264,575018351.858386,2019-03-23 07:19:06.858386,136.70642399787903,GRB190323303,n0_r1 n1_r1 n6_r0 n6_r1 n7_r1 n8_r1 n9_r0 n9_r1 n9_r2 na_r0 na_r1 nb_r0 nb_r1,n0 n1 n6 n7 n8 n9 na nb,15.8270838133692,35.10724102426793,3.821330443076368,35.10724102426793,R,0.8,0.8,0.8,575018209.5198641,True,False,True,True,,1839.6812529563904,matched,190323,2871.342320084572,1839.6812529563904,11.406595230102539,164.29441833496094,521.7256369050472,1.0515008308309488,152.65394700962753,2874.5797671079636,1843.4202419519424,-1440.4202214479446,6.2199783450756625,103.48499566619573,cmp,22,matched
22,420601,575067923.089176,2019-03-23 21:05:18.089176,2019-03-23 21:05:18.089176,420653,575068138.644657,2019-03-23 21:08:53.644657,215.55548095703125,GRB190323879,n0_r0 n0_r1 n0_r2 n1_r0 n1_r1 n1_r2 n2_r1 n3_r0 n3_r1 n3_r2 n4_r0 n4_r1 n4_r2 n5_r0 n5_r1 n5_r2 n6_r0 n6_r1 n6_r2 n7_r0 n7_r1 n7_r2 n8_r0 n8_r1 n9_r1 na_r0 na_r1 nb_r0 nb_r1,n0 n1 n2 n3 n4 n5 n6 n7 n8 n9 na nb,52.389586667990855,107.30602357729585,15.679066489102048,107.30602357729585,R,0.85,0.9,0.9,575067923.089176,True,False,True,True,,2043.627575993538,matched,190323,34972.585440039635,2043.627575993538,19.06589126586914,-155.77911376953125,535.3644393128741,1.1959260425741578,49.389447300093906,34976.14907002449,2044.8509269952774,-7754.850916624069,19.923498492252598,68.8968591770652,cmp,23,matched
23,428198,575108478.213153,2019-03-24 08:21:13.213153,2019-03-24 08:21:07.581054,428251,575108695.304769,2019-03-24 08:24:50.304769,217.09161603450772,GRB190324348,n0_r0 n0_r1 n0_r2 n1_r0 n1_r1 n1_r2 n2_r0 n2_r1 n2_r2 n3_r1 n4_r1 n4_r2 n5_r0 n5_r1 n6_r1 n7_r1 n8_r0 n8_r1 n9_r0 n9_r1 n9_r2 na_r0 na_r1 na_r2 nb_r0 nb_r1,n0 n1 n2 n3 n4 n5 n6 n7 n8 n9 na nb,28.12034513253909,70.41165827098422,10.017246099694551,70.41165827098422,R,0.85,0.9,0.95,575108472.581054,True,False,True,True,,1590.808485865593,matched,190324,1590.808485865593,3272.3054440021515,25.458133697509766,73.04364776611328,531.667746206744,1.1391480661639395,88.15569846402505,1591.6409509181976,3277.359050989151,1810.640961408615,17.633460410016053,69.58178743088553,cmp,24,matched
24,440174,575160262.996502,2019-03-24 22:44:17.996502,2019-03-24 22:44:13.900427,440220,575160451.41567,2019-03-24 22:47:26.415670,188.41916799545288,GRB190324947,n0_r1 n2_r1 n6_r0 n6_r1 n6_r2 n7_r0 n7_r1 n7_r2 n8_r0 n8_r1 n9_r0 n9_r1 na_r0 na_r1 nb_r0 nb_r1,n0 n2 n6 n7 n8 n9 na nb,37.23652846204303,57.436830683711975,5.377278117805617,57.436830683711975,R,0.95,0.95,1.0,575160258.9004271,True,False,False,True,,1018.4184979200363,matched,190324,3801.148083090782,1018.4184979200363,22.7496337890625,-117.06816101074219,528.0840591499341,1.4167383026664306,115.95916015996694,3804.960329055786,1020.0396769046783,-948.0396664142609,29.250935113952114,41.65178048411131,cmp,25,matched
25,459213,575251144.388279,2019-03-25 23:58:59.388279,2019-03-25 23:58:53.244180,459299,575251489.608494,2019-03-26 00:04:44.608494,345.2202150821686,GRB190325999,n0_r0 n0_r1 n0_r2 n1_r0 n1_r1 n2_r0 n2_r1 n2_r2 n3_r1 n4_r1 n5_r0 n5_r1 n5_r2 n9_r1 na_r1 nb_r1,n0 n1 n2 n3 n4 n5 n9 na nb,13.5647794595961,35.04498175243736,5.71319066420532,35.04498175243736,R,0.9,0.95,0.95,575251138.24418,True,False,True,True,,1590.978607058525,matched,190325,2803.6292819976807,1590.978607058525,25.462820053100586,-171.75001525878906,533.7308802457898,1.2485536622548425,90.46387898537355,2806.304076910019,1593.695927977562,-1446.6959145069122,23.646338907153943,84.97621690005793,cmp,26,matched
26,466482,575289113.816601,2019-03-26 10:31:48.816601,2019-03-26 10:31:28.336286,466485,575289540.983904,2019-03-26 10:38:55.983904,427.16730296611786,,nb_r1,nb,0.0,5.0714540759773605,0.0,5.0714540759773605,P,0.0,0.0,0.0,575289093.3362861,False,False,False,False,5087.317020058632,5087.317020058632,A,190326,5087.317020058632,37567.02810001373,-14.03327751159668,-95.5,537.0596170365438,1.1192840379902091,325.6999165601135,5091.396183013916,33.603821873664856,0.0,-5.39287940010852,0.9850263896772143,cmp,-1,absent
27,477038,575335488.6472781,2019-03-26 23:24:43.647278,2019-03-26 23:24:37.503187,477047,575335525.766291,2019-03-26 23:25:20.766291,37.11901295185089,GRB190326975,n0_r1 n1_r1 n6_r1 n9_r0 n9_r1 na_r1,n0 n1 n6 n9 na,3.292853514180708,10.81704444390076,0.0,10.81704444390076,R,0.8,0.7,0.0,575335482.5031871,True,False,True,True,,1509.1452770233154,matched,190326,1509.1452770233154,2852.605497956276,5.4793572425842285,110.28815460205078,537.6247092233597,0.9821131441032616,12.818695486335534,1512.5631070137024,2855.4368889331818,1918.5631194114685,-3.8581837755251547,88.94436280987449,cmp,27,matched
28,479088,575347158.5350131,2019-03-27 02:39:13.535013,2019-03-27 02:38:45.372959,479098,575347200.006016,2019-03-27 02:39:55.006016,41.47100293636322,GRB190327111,n1_r1 n2_r1 n3_r1 n3_r2 n4_r1 n6_r1 n7_r1 n7_r2 n8_r1 n9_r1 na_r1,n1 n2 n3 n4 n6 n7 n8 n9 na,0.0,14.987502231945465,4.68703283585852,14.987502231945465,R,0.0,0.65,0.45,575347130.372959,True,False,True,True,,1200.145931005478,matched,190327,1200.145931005478,3275.335172057152,11.54454231262207,74.48332214355469,537.9743093211044,1.0102771754263422,27.717448316395352,1200.4328850507736,3276.5671169757843,1450.432893395424,3.6537164525600323,61.522557870254275,cmp,28,matched
29,481890,575361365.375902,2019-03-27 06:36:00.375902,2019-03-27 06:35:39.895532,481894,575361381.760184,2019-03-27 06:36:16.760184,16.384281992912292,,n1_r1,n1,0.0,3.924832174941528,0.0,3.924832174941528,P,0.0,0.65,0.0,575361344.895532,False,True,False,True,,1269.7820459604263,matched,190327,3539.00095307827,1269.7820459604263,-10.375633239746094,-168.8248291015625,524.333653795117,1.1045095860313885,204.73945526566038,3541.955456018448,1272.0445439815521,-913.044531583786,-11.233874662738993,72.03160122685769,cmp,29,matched
30,484667,575374784.468979,2019-03-27 10:19:39.468979,2019-03-27 10:19:31.276855,484681,575375023.3373641,2019-03-27 10:23:38.337364,238.86838507652283,,nb_r1,nb,0.0,6.60651158645751,0.0,6.60651158645751,P,0.0,0.0,0.0,575374776.276855,False,False,False,False,5193.811924934387,5193.811924934387,A,190327,5193.811924934387,37480.31005311012,-11.51013469696045,-93.927490234375,535.7029622108638,1.1135593874673313,332.3739328970523,5194.336784005165,63.66322100162506,0.0,-2.7807501415353486,1.4532989007585388,cmp,30,A
31,545515,575656773.819233,2019-03-30 16:39:28.819233,2019-03-30 16:39:28.819233,545552,575656927.036517,2019-03-30 16:42:02.036517,153.2172840833664,GRB190330694,n0_r0 n0_r1 n0_r2 n1_r0 n1_r1 n2_r0 n2_r1 n2_r2 n3_r1 n4_r1 n5_r1 n6_r0 n6_r1 n8_r1 n9_r0 n9_r1 na_r0 na_r1 nb_r1,n0 n1 n2 n3 n4 n5 n6 n8 n9 na nb,18.123818039993964,36.2482780898443,5.856903288930529,36.2482780898443,R,0.8,1.0,1.0,575656773.819233,True,False,True,True,,6481.2747230529785,matched,190330,30538.52180683613,6481.2747230529785,20.21336555480957,-59.75604248046875,535.7511351370935,1.4637000112698493,126.56584954032832,30538.87915790081,6483.1208370924,-12193.120826601982,29.30927967159103,20.21571711919118,cmp,31,matched
32,571127,575781624.2574949,2019-04-01 03:20:19.257495,2019-04-01 03:20:13.625408,571178,575781834.6928501,2019-04-01 03:23:49.692850,210.4353551864624,GRB190401139,n2_r1 n3_r0 n3_r1 n4_r0 n4_r1 n5_r1 n6_r0 n6_r1 n7_r0 n7_r1 n8_r0 n8_r1 n9_r0 n9_r1 na_r0 na_r1 nb_r0 nb_r1,n2 n3 n4 n5 n6 n7 n8 n9 na nb,40.00818229458378,43.3910282109193,0.0,43.3910282109193,R,0.95,0.9,0.0,575781618.6254079,True,False,True,True,,1658.9062378406525,matched,190401,1658.9062378406525,3138.214344024658,25.350406646728516,83.25785827636719,538.7124104601816,1.123313726918065,84.45716070349975,1659.685331940651,3142.314696073532,1881.6853433847427,16.762330126450212,76.54714812058816,cmp,32,matched
33,574353,575796928.4847901,2019-04-01 07:35:23.484790,2019-04-01 07:34:50.716230,574354,575796932.580858,2019-04-01 07:35:27.580858,4.096067905426025,,n6_r1 nb_r1,n6 nb,0.0,6.684530566348793,0.0,6.684530566348793,S,0.0,0.0,0.0,575796895.7162299,False,False,False,False,5132.373543858528,5132.373543858528,A,190401,5132.373543858528,37528.33649420738,-12.990229606628418,-94.59982299804688,527.6363207976398,1.1166542479181014,328.52677638428315,5133.776125907898,38.223873138427734,0.0,-4.297529912565092,1.071549988600454,cmp,-1,absent
34,633856,576073467.0139041,2019-04-04 12:24:22.013904,2019-04-04 12:24:09.725704,633869,576073520.2627671,2019-04-04 12:25:15.262767,53.248862981796265,,n0_r0 n0_r1 n1_r0 n1_r1 n2_r1 n3_r1 n5_r0 n5_r1,n0 n1 n2 n3 n5,9.21011994731607,12.196664378248697,0.0,12.196664378248697,R,0.05,0.15,0.0,576073454.725704,False,True,False,True,,11989.191950082779,matched,190404,25015.765011906624,11989.191950082779,16.201723098754883,-20.51220703125,538.2133193775383,1.1160007989771015,139.6399331202967,25017.78562796116,11990.214372038841,-17700.214361548424,21.777524058384817,18.786808536261496,cmp,33,matched
35,634496,576076088.4995221,2019-04-04 13:08:03.499522,2019-04-04 13:07:55.307378,634500,576076104.8838121,2019-04-04 13:08:19.883812,16.384289979934692,,n9_r0 n9_r1 na_r1,n9 na,3.7707046594613782,5.661753698112503,0.0,5.661753698112503,R,0.0,0.0,0.0,576076080.307378,False,True,False,True,,9363.61027598381,matched,190404,27641.346686005592,9363.61027598381,-20.61498260498047,133.79275512695312,527.3228915281245,1.3984065220125188,305.17768598287387,27643.367302060127,9364.632697939873,-15074.632687449455,-28.915970177862846,97.5909061536008,cmp,34,matched
36,635042,576078329.048334,2019-04-04 13:45:24.048334,2019-04-04 13:45:07.664076,635092,576078533.851439,2019-04-04 13:48:48.851439,204.8031049966812,,n0_r0 n0_r1 n1_r0 n1_r1 n2_r0 n2_r1 n3_r0 n3_r1 n4_r1 n5_r0 n5_r1 n6_r0 n6_r1 n7_r0 n7_r1 n8_r0 n8_r1 n9_r0 n9_r1 na_r1 nb_r0 nb_r1,n0 n1 n2 n3 n4 n5 n6 n7 n8 n9 na nb,33.10672947772178,53.03570908747849,0.0,53.03570908747849,R,0.6,0.6,0.0,576078312.664076,False,True,False,True,,7131.253578066826,matched,190404,29873.703383922577,7131.253578066826,25.44636344909668,-97.85577392578125,535.7434491312713,1.6389611851180792,86.21748251772001,29875.72399997711,7132.276000022888,-12842.27598965168,33.82965268438567,34.30243386829639,cmp,35,matched
37,653189,576163975.3783721,2019-04-05 13:32:50.378372,2019-04-05 13:32:42.186251,653208,576164053.203555,2019-04-05 13:34:08.203555,77.82518291473389,,n2_r1 n3_r1 n4_r0 n4_r1 n5_r1 n7_r1 na_r1,n2 n3 n4 n5 n7 na,5.272506090786005,17.80834312530481,0.0,17.80834312530481,R,0.1,0.0,0.0,576163967.186251,False,False,False,False,7045.235900044441,7045.235900044441,other,190405,29983.217824935913,7045.235900044441,25.51156997680664,-97.10311889648438,534.9367699288933,1.6469695246669156,91.0837938657357,29986.246182084084,7046.75382399559,-12756.753813624382,33.95041605266985,34.09100772676409,cmp,36,other
38,669111,576240447.8862,2019-04-06 10:47:22.886200,2019-04-06 10:47:12.132193,669112,576240452.492453,2019-04-06 10:47:27.492453,4.606253027915955,GRB190406450,n3_r0 n3_r1 n4_r0,n3 n4,5.6124525558538645,3.843302619340064,0.0,5.6124525558538645,R,0.0,0.0,0.0,576240437.1321931,True,False,True,True,,16155.891956925392,matched,190406,26501.719513058662,16155.891956925392,-20.97900390625,79.57927703857422,537.6154052377439,1.4303866593298535,236.15595052468996,20935.19212412834,16158.807881951332,15225.19213461876,-29.178312483905426,50.80505558250309,cmp,37,matched
39,671344,576249596.942503,2019-04-06 13:19:51.942503,2019-04-06 13:19:47.846444,671372,576249711.632218,2019-04-06 13:21:46.632218,114.68971502780914,,n0_r0 n0_r1 n1_r1 n2_r1 n3_r1 n5_r0 n5_r1 n6_r0 n6_r1 n7_r0 n7_r1 n8_r1 n9_r0 n9_r1 nb_r0 nb_r1,n0 n1 n2 n3 n5 n6 n7 n8 n9 nb,17.661294052551607,29.54351294594474,0.0,29.54351294594474,R,0.2,0.15,0.0,576249592.846444,False,False,False,False,7000.177706003189,7000.177706003189,other,190406,35657.433763980865,7000.177706003189,25.455007553100586,-98.18838500976562,533.8097623901638,1.63705187377592,94.17929347192602,30090.906375050545,7003.093631029129,-12713.09362065792,33.813127705468276,34.43453194959428,cmp,38,other
40,674684,576265956.6192131,2019-04-06 17:52:31.619213,2019-04-06 17:52:25.987118,674711,576266068.74896,2019-04-06 17:54:23.748960,112.12974691390993,GRB190406745,n0_r1 n2_r1 n3_r0 n3_r1 n4_r0 n4_r1 n5_r1 n6_r1 n7_r1,n0 n2 n3 n4 n5 n6 n7,10.354178237423502,19.46730551735801,0.0,19.46730551735801,R,0.3,0.65,0.0,576265950.987118,True,False,True,True,,2048.0350999832153,matched,190406,2048.0350999832153,2314.972771048546,18.163305282592773,140.941650390625,525.8227928717359,1.0612857267880897,46.29698174863292,2052.0470420122147,2316.9529579877853,-2163.9529465436935,10.313818145618411,121.43971400848335,cmp,39,matched
41,682171,576304711.202073,2019-04-07 04:38:26.202073,2019-04-07 04:38:13.913847,682178,576304739.874561,2019-04-07 04:38:54.874561,28.67248797416687,,nb_r1,nb,0.0,5.978576013374473,0.0,5.978576013374473,P,0.0,0.0,0.0,576304698.9138471,False,False,False,False,5177.427687048912,5177.427687048912,A,190407,5177.427687048912,37489.485942959785,-11.989249229431152,-93.78469848632812,524.7171738127499,1.1148410371680868,331.2198853551791,5177.973776102066,44.02622389793396,0.0,-3.250820590048098,1.0856344184001494,cmp,40,A
42,690165,576337724.219028,2019-04-07 13:48:39.219028,2019-04-07 13:48:27.313323,690168,576337736.8897411,2019-04-07 13:48:51.889741,12.670713067054749,GRB190407575,n3_r1 n6_r0 n6_r1 n9_r1,n3 n6 n9,3.267786806167188,7.083005016274971,0.0,7.083005016274971,R,0.55,0.55,0.0,576337712.313323,True,False,True,True,,4476.086467027664,matched,190407,38190.82716298103,4476.086467027664,-24.52264404296875,44.767005920410156,538.3072938475045,1.5612376480051364,254.28501557075185,32723.373246073723,4478.626747965813,-10188.626737475395,-28.53323371119726,18.73049419753341,cmp,41,matched
43,691891,576346054.054014,2019-04-07 16:07:29.054014,2019-04-07 16:07:17.276371,691896,576346075.0448749,2019-04-07 16:07:50.044875,20.99086093902588,GRB190407672,n6_r0 n6_r1 n7_r1 n9_r0 n9_r1 na_r0 na_r1 nb_r1,n6 n7 n9 na nb,8.063414871682378,9.37161104927866,0.0,9.37161104927866,R,0.55,0.7,0.0,576346042.276371,True,False,True,True,,1964.5870621204376,matched,190407,2596.9078530073166,1964.5870621204376,21.961355209350586,174.1609344482422,526.4595574170601,1.1594664926200986,60.13064151867014,2597.336299061775,1966.6636979579926,-1858.663689494133,18.04440332590027,96.4792557077698,cmp,42,matched
44,707797,576420696.0709361,2019-04-08 12:51:31.070936,2019-04-08 12:51:14.686682,707878,576421030.92392,2019-04-08 12:57:05.923920,334.8529839515686,LOCLPAR1904085,n0_r0 n0_r1 n1_r0 n1_r1 n2_r0 n2_r1 n3_r0 n3_r1 n4_r0 n4_r1 n5_r0 n5_r1 n6_r0 n6_r1 n7_r0 n7_r1 n8_r0 n8_r1 n9_r0 n9_r1 na_r0 na_r1 nb_r0 nb_r1,n0 n1 n2 n3 n4 n5 n6 n7 n8 n9 na nb,118.17292108325658,181.53110718666264,0.0,181.53110718666264,R,0.3,0.25,0.0,576420679.686682,True,False,True,True,,7102.099524021149,matched,190408,35582.533931970596,7102.099524021149,25.550790786743164,-111.20724487304688,529.8390110877078,1.539023555819125,89.92287369649495,35583.74660694599,7106.2533930540085,-12816.253382563591,32.700609621597536,40.466042501565795,cmp,43,matched
45,708116,576422006.331919,2019-04-08 13:13:21.331919,2019-04-08 13:12:40.371266,708146,576422129.213887,2019-04-08 13:15:24.213887,122.88196802139282,,n0_r2 n1_r2 n5_r2 n6_r2 n9_r2 nb_r1 nb_r2,n0 n1 n5 n6 n9 nb,0.0,9.838163524010634,9.313776934585237,9.838163524010634,R,0.0,0.2,0.15,576421965.3712661,False,False,False,False,5816.414939880371,5816.414939880371,B,190408,36868.218516111374,5816.414939880371,3.8880279064178467,-34.766204833984375,538.4491860387473,1.1135618924630961,170.9650983058812,36869.43119108677,5820.568808913231,-11530.568798422813,11.232189844173265,2.8234615284252698,cmp,44,B
46,724000,576497717.6658759,2019-04-09 10:15:12.665876,2019-04-09 10:13:17.975903,724031,576497844.6440771,2019-04-09 10:17:19.644077,126.97820115089417,,n0_r0 n1_r0 n2_r0 n6_r0 n9_r0 n9_r1 na_r0,n0 n1 n2 n6 n9 na,38.60280106377871,10.22231443476071,0.0,38.60280106377871,R,0.3,0.15,0.0,576497602.975903,False,False,False,False,10051.747365951538,10051.747365951538,other,190409,26960.309759020805,10051.747365951538,-25.388656616210938,94.29435729980469,540.2498387351625,1.6067967022878586,263.5547088468494,26962.035827040672,10056.964172005653,-15766.964161515236,-34.47575687430246,62.519441731928666,cmp,45,other
47,740757,576577585.4812751,2019-04-10 08:26:20.481275,2019-04-10 08:22:55.677727,740759,576577593.673414,2019-04-10 08:26:28.673414,8.192138910293579,,n1_r0 n9_r0 n9_r1 na_r0 nb_r0,n1 n9 na nb,31.058858768047752,7.408189067822189,0.0,31.058858768047752,R,0.05,0.15,0.0,576577380.677727,False,False,False,False,15806.72550201416,15806.72550201416,other,190410,21193.052954912186,15806.72550201416,-24.939599990844727,108.1739273071289,542.212485275832,1.5800067832641853,257.6353467001649,21194.737650990486,15812.262341976166,15484.737661480904,-34.288465394682994,74.52682253227442,cmp,46,other
48,760246,576668751.549222,2019-04-11 09:45:46.549222,2019-04-11 09:45:36.821052,760251,576668773.565598,2019-04-11 09:46:08.565598,22.01637601852417,GRB190411407,n0_r1 n0_r2 n1_r1 n1_r2 n2_r1 n2_r2 n6_r1 n6_r2 n8_r2 n9_r1 n9_r2 na_r1 na_r2,n0 n1 n2 n6 n8 n9 na,0.0,13.8441094052725,10.791697638366742,13.8441094052725,R,0.0,0.7,0.7,576668741.8210521,True,False,True,True,,10024.150364875793,matched,190411,27009.468695998192,10024.150364875793,-25.358427047729492,84.72716522216797,543.2768674726965,1.6022651645913293,262.6030959468542,27010.88097512722,10028.119021892548,-15738.11901140213,-33.926843801308124,54.20552725961994,cmp,47,matched
49,763605,576683641.2991,2019-04-11 13:53:56.299100,2019-04-11 13:53:46.570958,763627,576683732.948461,2019-04-11 13:55:27.948461,91.64936101436616,GRB190411579,n0_r1 n1_r0 n1_r1 n2_r0 n2_r1 n5_r0 n5_r1 n9_r1,n0 n1 n2 n5 n9,9.346035260250886,17.967068101416036,0.0,17.967068101416036,R,0.1,0.75,0.0,576683631.570958,True,False,True,True,,938.8562690019608,matched,190411,3743.805788040161,938.8562690019608,21.373790740966797,-115.28854370117188,528.9096813523403,1.3911083782315838,122.4823809370403,3746.6308810710907,940.3691170215607,-848.3691055774689,28.096532179397286,39.52062242901264,cmp,48,matched
50,771787,576726818.220988,2019-04-12 01:53:33.220988,2019-04-12 01:52:56.356346,771791,576726834.605265,2019-04-12 01:53:49.605265,16.38427698612213,,nb_r1,nb,0.0,5.556437101439148,0.0,5.556437101439148,P,0.0,0.2,0.0,576726781.356346,False,False,False,False,5075.025482058525,5075.025482058525,A,190412,5075.025482058525,37574.18577301502,-14.408390998840332,-96.58197021484375,531.909133256171,1.1197010510926009,324.8631805066092,5078.416277050972,54.583725929260254,0.0,-5.835096219871441,2.0226640281632102,cmp,-1,absent
51,789972,576812501.524514,2019-04-13 01:41:36.524514,2019-04-13 01:41:11.948012,789984,576812719.27363,2019-04-13 01:45:14.273630,217.749116063118,,n8_r1 n9_r1 nb_r1,n8 n9 nb,0.0,10.557690494851768,0.0,10.557690494851768,S,0.0,0.0,0.0,576812476.948012,False,False,False,False,5193.824090003967,5193.824090003967,A,190413,5193.824090003967,37471.58319699764,-11.583699226379395,-94.25808715820312,531.7268612314639,1.1132837271837017,332.34286481937795,5195.007941961288,72.99206304550171,0.0,-2.8734201992513118,1.6894892340430714,cmp,50,A
52,815936,576929772.4975271,2019-04-14 10:16:07.497527,2019-04-14 10:15:14.248533,815951,576929833.938674,2019-04-14 10:17:08.938674,61.44114685058594,,n2_r2 n7_r2 n8_r2 n9_r2 na_r2 nb_r1 nb_r2,n2 n7 n8 n9 na nb,0.0,7.797681225765346,8.15386085374913,8.15386085374913,R,0.0,0.15,0.1,576929719.248533,False,False,False,False,5824.627457022667,5824.627457022667,B,190414,36872.91769492626,5824.627457022667,3.9782745838165283,-36.3505859375,531.5223158590317,1.1160519050819735,170.77791432250794,36874.30846297741,5829.691542983055,-11539.691532492638,11.480054935640105,2.5291219875720654,cmp,51,B
53,829072,576994191.42907,2019-04-15 04:09:46.429070,2019-04-15 04:09:40.843574,829123,576994401.911959,2019-04-15 04:13:16.911959,210.48288905620572,GRB190415173,n0_r0 n0_r1 n0_r2 n1_r0 n1_r1 n1_r2 n2_r0 n2_r1 n2_r2 n3_r0 n3_r1 n3_r2 n4_r0 n4_r1 n4_r2 n5_r0 n5_r1 n5_r2 n6_r0 n6_r1 n6_r2 n7_r1 n7_r2 n8_r1 n8_r2 n9_r1 na_r0 na_r1 nb_r1,n0 n1 n2 n3 n4 n5 n6 n7 n8 n9 na nb,30.30033699893098,106.1192201973132,40.39592540102751,106.1192201973132,R,0.9,0.95,0.95,576994185.843574,True,False,True,True,,15794.48964202404,matched,190415,15794.48964202404,21212.02074599266,-25.331518173217773,156.9098358154297,545.3058900017857,1.5161189686998064,278.4434741929023,15795.903506040573,21213.09650194645,10085.90351653099,-31.155520489961184,97.94778453032748,cmp,52,matched
54,879610,577234629.176326,2019-04-17 22:57:04.176326,2019-04-17 22:56:10.927192,879612,577234966.8046991,2019-04-17 23:02:41.804699,337.62837302684784,,n5_r1 n5_r2 n7_r1 nb_r1,n5 n7 nb,0.0,8.783829476737074,3.286812661483556,8.783829476737074,R,0.0,0.15,0.3,577234575.927192,False,False,False,False,5111.91293990612,5111.91293990612,A,190417,5111.91293990612,37546.460175037384,-13.584467887878418,-95.8892822265625,540.2865731491601,1.1172348510307821,327.1753322954932,5111.987116932869,60.01288199424744,0.0,-4.969093927526649,1.4892305463755282,cmp,53,A
55,907304,577360545.2036531,2019-04-19 09:55:40.203653,2019-04-19 09:55:34.571537,907368,577360807.735913,2019-04-19 10:00:02.735913,262.5322599411011,GRB190419414,n0_r0 n0_r1 n0_r2 n1_r0 n1_r1 n2_r0 n2_r1 n3_r1 n4_r1 n5_r1 n6_r0 n6_r1 n6_r2 n7_r1 n8_r1 n9_r0 n9_r1 n9_r2 na_r0 na_r1 nb_r1,n0 n1 n2 n3 n4 n5 n6 n7 n8 n9 na nb,20.28434201048147,40.17156519646183,5.860713910781666,40.17156519646183,R,0.85,0.95,0.95,577360539.571537,True,False,True,True,,1520.8000010252,matched,190419,1520.8000010252,2999.0305240154266,-1.9415602684020996,114.08775329589844,536.5837398574755,1.0144566922784197,355.51804938647933,1520.8314290046692,3003.1685400009155,-2890.168559551239,-11.2254634403454,89.14698345215251,cmp,54,matched
56,929036,577465709.717224,2019-04-20 15:08:24.717224,2019-04-20 15:08:16.525062,929052,577465775.2545561,2019-04-20 15:09:30.254556,65.53733205795288,,n4_r1 n8_r1,n4 n8,0.0,9.830108191611304,0.0,9.830108191611304,S,0.0,0.3,0.0,577465701.5250621,False,True,False,True,,1511.4537899494171,matched,190420,3051.583874106407,1511.4537899494171,11.912932395935059,-175.54312133789062,521.1213638481822,1.0834072831271813,151.565593253879,3053.9849860668182,1516.0150139331818,-1057.0150034427643,9.688593611321267,84.43334172830512,cmp,55,matched
57,934485,577492377.540127,2019-04-20 22:32:52.540127,2019-04-20 22:32:44.347955,934491,577492402.116667,2019-04-20 22:33:17.116667,24.576539993286133,,n6_r0 n6_r1 n7_r0 n7_r1 n8_r0 n9_r0 n9_r1 nb_r0 nb_r1,n6 n7 n8 n9 nb,17.046999588755153,8.680863695601237,0.0,17.046999588755153,R,0.0,0.0,0.0,577492369.347955,False,True,False,True,,6230.145213007927,matched,190420,6230.145213007927,30768.123517036438,14.043001174926758,-51.65289306640625,532.788812225866,1.2624315175760707,34.03658589886601,6230.8078780174255,30773.192119956017,520.807888507843,22.739421341129503,12.932581738029914,cmp,56,matched
58,935356,577495952.207299,2019-04-20 23:32:27.207299,2019-04-20 23:32:12.037816,935358,577495960.590286,2019-04-20 23:32:35.590286,8.382987022399902,GRB190420981,n6_r1,n6,0.0,3.7389612117968767,0.0,3.7389612117968767,P,0.0,0.55,0.0,577495937.037816,True,False,True,True,,9797.835074067116,matched,190420,9797.835074067116,27200.43365597725,-25.205120086669922,160.1426239013672,540.450607456351,1.499616941662883,259.45249101484313,9798.497739076614,27205.502258896828,4088.497749567032,-30.599241362739342,95.33627066967901,cmp,57,matched
59,966105,577641909.008729,2019-04-22 16:05:04.008729,2019-04-22 16:04:54.280525,966111,577641935.121297,2019-04-22 16:05:30.121297,26.112568020820618,GRB190422670,na_r1 nb_r1,na nb,0.0,7.400949698539898,0.0,7.400949698539898,S,0.0,0.45,0.0,577641899.280525,True,False,True,True,,2080.811905860901,matched,190422,2080.811905860901,2699.127067089081,24.09080696105957,112.04074096679688,525.4848781104846,1.1018877482889826,109.60628308914707,2083.7404469251633,2701.2595530748367,2305.7404564619064,14.7706174474625,98.44660276750561,cmp,58,matched
60,968123,577652316.100524,2019-04-22 18:58:31.100524,2019-04-22 18:58:22.908332,968124,577652320.196609,2019-04-22 18:58:35.196609,4.096085071563721,,n0_r1 n2_r1 n2_r2 n4_r1 n9_r1 na_r1,n0 n2 n4 n9 na,0.0,7.620915297934541,3.598030839503972,7.620915297934541,R,0.0,0.55,0.55,577652307.9083321,False,False,False,False,671.7573660612106,671.7573660612106,other,190422,671.7573660612106,41985.67186188698,18.249189376831055,-0.49896240234375,534.2053194141024,1.0975287462292622,46.24918397197262,672.3682560920715,4420.231745839119,855.3682676553726,20.86733756560092,29.17573723900638,cmp,59,other
61,971483,577666566.6647191,2019-04-22 22:56:01.664719,2019-04-22 22:55:57.568642,971530,577666762.252498,2019-04-22 22:59:17.252498,195.5877789258957,GRB190422957,n6_r0 n6_r1 n7_r0 n7_r1 n8_r0 n8_r1 nb_r1,n6 n7 n8 nb,12.175944722010769,12.579144162942123,0.0,12.579144162942123,R,0.45,0.4,0.0,577666562.568642,True,False,True,True,,14926.417675971985,matched,190422,14926.417675971985,27731.011551976204,-18.18363380432129,118.6260986328125,530.0427369618983,1.322387357595927,226.04898825515835,9357.42856502533,27732.57146000862,3647.428575396538,-27.340260140724585,86.13629073510639,cmp,60,matched
62,987358,577742395.347401,2019-04-23 19:59:50.347401,2019-04-23 19:59:17.578739,987369,577742697.921838,2019-04-23 20:04:52.921838,302.5744370222092,,n2_r1 n2_r2 n4_r1 n5_r1 n5_r2 n6_r1 n6_r2 n8_r1 n8_r2 na_r1 nb_r1 nb_r2,n2 n4 n5 n6 n8 na nb,0.0,16.569874346633558,8.445653980093171,16.569874346633558,R,0.0,0.15,0.05,577742362.578739,False,False,False,False,5140.583724975586,5140.583724975586,A,190423,5140.583724975586,37523.67883503437,-12.901233673095703,-95.58157348632812,540.5161336626088,1.1152494133712412,329.00912483393677,5141.4386640787125,72.56133794784546,0.0,-4.268133796690923,1.6869483709340778,cmp,61,A
63,1064684,578103374.861204,2019-04-28 00:16:09.861204,2019-04-28 00:15:53.476928,1064715,578103501.839403,2019-04-28 00:18:16.839403,126.97819900512695,,n0_r0 n0_r1 n1_r0 n1_r1 n2_r0 n2_r1 n3_r0 n3_r1 n4_r0 n4_r1 n5_r0 n5_r1 n6_r0 n6_r1 n7_r0 n7_r1 n8_r0 n8_r1 n9_r0 n9_r1 na_r0 na_r1 nb_r0 nb_r1,n0 n1 n2 n3 n4 n5 n6 n7 n8 n9 na nb,33.82551463638344,32.79842155735743,0.0,33.82551463638344,R,0.3,0.25,0.0,578103358.476928,False,True,False,True,,13111.51326406002,matched,190428,23925.131811976433,13111.51326406002,23.671920776367188,-97.86618041992188,538.1550641944619,1.575504564398556,67.99746985593275,23928.33685696125,13114.663148999214,18218.336867451668,32.06046150432873,32.694636817613016,cmp,63,matched
64,1078239,578170096.1801441,2019-04-28 18:48:11.180144,2019-04-28 18:48:05.548060,1078255,578170163.253175,2019-04-28 18:49:18.253175,67.07303094863892,GRB190428783,n0_r0 n0_r1 n1_r0 n1_r1 n2_r1 n3_r0 n3_r1 n4_r1 n5_r0 n5_r1 na_r0 na_r1 nb_r1,n0 n1 n2 n3 n4 n5 na nb,10.702011030890528,25.76988100530979,0.0,25.76988100530979,R,0.9,0.9,0.0,578170090.54806,True,False,True,True,,10688.484606027603,matched,190428,10688.484606027603,31970.43301808834,-16.486370086669922,-125.84039306640625,533.0023110369989,1.1328571674850592,319.06921470887727,5155.407985091209,31971.59201991558,-142.5920045375824,-10.75510047878613,29.93702162775263,cmp,64,matched
65,1095169,578250226.331763,2019-04-29 17:03:41.331763,2019-04-29 17:03:12.659313,1095171,578250424.2715801,2019-04-29 17:06:59.271580,197.939817070961,,n5_r1,n5,0.0,4.459983759257568,0.0,4.459983759257568,P,0.0,0.05,0.0,578250197.6593131,False,False,False,False,5218.388089060783,5218.388089060783,A,190429,5218.388089060783,37456.45474898815,-10.970359802246094,-92.59869384765625,532.1293831977563,1.1142842266279291,333.9403761752878,5219.519236087799,38.48076391220093,0.0,-2.1673499225644384,1.0013731214899966,cmp,65,A
66,1095798,578252999.6745961,2019-04-29 17:49:54.674596,2019-04-29 17:49:39.314331,1095803,578253020.1549671,2019-04-29 17:50:15.154967,20.48037099838257,GRB190429743,n9_r1 na_r1 nb_r1,n9 na nb,0.0,6.612114590891923,0.0,6.612114590891923,S,0.0,0.45,0.0,578252984.314331,True,False,True,True,,8005.043107032776,matched,190429,8005.043107032776,34669.79973101616,12.677940368652344,71.41485595703125,530.8304259221013,1.0192427025144972,149.55624569244748,2563.174255013466,34672.82574594021,2296.174264550209,5.058242419954963,59.89863714687614,cmp,66,matched
67,1121127,578367480.2762821,2019-05-01 01:37:55.276282,2019-05-01 01:37:10.219518,1121140,578367533.525178,2019-05-01 01:38:48.525178,53.24889588356018,,n3_r2 n4_r2 n5_r1 n5_r2 n6_r1 n6_r2 n8_r2 n9_r2 nb_r1 nb_r2,n3 n4 n5 n6 n8 n9 nb,0.0,11.04737454112244,8.87746754498666,11.04737454112244,R,0.0,0.0,0.0,578367435.219518,False,False,False,False,5812.317330121994,5812.317330121994,B,190501,36889.1672039032,5812.317330121994,3.6642353534698486,-35.49932861328125,530.3013076329734,1.1148172229233848,171.5132439671869,36892.07944595814,5817.920558094978,-11527.92054760456,11.083362703637036,2.542807557554432,cmp,67,B
68,1141194,578462497.528154,2019-05-02 04:01:32.528154,2019-05-02 04:01:20.302619,1141201,578462526.263293,2019-05-02 04:02:01.263293,28.73513901233673,GRB190502168,n0_r0 n0_r1 n3_r0 n3_r1 n4_r0 n4_r1 n6_r1 n7_r1,n0 n3 n4 n6 n7,10.047541283070402,10.773781109816738,0.0,10.773781109816738,R,0.65,0.55,0.0,578462485.302619,True,False,True,True,,2199.023849964142,matched,190502,2248.738051891327,2199.023849964142,19.164527893066406,154.0228271484375,535.4473695295271,1.0884674065716888,49.36572781171849,2252.162539958954,2201.837458014488,-2072.837450504303,12.631487233330784,114.57270072089854,cmp,68,matched
69,1181506,578656661.764602,2019-05-04 09:57:36.764602,2019-05-04 09:57:31.132512,1181512,578656686.851275,2019-05-04 09:58:01.851275,25.08667302131653,GRB190504415,n3_r1 n4_r1,n3 n4,0.0,5.926766975238906,0.0,5.926766975238906,S,0.0,0.35,0.0,578656656.1325121,True,False,True,True,,1299.4772820472717,matched,190504,1299.4772820472717,3497.7629959583282,22.384614944458008,60.328487396240234,534.3424714001346,1.1228521770185895,61.80353736439655,1300.9924371242523,3502.0075619220734,1520.9924465417862,15.8604058533628,59.47643403169355,cmp,69,matched
70,1215087,578812030.322161,2019-05-06 05:07:05.322161,2019-05-06 05:06:55.195672,1215155,578812307.831038,2019-05-06 05:11:42.831038,277.5088770389557,SFLARE19050621,n0_r0 n0_r1 n1_r0 n1_r1 n2_r0 n2_r1 n3_r0 n3_r1 n4_r0 n4_r1 n5_r0 n5_r1,n0 n1 n2 n3 n4 n5,462.4292314876234,96.1644929402684,0.0,462.4292314876234,R,0.8,0.85,0.0,578812020.195672,True,False,True,True,,1078.2091999053955,matched,190506,3249.3171960115433,1078.2091999053955,14.173918724060059,-152.19161987304688,538.0096334222417,1.140222215335906,145.4638908260915,3251.055564045906,1080.9444019794464,-802.9444234371185,15.681345813323343,63.75548587082143,cmp,70,matched
71,1221284,578843573.599868,2019-05-06 13:52:48.599868,2019-05-06 13:51:11.318445,1221322,578843729.2501631,2019-05-06 13:55:24.250163,155.65029501914978,SFLARE19050657,n0_r0 n1_r0 n2_r0 n3_r0 n4_r0 n5_r0 n5_r1,n0 n1 n2 n3 n4 n5,82.57532455128977,11.84474293301396,0.0,82.57532455128977,R,0.55,0.3,0.0,578843476.318445,True,False,True,True,,5185.619842886925,matched,190506,5185.619842886925,37535.82194805145,-12.35807991027832,-101.48599243164062,524.4367385992065,1.1074151576195514,330.2974090950753,5186.178375005722,31953.421633005142,0.0,-4.135473301345578,7.046400044439953,cmp,71,matched
72,1224723,578857670.2786851,2019-05-06 17:47:45.278685,2019-05-06 17:47:28.894385,1224745,578857763.4643301,2019-05-06 17:49:18.464330,93.1856449842453,SFLARE19050674,n1_r0 n1_r1 n2_r0 n2_r1 n3_r0 n3_r1 n4_r0 n4_r1 n5_r0 n5_r1,n1 n2 n3 n4 n5,69.18285444006582,13.880863608584535,0.0,69.18285444006582,R,0.4,0.45,0.0,578857653.894385,True,False,True,True,,19363.195782899857,matched,190506,19363.195782899857,23358.24600803852,14.332901000976562,13.123750686645508,538.2034841323477,1.0661678239209693,145.0200008123746,19363.754315018654,17775.84569299221,13653.754325389862,14.820073698447063,31.388869932995703,cmp,72,matched
73,1229005,578875224.2078661,2019-05-06 22:40:19.207866,2019-05-06 22:39:30.054992,1229039,578875363.474346,2019-05-06 22:42:38.474346,139.26647996902466,,n0_r1 n0_r2 n1_r2 n2_r1 n2_r2 n3_r2 n4_r1 n4_r2 n5_r1 n5_r2 n6_r1 n6_r2 n7_r1 n7_r2 n8_r1 n8_r2 n9_r1 n9_r2 na_r2 nb_r1 nb_r2,n0 n1 n2 n3 n4 n5 n6 n7 n8 n9 na nb,0.0,26.25859624256783,19.5432266792839,26.25859624256783,R,0.0,0.0,0.05,578875175.054992,False,False,False,False,5837.085401058197,5837.085401058197,B,190506,36884.35638988018,5837.085401058197,4.066790580749512,-37.72003173828125,538.0881842019477,1.1182745018376083,170.55023022088972,36884.91492199898,254.6850860118866,-5964.685075521469,11.700181888727577,2.4424490223472173,cmp,73,B
74,1234238,578903304.718355,2019-05-07 06:28:19.718355,2019-05-07 06:28:19.718355,1234246,578903340.045408,2019-05-07 06:28:55.045408,35.32705307006836,GRB190507270,n1_r1 n9_r0 n9_r1 na_r0 na_r1,n1 n9 na,6.201883005218444,8.670086690990885,0.0,8.670086690990885,R,0.3,0.6,0.0,578903304.718355,True,False,True,True,,1606.8842380046844,matched,190507,2958.8960309028625,1606.8842380046844,14.094099044799805,179.4089813232422,537.9834250516817,1.0920250189859557,145.66446913313072,2962.9782779216766,1609.0217250585556,-1151.0217136144638,11.058988460274403,89.75274427289567,cmp,74,matched
75,1242651,578942118.232585,2019-05-07 17:15:13.232585,2019-05-07 17:15:09.907773,1242653,578942125.652953,2019-05-07 17:15:20.652953,7.420368075370789,,na_r1,na,0.0,5.031993501779814,0.0,5.031993501779814,P,0.0,0.55,0.0,578942114.907773,False,True,False,True,,18279.720502972603,matched,190507,18279.720502972603,18725.67616903782,24.578527450561523,-61.03985595703125,531.0541629877498,1.595096100467177,74.64687123732821,18280.167695999146,18727.832296967506,12570.167706489563,33.71896736635911,24.712457508149726,cmp,75,matched
76,1247717,578963794.125768,2019-05-07 23:16:29.125768,2019-05-07 23:16:03.013378,1247768,578964004.560949,2019-05-07 23:19:59.560949,210.4351810216904,GRB190507970,n0_r1 n1_r1 n6_r0 n6_r1 n7_r1 n8_r1 n9_r0 n9_r1 na_r0 na_r1 nb_r0 nb_r1,n0 n1 n6 n7 n8 n9 na nb,22.672859810030857,37.562102816303415,0.0,37.562102816303415,R,0.85,0.9,0.0,578963768.013378,True,False,True,True,,2019.358862042427,matched,190507,2019.358862042427,2838.1607689857483,0.36380940675735474,134.45932006835938,522.24362507529,1.0164564443823365,0.8426323890374937,2022.2733000516891,2839.7266989946365,-2784.7266815900803,-7.950028724082785,108.44509271423358,cmp,76,matched
77,1262847,579036174.1204281,2019-05-08 19:22:49.120428,2019-05-08 19:22:35.296205,1262867,579036257.5778091,2019-05-08 19:24:12.577809,83.45738101005554,GRB190508808,n6_r1 n7_r0 n7_r1 n8_r0 n8_r1 nb_r0 nb_r1,n6 n7 n8 nb,10.183438114475315,16.903033020591025,0.0,16.903033020591025,R,0.7,0.85,0.0,579036160.296205,True,False,True,True,,10243.809677958488,matched,190508,26780.082839012146,10243.809677958488,-23.706937789916992,72.31123352050781,538.7576719796633,1.524180950646582,248.82485338327834,26781.556128025055,10247.443871974945,-15957.443861484528,-31.235512386962903,43.610458559952825,cmp,77,matched
78,1270152,579073447.1113801,2019-05-09 05:44:02.111380,2019-05-09 05:43:51.680969,1270249,579073844.42974,2019-05-09 05:50:39.429740,397.3183598518372,SFL190509239,n0_r0 n0_r1 n1_r0 n1_r1 n2_r0 n2_r1 n3_r0 n3_r1 n4_r0 n4_r1 n5_r0 n5_r1 n6_r0 n7_r0 n8_r0 na_r0 nb_r0,n0 n1 n2 n3 n4 n5 n6 n7 n8 na nb,206.59066856948283,45.15811181611147,0.0,206.59066856948283,R,0.85,0.85,0.0,579073436.680969,True,False,True,True,,1857.372642993927,matched,190509,1857.372642993927,2774.357906103134,25.215269088745117,107.16809844970703,529.3651867073958,1.1138624266321873,81.24790029637299,1858.9408919811249,2779.0591020584106,2091.940901517868,15.865299857447065,94.9177552343031,cmp,78,matched
79,1291594,579175982.637909,2019-05-10 10:12:57.637909,2019-05-10 10:12:53.541847,1291688,579176375.86008,2019-05-10 10:19:30.860080,393.22217094898224,GRB190510430,n1_r1 n4_r0 n4_r1,n1 n4,3.6085442545403614,5.238235446210933,0.0,5.238235446210933,R,0.9,0.95,0.0,579175978.541847,True,False,True,True,,1060.879084944725,matched,190510,1060.879084944725,41599.60764694214,24.158750534057617,20.286865234375,526.0884902981746,1.1515546355989457,71.76584416567482,1062.8017740249634,4152.198225021362,1216.8017864227295,23.338117770120874,43.19595597538622,cmp,79,matched
80,1307861,579251671.919611,2019-05-11 07:14:26.919611,2019-05-11 07:14:21.287517,1307912,579251881.3298091,2019-05-11 07:17:56.329809,209.41019809246063,GRB190511302,n0_r0 n0_r1 n1_r0 n1_r1 n2_r0 n2_r1 n3_r0 n3_r1 n4_r1 n5_r1 n6_r0 n6_r1 n7_r0 n7_r1 n8_r0 n8_r1 n9_r0 n9_r1 na_r0 na_r1 nb_r1,n0 n1 n2 n3 n4 n5 n6 n7 n8 n9 na nb,31.39761253350057,63.58429204343517,0.0,63.58429204343517,R,0.9,0.9,0.0,579251666.2875171,True,False,True,True,,1905.2159669399261,matched,190511,2921.5181950330734,1905.2159669399261,5.206480503082275,157.1049346923828,536.9710290862957,1.0283054651233734,167.85013267867268,2923.547441124916,1906.4525599479675,-1551.4525524377823,-0.8551414780801964,109.06096942822083,cmp,80,matched
81,1332393,579364804.209834,2019-05-12 14:39:59.209834,2019-05-12 14:39:41.289554,1332400,579364834.4183221,2019-05-12 14:40:29.418322,30.2084881067276,GRB190512611,n0_r0 n0_r1 n3_r1,n0 n3,3.8798709818885775,6.367565707978966,0.0,6.367565707978966,R,0.55,0.65,0.0,579364786.289554,True,False,True,True,,18260.363629937172,matched,190512,18747.689261078835,18260.363629937172,24.45294952392578,-25.923187255859375,527.3262094537574,1.2345238148964963,105.92584973849671,18751.549482941628,18266.45055103302,13041.549493312836,30.648286849809942,24.663304300860045,cmp,81,matched
82,1365428,579522666.104814,2019-05-14 10:31:01.104814,2019-05-14 10:30:28.336314,1365494,579522936.444841,2019-05-14 10:35:31.444841,270.34002697467804,,n0_r0 n0_r1 n1_r0 n1_r1 n2_r0 n2_r1 n3_r0 n3_r1 n4_r0 n4_r1 n5_r0 n5_r1 n6_r0 n6_r1 n7_r0 n7_r1 n8_r0 n8_r1 n9_r0 n9_r1 na_r0 na_r1 nb_r0 nb_r1,n0 n1 n2 n3 n4 n5 n6 n7 n8 n9 na nb,85.76532094450745,53.37376184665934,0.0,85.76532094450745,R,0.3,0.25,0.0,579522633.3363141,False,True,False,True,,5509.207682013512,matched,190514,5509.207682013512,31522.800722002983,-5.982016563415527,-98.11666870117188,528.7463398258488,1.1030314657689735,345.9962999592493,5511.596236109734,31524.403757929802,0.0,2.469356343774943,8.274620673022946,cmp,82,matched
83,1366699,579527876.30041,2019-05-14 11:57:51.300410,2019-05-14 11:54:26.497127,1366717,579527950.029573,2019-05-14 11:59:05.029573,73.72916293144226,,n0_r0 n1_r0 n2_r0 n3_r0 n4_r0 n5_r0 n6_r0 n7_r0 n7_r1 n8_r0 n8_r1 n9_r0 na_r0 nb_r0,n0 n1 n2 n3 n4 n5 n6 n7 n8 n9 na nb,98.45064652514498,11.51781959815829,0.0,98.45064652514498,R,0.0,0.2,0.0,579527671.497127,False,False,False,False,10547.368494987488,10547.368494987488,other,190514,10547.368494987488,26484.639909029007,-20.9158992767334,-160.18634033203125,539.090746427473,1.240839407758869,303.9455541842449,10549.75704908371,26486.242944955826,4839.757059574127,-20.221564427502198,61.54749752755857,cmp,83,other
84,1366719,579527958.221707,2019-05-14 11:59:13.221707,2019-05-14 11:55:52.514512,1366977,579529015.005548,2019-05-14 12:16:50.005548,1056.7838410139084,,n0_r0 n0_r1 n1_r0 n1_r1 n2_r0 n2_r1 n3_r0 n3_r1 n4_r0 n4_r1 n5_r0 n5_r1 n6_r0 n6_r1 n7_r0 n7_r1 n8_r0 n8_r1 n9_r0 n9_r1 na_r0 na_r1 nb_r0 nb_r1,n0 n1 n2 n3 n4 n5 n6 n7 n8 n9 na nb,1607.122008822921,526.1340884417142,0.0,1607.122008822921,R,0.7,0.7,0.0,579527757.5145121,False,True,False,True,,10633.385879993439,matched,190514,10633.385879993439,26398.622524023056,-19.435190200805664,-155.00003051757812,537.8510169326169,1.2055313539264032,309.36482237923735,10635.77443408966,26400.225559949875,4925.774444580078,-17.92941383118301,56.99534977937878,cmp,84,matched
85,1368261,579534278.450626,2019-05-14 13:44:33.450626,2019-05-14 13:43:32.009704,1368264,579534290.738806,2019-05-14 13:44:45.738806,12.288179993629456,,n0_r0 n2_r0 n3_r0 n4_r0 n4_r1 n5_r0 n6_r0 n7_r0 n8_r0 n9_r0 na_r0 nb_r0,n0 n2 n3 n4 n5 n6 n7 n8 n9 na nb,40.57658457908079,3.848545123266488,0.0,40.57658457908079,R,0.2,0.6,0.0,579534217.0097041,False,False,False,False,17092.881072044373,17092.881072044373,other,190514,17092.881072044373,19939.127331972122,-1.3353235721588135,-137.53395080566406,526.6875947578263,1.0661734235244382,356.8981904601112,17095.269626140594,19940.73036789894,11385.269636631012,2.6378517614603942,44.42932873528098,cmp,-1,absent
86,1368267,579534303.0269921,2019-05-14 13:44:58.026992,2019-05-14 13:43:40.201832,1368431,579534974.7808411,2019-05-14 13:56:09.780841,671.753849029541,,n0_r0 n0_r1 n1_r0 n1_r1 n2_r0 n2_r1 n3_r0 n3_r1 n4_r0 n4_r1 n5_r0 n5_r1 n6_r0 n6_r1 n7_r0 n7_r1 n8_r0 n8_r1 n9_r0 n9_r1 na_r0 na_r1 nb_r0 nb_r1,n0 n1 n2 n3 n4 n5 n6 n7 n8 n9 na nb,1153.081679967879,199.6595032958424,0.0,1153.081679967879,R,0.4,0.4,0.0,579534225.201832,False,True,False,True,,17101.07319998741,matched,190514,17101.07319998741,19930.935204029083,-1.118127465248108,-137.111572265625,526.5856695084035,1.066634009300502,357.40302658493505,17103.461754083633,19932.538239955902,11393.46176457405,2.9147577327975616,44.10242350550997,cmp,85,matched
87,1374616,579562905.141253,2019-05-14 21:41:40.141253,2019-05-14 21:40:55.084587,1374618,579562913.3333709,2019-05-14 21:41:48.333371,8.192117929458618,TGF190514901,n9_r0 n9_r1,n9,6.710242120516446,4.394543965883628,0.0,6.710242120516446,P,0.1,0.1,0.0,579562860.0845871,True,False,False,True,,1432.598091006279,matched,190514,1432.598091006279,2953.9028198719025,1.852576732635498,107.22972869873047,525.7235720671736,0.9898659513869794,4.305181044765128,1435.3445100784302,2956.655487895012,1887.3445196151733,-7.497411620522668,84.61381580708783,cmp,86,matched
88,1382204,579602210.387608,2019-05-15 08:36:45.387608,2019-05-15 08:36:20.811213,1382207,579602625.0587481,2019-05-15 08:43:40.058748,414.6711400747299,,n6_r1 n8_r1,n6 n8,0.0,6.905261525655747,0.0,6.905261525655747,S,0.0,0.0,0.0,579602185.811213,False,False,False,False,5091.408712983131,5091.408712983131,A,190515,5091.408712983131,37558.35582089424,-13.972330093383789,-95.55838012695312,535.2398472658714,1.1190046865343546,325.8822388468974,5094.07113301754,36.9288649559021,0.0,-5.335643715072315,1.053587082348883,cmp,87,A
89,1388657,579629065.723707,2019-05-15 16:04:20.723707,2019-05-15 16:04:16.627637,1388662,579629086.204075,2019-05-15 16:04:41.204075,20.48036801815033,,n4_r0 n4_r1,n4,5.034450373121733,4.091990932317311,0.0,5.034450373121733,P,0.25,0.25,0.0,579629061.627637,False,True,False,True,,10682.539396882057,matched,190515,31967.225136995316,10682.539396882057,-16.750537872314453,40.6832160949707,541.80954994959,1.3357623490078205,222.04423419537295,26437.88756108284,10683.91243493557,-16393.91242456436,-20.247090215788873,17.798254409449545,cmp,88,matched
90,1400394,579687917.67521,2019-05-16 08:25:12.675210,2019-05-16 08:24:48.098833,1400397,579687929.9634061,2019-05-16 08:25:24.963406,12.288196086883543,,n6_r1 nb_r1,n6 nb,0.0,6.232280113762987,0.0,6.232280113762987,S,0.0,0.0,0.0,579687893.098833,False,False,False,False,5222.482910871506,5222.482910871506,A,190516,5222.482910871506,37442.45700609684,-10.80103588104248,-92.5595703125,534.8484693169456,1.1140628185310752,334.1920282681491,5223.5587549209595,42.44124507904053,0.0,-1.9961595173405382,1.1194271568473941,cmp,-1,absent
91,1426343,579805151.017297,2019-05-17 16:59:06.017297,2019-05-17 16:58:37.344827,1426359,579805216.554378,2019-05-17 17:00:11.554378,65.53708100318909,,n6_r2 n8_r1 n8_r2 n9_r2 na_r2 nb_r1 nb_r2,n6 n8 n9 na nb,0.0,8.974966381822956,8.061767293156535,8.974966381822956,R,0.0,0.0,0.1,579805122.3448269,False,False,False,False,5808.221716165543,5808.221716165543,B,190517,36889.16739094257,5808.221716165543,3.467940330505371,-35.330322265625,528.0634031608628,1.1146925677221162,171.92133341172828,36889.8047208786,5812.195254087448,-11522.19524359703,10.87115291939193,2.395341443600793,cmp,-1,absent
92,1428229,579814213.892417,2019-05-17 19:30:08.892417,2019-05-17 19:30:03.260335,1428246,579814285.0614821,2019-05-17 19:31:20.061482,71.169065117836,GRB190517813,n0_r1 n1_r1 n4_r1 n6_r1 n7_r1 n8_r1 n9_r0 n9_r1 na_r0 na_r1 nb_r0 nb_r1,n0 n1 n4 n6 n7 n8 n9 na nb,15.928265288948058,21.502101673562,0.0,21.502101673562,R,0.9,0.9,0.0,579814208.260335,True,False,True,True,,1941.535082936287,matched,190517,1941.535082936287,2552.6293530464172,10.415718078613281,136.0096435546875,526.7670916197764,1.0107974986006436,24.84078490113854,1941.7202550172806,2556.2797380685806,-2436.2797355651855,2.1901430178794032,114.14489865418254,cmp,89,matched
93,1454778,579943498.760658,2019-05-19 07:24:53.760658,2019-05-19 07:24:48.126913,1454830,579943714.314765,2019-05-19 07:28:29.314765,215.5541069507599,GRB190519309,n0_r0 n0_r1 n1_r0 n1_r1 n2_r0 n2_r1 n3_r0 n3_r1 n4_r0 n4_r1 n5_r0 n5_r1 n7_r1 n8_r0 n8_r1 n9_r0 n9_r1 na_r0 na_r1 nb_r1,n0 n1 n2 n3 n4 n5 n7 n8 n9 na nb,66.99870120412815,101.03742011548144,0.0,101.03742011548144,R,0.95,0.95,0.0,579943493.1269131,True,False,True,True,,4173.888442993164,matched,190519,4173.888442993164,32836.70196199417,-25.274608612060547,-174.53836059570312,544.3576054452192,1.3838331583814205,263.25637560578036,4174.586835026741,32840.41316592693,-894.4131544828415,-26.838308712146212,73.59499576383726,cmp,90,matched
94,1461073,579969305.076604,2019-05-19 14:35:00.076604,2019-05-19 14:34:39.596294,1461081,579969337.845078,2019-05-19 14:35:32.845078,32.768473982810974,,n2_r1 n4_r0 n4_r1 n5_r1 n6_r0 n7_r0 n7_r1 n8_r0 n8_r1 na_r1 nb_r0,n2 n4 n5 n6 n7 n8 na nb,11.097887003649417,14.55082685500395,0.0,14.55082685500395,R,0.0,0.0,0.0,579969284.596294,False,False,False,False,7045.232581019402,7045.232581019402,other,190519,29965.357823967934,7045.232581019402,25.460716247558594,-96.24465942382812,522.6643441346482,1.6510285029690583,90.57966811751885,29966.05621600151,7048.943784952164,-12758.943774580956,33.961443598526,33.751334788934145,cmp,91,other
95,1471615,580023246.539628,2019-05-20 05:34:01.539628,2019-05-20 05:33:49.251422,1471621,580023271.1160591,2019-05-20 05:34:26.116059,24.576431035995483,,n6_r0 n7_r1 n9_r0 n9_r1 na_r1 nb_r0 nb_r1,n6 n7 n9 na nb,6.594732296397126,9.393392656898868,0.0,9.393392656898868,R,0.05,0.3,0.0,580023234.2514219,False,True,False,True,,1089.554645061493,matched,190520,3981.373657822609,1089.554645061493,-24.55228042602539,-162.96372985839844,542.3150355177913,1.32231894443918,255.09646185144084,3982.7113449573517,1095.2886570692062,-728.2886465787888,-24.250992633671792,63.449521875492685,cmp,92,matched
96,1477738,580048870.052515,2019-05-20 12:41:05.052515,2019-05-20 12:41:00.956450,1477753,580048931.493399,2019-05-20 12:42:06.493399,61.44088399410248,,n3_r1 n4_r0 n4_r1 n7_r0 n7_r1 n8_r0 n8_r1 na_r1 nb_r1,n3 n4 n7 n8 na nb,8.44077916113939,15.455820860850626,0.0,15.455820860850626,R,0.0,0.1,0.0,580048865.95645,False,False,False,False,13037.56001996994,13037.56001996994,other,190520,24011.133715987206,13037.56001996994,24.166244506835938,-95.23040771484375,525.3761696763082,1.6107272095375453,72.2024230417076,24011.416371941566,13043.583624958992,18301.416382431984,32.74086266650987,32.2132053244993,cmp,93,other
97,1479200,580054862.595882,2019-05-20 14:20:57.595882,2019-05-20 14:20:53.499823,1479258,580055103.239444,2019-05-20 14:24:58.239444,240.64356195926663,LOCLPAR1905205,n0_r0 n0_r1 n1_r0 n1_r1 n2_r0 n2_r1 n3_r0 n3_r1 n4_r0 n4_r1 n5_r0 n5_r1 n6_r0 n6_r1 n7_r0 n7_r1 n8_r0 n8_r1 n9_r0 n9_r1 na_r0 na_r1 nb_r0 nb_r1,n0 n1 n2 n3 n4 n5 n6 n7 n8 n9 na nb,60.27135166860277,74.25601282740467,0.0,74.25601282740467,R,0.5,0.55,0.0,580054858.4998231,True,False,True,True,,7045.01664686203,matched,190520,30003.677089095116,7045.01664686203,25.462139129638672,-100.707275390625,523.5878582546268,1.6189268215953108,90.43581450819326,30003.959745049477,7051.040251851082,-12761.040241360664,33.62018439986541,35.463034793133964,cmp,94,matched
98,1490024,580109991.5806711,2019-05-21 05:39:46.580671,2019-05-21 05:39:34.292475,1490032,580110345.818685,2019-05-21 05:45:40.818685,354.2380139827728,,n0_r1 n5_r1 n6_r0 n6_r1 n8_r1 n9_r1 nb_r1,n0 n5 n6 n8 n9 nb,4.239860325278033,14.082790526064455,0.0,14.082790526064455,R,0.05,0.05,0.0,580109979.292475,False,False,False,False,5132.3673149347305,5132.3673149347305,A,190521,5132.3673149347305,37521.9254629612,-12.91305923461914,-94.62319946289062,541.4448228879189,1.1163887649271365,328.71419606230273,5135.552402973175,41.247599959373474,0.0,-4.221888769955158,1.1433340476947231,cmp,95,A
99,1508243,580195706.880913,2019-05-22 05:28:21.880913,2019-05-22 05:28:13.688783,1508244,580195710.976986,2019-05-22 05:28:25.976986,4.096073031425476,,nb_r1,nb,0.0,3.1126358812862422,0.0,3.1126358812862422,P,0.0,0.0,0.0,580195698.688783,False,False,False,False,5275.72991001606,5275.72991001606,A,190522,5275.72991001606,37397.06676495075,-9.367921829223633,-91.03366088867188,540.5985587076296,1.1148519839491906,337.77989319722644,5278.548707008362,37399.451291918755,0.0,-0.4851295885477952,0.9570887897976897,cmp,-1,absent
100,1515963,580227353.0716,2019-05-22 14:15:48.071600,2019-05-22 14:14:42.534563,1515965,580227361.263727,2019-05-22 14:15:56.263727,8.192126989364624,,nb_r1,nb,0.0,4.710391892390486,0.0,4.710391892390486,P,0.0,0.05,0.0,580227287.5345631,False,False,False,False,5808.2209849357605,5808.2209849357605,B,190522,36864.57569003105,5808.2209849357605,3.772620677947998,-33.206146240234375,521.9874612890235,1.1112381888131306,171.20832781911335,36867.39448702335,5810.605511903763,-11520.605501413345,10.956301124920826,2.962758640834186,cmp,-1,absent
101,1550192,580389354.140197,2019-05-24 11:15:49.140197,2019-05-24 11:15:36.851971,1550201,580389391.004832,2019-05-24 11:16:26.004832,36.86463499069214,,n3_r1 n7_r1,n3 n7,0.0,7.786681026672757,0.0,7.786681026672757,S,0.0,0.0,0.0,580389341.851971,False,True,False,True,,9171.088072896004,matched,190524,27828.664646983147,9171.088072896004,-17.02394676208496,144.87669372558594,541.2719742050604,1.287187226165266,317.1429219257951,27829.711894989014,9173.288105010986,-14883.288094639778,-24.332573809465416,108.33230405607766,cmp,97,matched
102,1559702,580437959.147786,2019-05-25 00:45:54.147786,2019-05-25 00:45:44.244941,1559703,580437963.2438459,2019-05-25 00:45:58.243846,4.0960599184036255,GRB190525032,n0_r1,n0,0.0,3.0995166564552394,0.0,3.0995166564552394,P,0.0,0.0,0.0,580437949.244941,False,False,True,True,,2433.958410024643,matched,190525,2446.709706902504,2433.958410024643,14.570515632629395,124.88715362548828,522.6667189850767,1.0211772003004116,144.25027941329517,2448.1048649549484,2437.8951309919357,-2095.8951234817505,5.642565090241705,105.78762237347274,cmp,-1,absent
103,1579652,580532085.566926,2019-05-26 02:54:40.566926,2019-05-26 02:54:32.374768,1579657,580532106.047333,2019-05-26 02:55:01.047333,20.480406999588013,,n9_r1 nb_r1,n9 nb,0.0,5.539303614649197,0.0,5.539303614649197,S,0.0,0.0,0.0,580532077.374768,False,False,False,False,5066.844463944435,5066.844463944435,A,190526,5066.844463944435,37588.94683790207,-14.662238121032715,-96.05447387695312,539.1580584269003,1.1212621594532424,324.00941957611315,5069.234686970711,31.765305995941162,0.0,-6.054956192946004,1.5650819231316864,cmp,-1,absent
104,1597818,580617740.396011,2019-05-27 02:42:15.396011,2019-05-27 02:41:54.915581,1597839,580618062.426582,2019-05-27 02:47:37.426582,322.0305709838867,,n5_r1 n5_r2 n6_r1 n7_r1 n8_r1 n8_r2 n9_r1 n9_r2 na_r1 nb_r1 nb_r2,n5 n6 n7 n8 n9 na nb,0.0,21.083657184001563,7.230586563325342,21.083657184001563,R,0.0,0.15,0.3,580617719.915581,False,False,False,False,5124.193686008453,5124.193686008453,A,190527,5124.193686008453,37539.00723302364,-13.106391906738281,-96.58001708984375,537.8546699997528,1.1148083660212833,328.24838662774425,5127.775504946709,97.22449004650116,0.0,-4.53581884915362,2.3062562634863517,cmp,98,A
105,1623791,580735105.789026,2019-05-28 11:18:20.789026,2019-05-28 11:17:35.732159,1623792,580735109.885103,2019-05-28 11:18:24.885103,4.096076965332031,,nb_r1,nb,0.0,4.668234975770683,0.0,4.668234975770683,P,0.0,0.0,0.0,580735060.7321589,False,False,False,False,5795.955389142036,5795.955389142036,B,190528,36897.494008898735,5795.955389142036,3.209942102432251,-33.644622802734375,524.4050218558691,1.1125803049355638,172.5392885501493,36897.592082858086,5797.4079130887985,-11507.407902598381,10.442499335854993,2.283617068334351,cmp,-1,absent
106,1632154,580779181.910072,2019-05-28 23:32:56.910072,2019-05-28 23:32:40.525758,1632159,580779202.390484,2019-05-28 23:33:17.390484,20.48041200637817,,n4_r0 n4_r1,n4,4.36376645685124,4.40178469603171,0.0,4.40178469603171,P,0.3,0.55,0.0,580779165.525758,False,True,False,True,,1204.2479720115662,matched,190528,1204.2479720115662,3760.202264070511,24.659263610839844,39.395530700683594,537.693097478059,1.17262514418824,75.51479680423941,1205.3856819868088,3763.61431992054,1421.385691523552,20.86622696639945,51.72507307703727,cmp,99,matched
107,1641104,580816636.244783,2019-05-29 09:57:11.244783,2019-05-29 09:53:46.440571,1641106,580816644.436947,2019-05-29 09:57:19.436947,8.192163944244385,,n9_r0 na_r0 na_r1 nb_r0,n9 na nb,40.299753597156645,9.050446019540528,0.0,40.299753597156645,R,0.0,0.1,0.0,580816431.4405711,False,False,False,False,4292.695155978203,4292.695155978203,other,190529,32723.599887013435,4292.695155978203,-25.494705200195312,73.66588592529297,530.5414270245523,1.5965148064526615,267.2480913291932,32725.300495028496,4295.699503898621,-10005.699493408203,-33.14612281865264,44.43776734370612,cmp,100,other
108,1641772,580819376.525655,2019-05-29 10:42:51.525655,2019-05-29 10:39:26.721620,1641844,580819671.443362,2019-05-29 10:47:46.443362,294.91770696640015,,n0_r0 n0_r1 n1_r0 n3_r0 n3_r1 n4_r0 n4_r1 n5_r0 n6_r0 n6_r1 n9_r0 n9_r1 na_r0 na_r1 nb_r0 nb_r1,n0 n1 n3 n4 n5 n6 n9 na nb,77.47366462274535,34.66604054975395,0.0,77.47366462274535,R,0.25,0.4,0.0,580819171.7216201,False,False,False,False,1552.414106965065,1552.414106965065,other,190529,35463.88093602657,1552.414106965065,25.116031646728516,-125.95590209960938,537.6544295217358,1.4273396851201388,80.040769993565,35465.58154404163,1555.4184548854828,-7265.418444395065,30.44933380032824,49.22269573824756,cmp,101,other
109,1659778,580904350.064273,2019-05-30 10:19:05.064273,2019-05-30 10:18:46.886708,1659830,580904565.3635551,2019-05-30 10:22:40.363555,215.2992820739746,GRB190530430,n0_r0 n0_r1 n0_r2 n1_r0 n1_r1 n1_r2 n2_r0 n2_r1 n2_r2 n3_r0 n3_r1 n3_r2 n4_r0 n4_r1 n4_r2 n5_r0 n5_r1 n5_r2 n6_r1 n7_r1 n8_r1 n9_r0 n9_r1 n9_r2 na_r0 na_r1 na_r2 nb_r0 nb_r1 nb_r2,n0 n1 n2 n3 n4 n5 n6 n7 n8 n9 na nb,264.4836843479039,739.6477272397507,255.9118436826357,739.6477272397507,R,0.95,0.95,0.95,580904331.886708,True,False,True,True,,1928.439383983612,matched,190530,35082.95223593712,1928.439383983612,20.375694274902344,-156.46324157714844,538.0894091846152,1.2134436583829524,53.83214893819057,35083.746638059616,1930.2533699274063,-7640.253359436989,21.102726423021846,70.02430868178192,cmp,102,matched
110,1675626,580980555.801218,2019-05-31 07:29:10.801218,2019-05-31 07:29:05.169108,1675648,580980647.45105,2019-05-31 07:30:42.451050,91.64983201026917,GRB190531312,n0_r0 n0_r1 n1_r0 n1_r1 n2_r0 n2_r1 n3_r0 n3_r1 n4_r1 n5_r0 n5_r1 n9_r1,n0 n1 n2 n3 n4 n5 n9,13.257795005008752,28.182403258133192,0.0,28.182403258133192,R,0.85,0.85,0.0,580980550.169108,True,False,True,True,,11284.770828008652,matched,190531,25756.17776799202,11284.770828008652,-1.4188127517700195,11.030643463134766,527.8037166820769,1.1175889466229423,183.28762853006262,25759.02903199196,11288.97096991539,-16998.970959544182,-0.3803859824333333,16.266318996767172,cmp,103,matched
111,1684658,581026207.285366,2019-05-31 20:10:02.285366,2019-05-31 20:09:54.093206,1684711,581026428.473812,2019-05-31 20:13:43.473812,221.18844592571256,GRB190531840,n0_r0 n0_r1 n0_r2 n1_r0 n1_r1 n1_r2 n2_r1 n2_r2 n3_r0 n3_r1 n3_r2 n4_r0 n4_r1 n4_r2 n5_r0 n5_r1 n5_r2 n6_r0 n6_r1 n6_r2 n7_r0 n7_r1 n7_r2 n8_r0 n8_r1 n8_r2 n9_r1 na_r0 na_r1 nb_r0 nb_r1,n0 n1 n2 n3 n4 n5 n6 n7 n8 n9 na nb,49.141588634999344,170.4137778334522,37.639908834589534,170.4137778334522,R,0.9,0.9,0.95,581026199.093206,True,False,True,True,,1547.544569015503,matched,190531,3244.0990059375763,1547.544569015503,-1.6430506706237793,177.1763458251953,528.5595496611667,1.0513090043553486,183.80653889578497,3245.953134059906,1550.0468699932098,-1185.046860575676,-4.83103868743937,87.90169057463156,cmp,104,matched
112,1705682,581125579.4233961,2019-06-01 23:46:14.423396,2019-06-01 23:46:06.231223,1705691,581125775.24439,2019-06-01 23:49:30.244390,195.82099390029907,,nb_r1,nb,0.0,6.250491981250491,0.0,6.250491981250491,P,0.0,0.0,0.0,581125571.2312231,False,False,False,False,5226.60630106926,5226.60630106926,A,190601,5226.60630106926,37449.73847091198,-10.70467758178711,-92.54461669921875,528.4817797624187,1.1139555494349953,334.53600047809414,5230.0911511182785,44.90885388851166,0.0,-1.8991366522928332,1.1540154811756322,cmp,-1,absent
113,1738954,581281470.47154,2019-06-03 19:04:25.471540,2019-06-03 19:04:19.839405,1738960,581281496.5841271,2019-06-03 19:04:51.584127,26.112587094306942,GRB190603795,n0_r1 n3_r0 n3_r1 n4_r0 n4_r1 n5_r0,n0 n3 n4 n5,8.103649430457756,7.023758014205639,0.0,8.103649430457756,R,0.35,0.7,0.0,581281464.8394051,True,False,True,True,,1663.0130370855331,matched,190603,1663.0130370855331,3194.4935159683228,25.582120895385742,78.9373550415039,538.2389211765898,1.1310213285128625,91.65399751640722,1664.6993321180344,3197.3006969690323,1882.6993445158005,17.286168361607647,73.63948455349285,cmp,106,matched
114,1746767,581315294.810622,2019-06-04 04:28:09.810622,2019-06-04 04:28:05.714530,1746769,581315303.0028181,2019-06-04 04:28:18.002818,8.192196130752563,,n6_r1,n6,0.0,3.1334357557629677,0.0,3.1334357557629677,P,0.0,0.0,0.0,581315290.71453,False,False,False,False,13164.83213210106,13164.832132101059,other,190604,23843.337314009666,13164.832132101059,23.27800750732422,-92.98049926757812,535.3106992057341,1.5936649905737947,66.14655587085993,23844.574419021606,13170.425577998161,18134.574429512024,31.999551378986347,30.71324100850105,cmp,-1,absent
115,1751698,581337758.2148311,2019-06-04 10:42:33.214831,2019-06-04 10:42:33.214831,1751743,581337944.841768,2019-06-04 10:45:39.841768,186.62693691253665,GRB190604446,n0_r1 n1_r1 n2_r1 n2_r2 n3_r0 n3_r1 n3_r2 n4_r0 n4_r1 n4_r2 n5_r1 n6_r0 n6_r1 n6_r2 n7_r0 n7_r1 n7_r2 n8_r0 n8_r1 n8_r2,n0 n1 n2 n3 n4 n5 n6 n7 n8,23.77543605754379,56.65257495957712,11.397528670928128,56.65257495957712,R,0.95,0.95,1.0,581337758.2148311,True,False,True,True,,2152.240336060524,matched,190604,2152.240336060524,2291.45233297348,17.425434112548828,148.4067840576172,531.2809739933595,1.0653527673879388,43.8421236603004,2156.074720144272,2292.925246834755,-2161.9252704381943,10.291318779760411,119.65317735257175,cmp,107,matched
116,1778967,581469754.359182,2019-06-05 23:22:29.359182,2019-06-05 23:22:23.215044,1778970,581469766.838118,2019-06-05 23:22:41.838118,12.478935956954956,GRB190605974,n4_r1 n8_r1,n4 n8,0.0,5.368768765417967,0.0,5.368768765417967,S,0.0,0.35,0.0,581469748.215044,True,False,True,True,,7219.167473912239,matched,190605,7219.167473912239,29838.684865951538,25.58788299560547,-1.411041259765625,536.4561404030327,1.1790903674452076,92.67207618374476,7222.074970006943,29842.925034999847,1512.0749804973602,28.242992990079774,35.343006727608774,cmp,108,matched
117,1781202,581478909.5851669,2019-06-06 01:55:04.585167,2019-06-06 01:54:51.151872,1781214,581478960.6652591,2019-06-06 01:55:55.665259,51.08009219169617,GRB190606080,n0_r0 n0_r1 n1_r0 n1_r1 n2_r1 n3_r1 n3_r2 n4_r1 n5_r0 n5_r1 n9_r1 na_r1,n0 n1 n2 n3 n4 n5 n9 na,6.384003841482533,23.57130819805642,3.5598070976377083,23.57130819805642,R,0.9,0.9,0.9,581478896.1518719,True,False,True,True,,16367.104301810265,matched,190606,16367.104301810265,20690.748038053513,-19.414608001708984,179.3759002685547,526.7922711902504,1.265049651796921,309.7862552647972,16370.011797904968,20694.988207101822,10660.011808395386,-22.036237192815744,80.55110554061842,cmp,109,matched
118,1789811,581520107.6989701,2019-06-06 13:21:42.698970,2019-06-06 13:21:34.506794,1789816,581520128.1794341,2019-06-06 13:22:03.179434,20.480463981628414,,n7_r0 n7_r1 n8_r0 n8_r1 nb_r0,n7 n8 nb,10.01267278358049,6.302734708561148,0.0,10.01267278358049,R,0.0,0.0,0.0,581520099.506794,False,True,False,True,,1249.3062438964844,matched,190606,1249.3062438964844,3199.0456800460815,12.433051109313965,78.66224670410156,525.7962902545128,1.0093748846483779,29.830581883083365,1250.3667179346085,3201.633283019066,1502.3667304515839,4.198876910532592,65.3242708337612,cmp,110,matched
119,1795361,581547686.0228131,2019-06-06 21:01:21.022813,2019-06-06 21:00:48.254119,1795364,581547698.3110809,2019-06-06 21:01:33.311081,12.288267850875854,,n6_r2 nb_r1,n6 nb,0.0,4.823288097380881,3.2706606321068383,4.823288097380881,R,0.0,0.05,0.05,581547653.2541189,False,False,False,False,5132.397792935371,5132.397792935371,A,190606,5132.397792935371,37529.51115512848,-13.085670471191406,-94.97006225585938,524.6333742978154,1.116535266896651,328.46629863587583,5135.114042878151,46.88595712184906,0.0,-4.414906577894072,1.2206646444307174,cmp,111,A
120,1799404,581564571.5944741,2019-06-07 01:42:46.594474,2019-06-07 01:42:40.450347,1799414,581564612.80989,2019-06-07 01:43:27.809890,41.21541595458984,GRB190607071,n6_r1 n7_r1 n9_r0 n9_r1 na_r0 na_r1 nb_r0 nb_r1,n6 n7 n9 na nb,9.081570443368989,12.01041719710448,0.0,12.01041719710448,R,0.45,0.45,0.0,581564565.450347,True,False,True,True,,20617.314927101135,matched,190607,22044.594020962715,20617.314927101135,-17.62150001525879,-179.44419860839844,526.423715134316,1.2253030369768214,315.6144167618826,16551.310277938843,20619.68972301483,10841.31028842926,-20.082151173613923,79.98932813826278,cmp,112,matched
121,1816546,581645545.699758,2019-06-08 00:12:20.699758,2019-06-08 00:12:05.593859,1816584,581645701.605533,2019-06-08 00:14:56.605533,155.90577495098114,GRB190608009,n6_r1 n7_r1 n8_r1 n9_r1 na_r0 na_r1 nb_r0 nb_r1,n6 n7 n8 n9 na nb,8.356113724006503,30.84310949530409,0.0,30.84310949530409,R,0.5,0.75,0.0,581645530.593859,True,False,True,True,,17432.9453189373,matched,190608,17432.9453189373,25246.679410099983,10.426006317138672,-100.08285522460938,523.32014008297,1.2308595118710255,24.699080199875855,17435.453781962395,25248.546220064163,11725.453792452812,18.68802835332261,22.06314175465884,cmp,113,matched
122,1831674,581718164.323481,2019-06-08 20:22:39.323481,2019-06-08 20:19:14.519332,1831955,581719318.395205,2019-06-08 20:41:53.395205,1154.0717240571976,LOCLPAR1906088,n0_r0 n0_r1 n1_r0 n1_r1 n2_r0 n2_r1 n3_r0 n3_r1 n4_r0 n4_r1 n5_r0 n5_r1 n6_r0 n6_r1 n7_r0 n7_r1 n8_r0 n8_r1 n9_r0 n9_r1 na_r0 na_r1 nb_r0 nb_r1,n0 n1 n2 n3 n4 n5 n6 n7 n8 n9 na nb,1462.766384177079,482.455813939955,0.0,1462.766384177079,R,0.6,0.6,0.0,581717959.519332,True,True,True,True,,4313.17821598053,matched,190608,4313.17821598053,32743.629104971886,-25.546960830688477,-155.48348999023438,535.2501258679258,1.3189531766789973,274.91533041507915,4313.379250049591,32745.620746970177,-591.6207325458527,-24.02646976051949,56.601402477865584,cmp,115,matched
123,1837200,581740811.101176,2019-06-09 02:40:06.101176,2019-06-09 02:36:45.393148,1837201,581740815.197256,2019-06-09 02:40:10.197256,4.09607994556427,,n6_r0 n7_r0 n7_r1 n8_r0 n9_r0 nb_r0,n6 n7 n8 n9 nb,41.02351945265405,9.358370505748132,0.0,41.02351945265405,R,0.0,0.1,0.0,581740610.3931481,False,False,False,False,10092.75528895855,10092.75528895855,other,190609,26964.052031993866,10092.75528895855,-25.509138107299805,96.2530746459961,537.5248233536585,1.611910508773648,264.22022596313695,26964.253066062927,10094.74693095684,-15804.746920585632,-34.66896266958165,64.17252108025994,cmp,116,other
124,1841018,581758421.5868111,2019-06-09 07:33:36.586811,2019-06-09 07:33:32.490730,1841074,581758654.0395471,2019-06-09 07:37:29.039547,232.4527360200882,GRB190609315,n3_r1 n3_r2 n4_r1 n5_r1 n6_r0 n6_r1 n6_r2 n7_r0 n7_r1 n7_r2 n8_r0 n8_r1 n8_r2 n9_r0 n9_r1 n9_r2 na_r1 nb_r1 nb_r2,n3 n4 n5 n6 n7 n8 n9 na nb,13.371745272765052,44.69062029247536,8.66263650178445,44.69062029247536,R,0.65,0.8,0.85,581758417.49073,True,False,True,True,,679.9493560791016,matched,190609,679.9493560791016,3786.3453929424286,-19.98497200012207,67.62812042236328,530.0213954590304,1.3930955160860463,307.8907564411179,683.3506480455399,3789.64934694767,1402.3506625890732,-27.046920467695063,40.341758539295284,cmp,117,matched
125,1866435,581882410.5244889,2019-06-10 18:00:05.524489,2019-06-10 18:00:01.428410,1866470,581882553.887285,2019-06-10 18:02:28.887285,143.36279606819153,GRB190610750,n0_r0 n0_r1 n1_r0 n1_r1 n2_r0 n2_r1 n5_r1 n6_r0 n6_r1 n7_r0 n7_r1 n8_r1 n9_r0 n9_r1 na_r0 na_r1 nb_r1,n0 n1 n2 n5 n6 n7 n8 n9 na nb,24.168570290978792,37.24451687070183,0.0,37.24451687070183,R,0.9,0.9,0.0,581882406.42841,True,False,False,True,,1726.7883499860764,matched,190610,3312.708582997322,1726.7883499860764,-13.231264114379883,158.3804931640625,541.2553498901997,1.1908847699043097,211.875332634624,3316.288335084915,1729.7116709947586,-1375.711655497551,-18.98010372604641,101.5836156031497,cmp,118,matched
126,1888839,581986071.1383371,2019-06-11 22:47:46.138337,2019-06-11 22:47:46.138337,1888907,581986351.590415,2019-06-11 22:52:26.590415,280.4520778656006,GRB190611950,n0_r1 n0_r2 n1_r0 n1_r1 n1_r2 n2_r0 n2_r1 n2_r2 n3_r1 n3_r2 n4_r0 n4_r1 n4_r2 n5_r0 n5_r1 n5_r2 n9_r1,n0 n1 n2 n3 n4 n5 n9,60.13876421103792,112.13321467951532,19.22053994711446,112.13321467951532,R,0.85,0.9,0.95,581986071.1383371,True,False,True,True,,21271.216162919998,matched,190611,21378.834232091904,21271.216162919998,-25.62352180480957,141.34921264648438,540.9442988995319,1.5742919191908118,273.18791508564243,15816.998262166977,21276.001762866974,10106.998272657394,-33.2375985525148,100.67299760283282,cmp,119,matched
127,1893372,582004649.136301,2019-06-12 03:57:24.136301,2019-06-12 03:57:02.119881,1893377,582004671.152741,2019-06-12 03:57:46.152741,22.01643991470337,GRB190612165,n4_r0 n4_r1 n8_r0 n8_r1,n4 n8,5.064101142571886,5.438485065695297,0.0,5.438485065695297,R,0.45,0.45,0.0,582004627.1198812,True,False,True,True,,2715.2346189022064,matched,190612,39934.815776109695,2715.2346189022064,1.7738243341445923,152.52845764160156,522.5203477135831,1.0301212464530147,4.093344440899564,34372.97980618477,2720.020218849182,-8430.020208358765,-4.810681415674694,112.36294257821011,cmp,120,matched
128,1903135,582055439.0238831,2019-06-12 18:03:54.023883,2019-06-12 18:03:45.831724,1903151,582055753.893832,2019-06-12 18:09:08.893832,314.86994886398315,,n3_r1 n4_r1 n5_r1 nb_r1,n3 n4 n5 nb,0.0,12.55202294595277,0.0,12.55202294595277,S,0.0,0.1,0.0,582055430.8317239,False,False,False,False,5152.868703961372,5152.868703961372,A,190612,5152.868703961372,37508.47143816948,-12.566588401794434,-95.04635620117188,529.7341324020903,1.1148561692220986,329.880224944413,5156.69164788723,66.30835103988647,0.0,-3.9014231140386624,1.6457903707425814,cmp,121,A
129,1911909,582091646.818509,2019-06-13 04:07:21.818509,2019-06-13 04:06:58.266037,1911921,582091695.971527,2019-06-13 04:08:10.971527,49.1530179977417,GRB190613172,n0_r0 n0_r1 n1_r0 n1_r1 n3_r0 n3_r1,n0 n1 n3,8.531591578229573,14.021130939507986,0.0,14.021130939507986,R,0.8,0.8,0.0,582091623.266037,True,False,True,True,,1316.0371251106262,matched,190613,41345.303017020226,1316.0371251106262,25.60720443725586,-127.13337707519531,524.8626281430257,1.4335481644542178,93.91760384163959,35881.12595999241,1317.8740340471268,-7027.874023556709,30.772555090865836,50.35988794987618,cmp,122,matched
130,1916272,582115623.513305,2019-06-13 10:46:58.513305,2019-06-13 10:46:52.881184,1916283,582115670.106248,2019-06-13 10:47:45.106248,46.59294307231903,GRB190613449,n3_r1 n4_r1 n5_r1 n6_r0 n6_r1 n7_r0 n7_r1 n8_r0 n8_r1 n9_r1 nb_r1,n3 n4 n5 n6 n7 n8 n9 nb,8.408123793341936,20.70440204666666,0.0,20.70440204666666,R,0.85,0.85,0.0,582115617.881184,True,False,True,True,,1123.3927820920944,matched,190613,3379.2668619155884,1123.3927820920944,5.12817907333374,-154.3745880126953,534.4220118568668,1.0679347483290615,168.1056259173481,3380.741112947464,1126.2588930130005,-693.258881688118,6.405867367177289,62.4418515389025,cmp,123,matched
131,1929087,582172777.514097,2019-06-14 02:39:32.514097,2019-06-14 02:38:26.976794,1929088,582172781.6101761,2019-06-14 02:39:36.610176,4.096079111099243,,n5_r1 n5_r2 n6_r2 nb_r2,n5 n6 nb,0.0,5.5576457967473685,6.000939828058184,6.000939828058184,R,0.0,0.0,0.0,582172711.976794,False,False,False,False,5820.528204917908,5820.528204917908,B,190614,36861.298999905586,5820.528204917908,3.9645566940307617,-34.927001953125,533.9663133105622,1.113824522237263,170.8273440641021,36863.836717009544,5824.1632779836655,-11534.163267493248,11.324623247393266,2.898194689363087,cmp,124,B
132,1956077,582304591.8603051,2019-06-15 15:16:26.860305,2019-06-15 15:16:04.843950,1956094,582304663.0294211,2019-06-15 15:17:38.029421,71.16911602020264,GRB190615636,n4_r1 n6_r1 n7_r1 n8_r0 n8_r1 nb_r0 nb_r1,n4 n6 n7 n8 nb,8.346011379294941,15.2749443819099,0.0,15.2749443819099,R,0.95,0.85,0.0,582304569.84395,True,False,True,True,,1687.2500169277191,matched,190615,3313.7180559635162,1687.2500169277191,-12.967479705810547,160.7212677001953,539.6295153793029,1.1832587184134402,211.16220654811264,3316.90387403965,1692.0961250066757,-1348.0961134433746,-18.409672862269744,99.57320892349645,cmp,125,matched
133,2010897,582563228.8736961,2019-06-18 15:07:03.873696,2019-06-18 15:05:54.240713,2010914,582563474.989236,2019-06-18 15:11:09.989236,246.11553990840912,,n2_r1 n3_r1 n3_r2 n4_r2 n5_r1 n5_r2 n6_r1 n8_r1 nb_r1,n2 n3 n4 n5 n6 n8 nb,0.0,17.54230239451633,7.395483878689467,17.54230239451633,R,0.0,0.3,0.15,582563159.240713,False,False,False,False,5128.271978974342,5128.271978974342,A,190618,5128.271978974342,37537.25489294529,-13.170829772949219,-97.74130249023438,539.3737864582029,1.1137295853175178,328.2894393751021,5130.300639033318,133.6994080543518,0.0,-4.6764898100119785,3.3171663927535833,cmp,126,A
134,2019013,582596669.495268,2019-06-19 00:24:24.495268,2019-06-19 00:24:04.014967,2019050,582596824.121525,2019-06-19 00:26:59.121525,154.6262570619583,GRB190619018,n0_r0 n0_r1 n1_r1 n3_r0 n3_r1 n6_r0 n6_r1 n9_r0 n9_r1,n0 n1 n3 n6 n9,15.255410446906682,16.717444742502312,0.0,16.717444742502312,R,0.15,0.25,0.0,582596649.014967,True,False,True,True,,4047.4806389808655,matched,190619,38618.04623293877,4047.4806389808655,-25.095029830932617,71.7574462890625,545.78220159439,1.5778724284667853,281.68960715237984,33180.07489192486,4050.9251030683517,-9760.925092577934,-32.559348085086796,42.82520025412647,cmp,127,matched
135,2028572,582646564.266721,2019-06-19 14:15:59.266721,2019-06-19 14:15:51.074588,2028629,582646800.814623,2019-06-19 14:19:55.814623,236.54790198802948,GRB190619595,n1_r1 n2_r0 n2_r1 n3_r1 n4_r1 n5_r0 n5_r1 n6_r1 n7_r0 n7_r1 n7_r2 n8_r0 n8_r1 n8_r2 n9_r0 n9_r1 na_r0 na_r1 nb_r0 nb_r1,n1 n2 n3 n4 n5 n6 n7 n8 n9 na nb,25.14141221147176,51.74677930538312,4.434943269666032,51.74677930538312,R,0.9,0.9,0.95,582646556.0745881,True,False,True,True,,2961.4551459550858,matched,190619,2961.4551459550858,39735.79349195957,-4.7710676193237305,126.41605377197266,528.881845739681,1.0501093694220507,191.0612555023263,2964.134512066841,39738.86548292637,-1901.8654704093933,-13.595300078964275,98.95477262921902,cmp,128,matched
136,2045409,582725415.296803,2019-06-20 12:10:10.296803,2019-06-20 12:10:04.664711,2045461,582725629.828409,2019-06-20 12:13:44.828409,214.5316059589386,GRB190620507,n0_r0 n0_r1 n0_r2 n1_r0 n1_r1 n1_r2 n2_r0 n2_r1 n2_r2 n3_r0 n3_r1 n3_r2 n4_r0 n4_r1 n4_r2 n5_r0 n5_r1 n5_r2 n6_r0 n6_r1 n6_r2 n7_r0 n7_r1 n7_r2 n8_r0 n8_r1 n8_r2 n9_r1 na_r0 na_r1 nb_r1,n0 n1 n2 n3 n4 n5 n6 n7 n8 n9 na nb,44.577028793887926,119.1027726468272,23.73358794770541,119.1027726468272,R,0.8,0.9,0.95,582725409.664711,True,False,True,True,,1998.8784710168839,matched,190620,1998.8784710168839,2973.274521112442,20.306852340698242,90.36605072021484,521.2549330631464,1.0608700030450224,126.75078109267267,2000.7246329784393,2976.275367975235,2215.7246454954147,11.34356374296743,79.02812453142622,cmp,129,matched
137,2100507,582985349.004204,2019-06-23 12:22:24.004204,2019-06-23 12:22:15.812082,2100513,582985706.473034,2019-06-23 12:28:21.473034,357.4688299894333,,n2_r1 n3_r1 n5_r1 n6_r1 nb_r1,n2 n3 n5 n6 nb,0.0,9.726534856475094,0.0,9.726534856475094,S,0.0,0.05,0.0,582985340.812082,False,False,False,False,5133.202831983566,5133.202831983566,A,190623,5133.202831983566,37521.0667899847,-12.971577644348145,-94.3790283203125,541.4206773813961,1.1168434153489002,328.7641708479404,5137.072005033493,31.92802393436432,0.0,-4.2658894198083575,0.8982879751315277,cmp,-1,absent
138,2118706,583071014.324833,2019-06-24 12:10:09.324833,2019-06-24 12:09:57.036652,2118719,583071067.573597,2019-06-24 12:11:02.573597,53.24876391887665,,n1_r1 n2_r1,n1 n2,0.0,7.3456617155647805,0.0,7.3456617155647805,S,0.0,0.0,0.0,583071002.0366521,False,False,False,False,5218.387279033661,5218.387279033661,A,190624,5218.387279033661,37456.4925198555,-10.883500099182129,-93.95907592773438,540.6166362664993,1.112276299427667,334.12982238935655,5222.296581029892,132.7034169435501,0.0,-2.1570334334802137,1.8783947851527172,cmp,130,A
139,2150966,583221989.245432,2019-06-26 06:06:24.245432,2019-06-26 06:06:18.101333,2150967,583221993.851858,2019-06-26 06:06:28.851858,4.606426000595093,GRB190626254,n2_r0 n2_r1,n2,3.1361179229197185,3.0728580923193625,0.0,3.1361179229197185,P,0.0,0.0,0.0,583221983.1013331,True,False,True,True,,2065.585428953171,matched,190626,2663.97804915905,2065.585428953171,15.695694923400879,151.06451416015625,524.3404640472265,1.0567011753457314,141.2590946522783,2665.9612621068954,2071.0387428998947,-1679.0387283563614,8.855373839420416,116.90133420796552,cmp,131,matched
140,2186360,583388619.935779,2019-06-28 04:23:34.935779,2019-06-28 04:23:30.839710,2186362,583388628.127935,2019-06-28 04:23:43.127935,8.192156076431274,,n8_r1,n8,0.0,3.337818274271074,0.0,3.337818274271074,P,0.0,0.05,0.0,583388615.83971,False,True,False,True,,634.8909180164337,matched,190628,3997.757555961609,634.8909180164337,-14.7549467086792,-128.94659423828125,525.1497127837753,1.1201770154417632,216.13238539130862,4000.2996389865875,637.7003630399704,-180.70035648345947,-9.442362457717199,33.16771586181749,cmp,132,matched
141,2192542,583417859.808183,2019-06-28 12:30:54.808183,2019-06-28 12:30:45.080024,2192548,583417885.9206121,2019-06-28 12:31:20.920612,26.11242914199829,GRB190628521,na_r0 na_r1 nb_r0 nb_r1,na nb,5.07730383981894,6.87302129928268,0.0,6.87302129928268,R,0.3,0.3,0.0,583417850.080024,True,False,True,True,,15479.268773078918,matched,190628,15479.268773078918,27177.114197969437,-25.227378845214844,153.25990295410156,530.6771030694358,1.5258191865845183,260.9990751144725,9911.539947032928,27180.46005296707,4201.539957523346,-31.51713998196287,100.93841082211861,cmp,133,matched
142,2208278,583493108.388667,2019-06-29 09:25:03.388667,2019-06-29 09:24:55.196544,2208293,583493427.5218351,2019-06-29 09:30:22.521835,319.1331681013108,,n0_r1 n0_r2 n6_r0 n8_r1 n9_r1 nb_r1 nb_r2,n0 n6 n8 n9 nb,4.354190459451329,13.507648328905525,5.091043703059732,13.507648328905525,R,0.3,0.05,0.15,583493100.196544,False,False,False,False,5144.657935976982,5144.657935976982,A,190629,5144.657935976982,37519.5946918726,-12.67847728729248,-95.18609619140625,534.4483768323404,1.1150249033853799,329.44575285422536,5147.656471014023,67.34352791309357,0.0,-4.021571153160823,1.6635388913165978,cmp,134,A
143,2234242,583610462.600395,2019-06-30 18:00:57.600395,2019-06-30 17:59:39.775105,2234246,583610478.984668,2019-06-30 18:01:13.984668,16.384273052215576,,n6_r2 nb_r1 nb_r2,n6 nb,0.0,6.645639632693326,5.645043250344563,6.645639632693326,R,0.0,0.0,0.1,583610384.775105,False,False,False,False,5828.701169967651,5828.701169967651,B,190630,36856.38885295391,5828.701169967651,4.2499518394470215,-35.344512939453125,527.8178920561578,1.1144137751956926,170.11238632811475,36858.235026955605,5833.764973044395,-11543.764962553978,11.650629155020038,3.1485424157523987,cmp,135,B
