trig_ids,start_times,duration,detectors,sigma_r0,sigma_r1,sigma_r2,sigma_C,CE,lat,lon,alt_km,L,phase_deg,t_since_saa_exit_s,t_to_saa_entry_s,prev_orbit_saa_offset_s,dist_saa_gap_s,pair_cmp,pair_group,gbm_within_1h
0,2019-03-01 06:28:02.424929,4.096069931983948,n7 n9 nb,13.959738350154268,7.881124030368224,0.0,13.959738350154268,R,-25.093496322631836,90.71802520751953,529.425757932692,1.5942858330975527,258.19818848658826,,10324.477602005005,-16034.477591514587,15854.900892972946,-1,absent,-
6,2019-03-07 01:51:23.532494,40.960659980773926,n0 n1 n2 n3 n4 n5 n6 n7 n8 n9 na nb,880.9214117643891,764.8703011265087,99.16602496902004,880.9214117643891,R,-24.114116668701172,105.9688949584961,537.8129120849459,1.546111054948284,250.69382807450756,21050.19241607189,15973.807583928108,15340.19242656231,15971.31635093689,-1,absent,-
8,2019-03-08 22:19:41.957523,4.551572918891907,n3,0.0,3.0773893485772605,0.0,3.0773893485772605,P,-25.602779388427734,168.6298370361328,538.1689299768847,1.472688204355701,272.62970886801054,10052.065650105476,26984.93434894085,4342.065660595894,10050.7336050272,-1,absent,"GRB190308923 (GRB, -595 s)"
9,2019-03-09 04:40:38.488395,28.672468066215515,n0 n1 n2 n3 n4 n5 n6 n7 n8 n9 na nb,39.21678780342463,35.10579868622749,16.964483613703567,39.21678780342463,R,-25.51953125,74.11015319824219,538.4638228356362,1.5980625182845327,275.1521419481525,32913.148316025734,4123.851683020592,-9833.851672530174,4120.648465156555,-1,absent,-
13,2019-03-12 03:50:38.522541,57.34488797187805,n0 n1 n2 n3 n4 n5 n6 n7 n8 na nb,62.97555024053321,16.860458149261788,0.0,62.97555024053321,R,-19.31754493713379,15.640817642211914,543.9393699825407,1.4465941312464925,229.935711046401,37810.859572172165,4887.140432834625,-10597.140422344208,4882.515596866608,12,other,-
36,2019-04-05 13:32:42.186251,114.68972897529602,n2 n3 n4 n5 n7 n8 na nb,13.496520735683118,23.738414582400825,0.0,23.738414582400825,R,25.516014099121094,-97.89077758789062,534.8387561182449,1.6414469993988523,90.32594286689496,29973.957985043526,7059.042021036148,-12769.04201066494,7057.524097084999,37,other,-
38,2019-04-06 13:19:56.038570,139.26608192920685,n0 n1 n2 n3 n5 n6 n7 n8 n9 na nb,22.519309596629896,31.922793976763227,0.0,31.922793976763227,R,25.455007553100586,-98.18838500976562,533.8097623901638,1.63705187377592,94.17929347192602,30090.906375050545,7003.093631029129,-12713.09362065792,7000.177706003189,39,other,-
45,2019-04-09 10:15:12.665876,94.20962810516356,n0 n1 n2 n6 n9 na nb,33.4723097651679,8.888958056067247,0.0,33.4723097651679,R,-25.360628128051758,93.7716293334961,540.3114712540194,1.6056046520907574,263.0502965766926,26953.843681931496,10065.15631711483,-15775.156306624413,10059.939511060717,46,other,-
46,2019-04-10 08:26:24.577345,4.096068978309631,n1 n9 na nb,31.622834699201327,7.109959640513826,0.0,31.622834699201327,R,-24.964981079101562,108.43318939208984,542.1916530175578,1.580957832549552,257.887398803374,21198.833720088005,15808.166272878647,15488.833730578423,15802.62943291664,47,other,-
49,2019-04-12 00:39:53.566327,4.096065998077393,n2,0.0,3.211118348186567,0.0,3.211118348186567,P,18.87424659729004,0.03555968031287193,521.3490441053616,1.0610274048480686,48.45161149080832,695.6262581348419,4437.37374484539,871.6262686252594,692.235463142395,-1,absent,-
59,2019-04-22 18:58:31.100524,4.096085071563721,n0 n2 n9 na,0.0,6.958756255601275,3.525161121252709,6.958756255601275,R,18.427316665649414,0.030504189431667328,534.1470339234174,1.0891998803101033,46.816826960215685,680.5604479312897,4412.039553999901,863.5604594945908,679.9495579004288,60,other,-
62,2019-04-25 04:51:44.183935,12.28822422027588,n2 n3 n4 n5 n6 n7 n8 na nb,60.32116908757431,7.923305545382116,0.0,60.32116908757431,R,-17.485614776611328,10.94144344329834,527.2765945398294,1.401817507971271,223.88410721436426,37707.240011096,4982.7599819898605,-10692.759971499443,4980.83579993248,-1,absent,-
83,2019-05-14 11:57:51.300410,69.6330919265747,n0 n1 n2 n3 n4 n5 n6 n7 n8 n9 na nb,96.53063915102274,9.871266667449442,0.0,96.53063915102274,R,-20.9158992767334,-160.18634033203125,539.090746427473,1.240839407758869,303.9455541842449,10549.75704908371,26486.242944955826,4839.757059574127,10547.368494987488,83,other,-
91,2019-05-19 14:34:51.884471,36.86454689502716,n2 n4 n5 n6 n7 n8 na nb,12.808541268432672,14.942394839361343,0.0,14.942394839361343,R,25.460716247558594,-96.24465942382812,522.6643441346482,1.6510285029690583,90.57966811751885,29966.05621600151,7048.943784952164,-12758.943774580956,7045.232581019402,94,other,-
93,2019-05-20 12:41:05.052515,49.1527099609375,n4 n7 n8 na nb,6.23885333686599,12.759919072650488,0.0,12.759919072650488,R,24.166244506835938,-95.23040771484375,525.3761696763082,1.6107272095375453,72.2024230417076,24011.416371941566,13043.583624958992,18301.416382431984,13037.56001996994,96,other,-
96,2019-05-22 15:28:38.574776,4.096058964729309,na,0.0,3.045498191957037,0.0,3.045498191957037,P,25.467866897583008,-133.6729278564453,526.1715829585804,1.3941444548689639,90.38310858614724,41295.24258291721,1382.757416009903,-7092.7574055194855,1380.3728890419006,-1,absent,-
100,2019-05-29 09:57:11.244783,12.288246989250185,n9 na nb,40.40136639875495,9.012684576010807,0.0,40.40136639875495,R,-25.494705200195312,73.66588592529297,530.5414270245523,1.5965148064526615,267.2480913291932,32725.300495028496,4295.699503898621,-10005.699493408203,4292.695155978203,107,other,-
101,2019-05-29 10:42:51.525655,274.437313079834,n0 n1 n3 n4 n5 n6 n7 n9 na nb,84.99050946598399,37.892949810015935,0.0,84.99050946598399,R,25.116031646728516,-125.95590209960938,537.6544295217358,1.4273396851201388,80.040769993565,35465.58154404163,1555.4184548854828,-7265.418444395065,1552.414106965065,108,other,-
116,2019-06-09 02:40:06.101176,4.09607994556427,n6 n7 n8 n9 nb,41.15962351930109,9.2729450673008,0.0,41.15962351930109,R,-25.509138107299805,96.2530746459961,537.5248233536585,1.611910508773648,264.22022596313695,26964.253066062927,10094.74693095684,-15804.746920585632,10092.75528895855,123,other,-
