row,timestamp,met,zero_bin,dt_prev_s,n_nan_inputs,max_abs_z,feature_max_abs_z,max_jump_over_p999,feature_max_jump,ref_pred_sum_r1,ref_channels_le0,cmp_pred_sum_r1,network_out_sum,preact_max,preact_median,penultimate_mean_abs
112042,2019-03-07 01:51:07.148236,573616272.148236,False,4.09606409072876,0,3.9506425382002024,w2,0.9695905425939879,na_dec,4527.344319999999,0,4538.18602,7787.5068359375,394.7228698730469,232.93759155273438,0.8855915665626526
112043,2019-03-07 01:51:11.244300,573616276.2443001,False,4.09606409072876,0,4.232053893417531,w2,1.046415803167187,na_dec,4528.220850000001,0,4541.51351,7782.0498046875,395.1532897949219,231.97122192382812,0.9020956754684448
112044,2019-03-07 01:51:15.340364,573616280.340364,False,4.096063852310181,0,4.514550636199329,w2,1.123374152995397,na_dec,4527.5243900000005,0,4544.878960000001,7771.92138671875,395.7026062011719,230.59152221679688,0.9238909482955933
112045,2019-03-07 01:51:19.436429,573616284.436429,False,4.096065044403076,0,4.795879681082691,w2,1.1988941151059909,na_dec,4523.45247,0,4547.863509999999,7756.21044921875,396.15570068359375,229.01483154296875,0.9506656527519226
112046,2019-03-07 01:51:23.532494,573616288.5324941,False,4.096065044403076,0,5.045244168812009,w2,1.272904537935713,na_dec,3090.19459,0,4550.606760000001,5009.81005859375,337.39263916015625,149.51194763183594,1.3502603769302368
112047,2019-03-07 01:51:27.628558,573616292.6285579,True,4.096063852310181,0,5.197103749629856,w2,1.341514352361624,na_dec,0.0,36,4552.85337,0.0,-443.4293518066406,-2603.47265625,10.324316024780273
112048,2019-03-07 01:51:31.724622,573616296.724622,True,4.09606409072876,0,5.126555690331364,w2,1.36048852913128,na_dec,0.0,36,4553.60467,0.0,-578.795166015625,-3315.84375,12.662203788757324
112049,2019-03-07 01:51:35.820686,573616300.8206861,True,4.09606409072876,0,4.827171255298921,w2,1.3222573609250703,na_dec,298.17341999999996,32,4553.347360000001,544.9500122070312,180.33602905273438,-86.62812805175781,2.2564847469329834
112050,2019-03-07 01:51:39.916751,573616304.916751,False,4.096064925193787,0,4.510220600858634,w2,1.2520874588954705,na_dec,4546.1615,0,4553.94134,7774.33837890625,398.4913024902344,226.56378173828125,1.1314752101898193
112051,2019-03-07 01:51:44.012824,573616309.012824,False,4.096073031425476,0,4.204106336448062,w2,1.1809492045652303,na_dec,4529.21067,0,4554.277830000001,7738.330078125,398.30767822265625,225.76182556152344,1.0747692584991455
112052,2019-03-07 01:51:48.108896,573616313.108896,False,4.09607195854187,0,3.891942049251802,w2,1.1110756820689045,na_dec,4535.03566,0,4554.06105,7746.029296875,398.8674621582031,225.88734436035156,1.0825002193450928
112053,2019-03-07 01:51:52.204961,573616317.2049611,False,4.096065044403076,0,3.610302954561222,w2,1.042286197148729,na_dec,4539.655059999999,0,4554.25499,7752.66064453125,399.3279724121094,226.03135681152344,1.087091326713562
112054,2019-03-07 01:51:56.301026,573616321.3010261,False,4.096065044403076,0,3.3373388572965306,w2,1.0,sun_ra,4545.21095,0,4554.347,7761.4482421875,399.9343566894531,226.30149841308594,1.088794469833374
151193,2019-03-09 04:40:05.719864,573799210.7198641,False,4.096065044403076,0,3.2399883355710473,w2,0.9926914658367865,vz,4575.72706,0,4574.03691,7820.30859375,403.5214538574219,227.76052856445312,1.0628479719161987
151194,2019-03-09 04:40:09.815928,573799214.815928,False,4.096063852310181,0,3.474143750088524,w2,1.0059569255847973,na_dec,4575.72152,0,4573.461590000001,7815.3388671875,403.4706726074219,227.01470947265625,1.0834648609161377
151195,2019-03-09 04:40:13.911992,573799218.9119921,False,4.09606409072876,0,3.69946935551571,w2,1.0815452239090217,na_dec,4575.772999999999,0,4572.21584,7811.0849609375,403.50494384765625,226.37184143066406,1.1071512699127197
151196,2019-03-09 04:40:18.008065,573799223.008065,False,4.0960729122161865,0,3.9082953640492915,w2,1.1563966684540616,na_dec,4575.6354,0,4570.828780000001,7809.8486328125,403.7123718261719,225.96893310546875,1.1468853950500488
151197,2019-03-09 04:40:22.104138,573799227.1041379,False,4.0960729122161865,0,4.178316145050187,w3,1.2291632186311834,na_dec,4515.48629,0,4569.62503,7733.48486328125,400.19854736328125,223.3863067626953,1.3435697555541992
151198,2019-03-09 04:40:26.200202,573799231.200202,True,4.09606409072876,0,4.539269754926864,w3,1.3009566816014764,na_dec,0.0,36,4568.62501,0.0,-349.7843322753906,-2139.84228515625,9.142128944396973
151199,2019-03-09 04:40:30.296266,573799235.2962661,True,4.09606409072876,0,4.826468516449203,w3,1.3567784102069809,na_dec,0.0,36,4567.49625,0.0,-876.2344360351562,-5048.591796875,18.82086181640625
151200,2019-03-09 04:40:34.392330,573799239.3923299,True,4.096063852310181,0,4.881563495906618,w3,1.356495851480958,na_dec,0.0,36,4565.74757,0.0,-451.7660827636719,-2756.97900390625,11.171218872070312
151201,2019-03-09 04:40:38.488395,573799243.488395,False,4.096065044403076,0,4.751284426777064,w3,1.3009689667634774,na_dec,2784.8248399999998,0,4563.28215,4629.041015625,324.0175476074219,127.46955108642578,1.6260322332382202
151202,2019-03-09 04:40:42.584460,573799247.58446,False,4.096065044403076,0,4.610998032662074,w3,1.2287598558121506,na_dec,4600.43084,0,4561.2942,7854.27294921875,406.2791748046875,226.73736572265625,1.2887382507324219
151203,2019-03-09 04:40:46.680524,573799251.6805241,False,4.09606409072876,0,4.472906897860246,w3,1.157938968166936,na_dec,4596.60588,0,4559.75687,7844.3583984375,405.23150634765625,226.5189971923828,1.2568362951278687
151204,2019-03-09 04:40:50.776588,573799255.776588,False,4.096063852310181,0,4.277266890254998,w3,1.0882759570403149,na_dec,4589.76685,0,4558.95353,7833.203125,404.7522888183594,226.37408447265625,1.253558874130249
151205,2019-03-09 04:40:54.872653,573799259.872653,False,4.096065044403076,0,4.10140266679411,w3,1.0185965656976923,na_dec,4580.357,0,4558.313709999999,7818.4560546875,403.9122314453125,226.12777709960938,1.2570629119873047
