row,feature,out_sum_after_replacing,out_sum_all_inputs_from_neighbours
112047,pos_x,0.0,7754.6123046875
112047,pos_y,0.0,7754.6123046875
112047,pos_z,0.0,7754.6123046875
112047,a,0.0,7754.6123046875
112047,b,0.0,7754.6123046875
112047,c,0.0,7754.6123046875
112047,d,0.0,7754.6123046875
112047,lat,0.0,7754.6123046875
112047,lon,0.0,7754.6123046875
112047,alt,0.0,7754.6123046875
112047,vx,0.0,7754.6123046875
112047,vy,0.0,7754.6123046875
112047,vz,0.0,7754.6123046875
112047,w1,7807.96484375,7754.6123046875
112047,w2,7779.59228515625,7754.6123046875
112047,w3,0.0,7754.6123046875
112047,sun_vis,0.0,7754.6123046875
112047,sun_ra,0.0,7754.6123046875
112047,sun_dec,0.0,7754.6123046875
112047,earth_r,0.0,7754.6123046875
112047,earth_ra,0.0,7754.6123046875
112047,earth_dec,0.0,7754.6123046875
112047,saa,0.0,7754.6123046875
112047,l,0.0,7754.6123046875
112047,n0_ra,0.0,7754.6123046875
112047,n0_dec,0.0,7754.6123046875
112047,n0_vis,0.0,7754.6123046875
112047,n1_ra,0.0,7754.6123046875
112047,n1_dec,0.0,7754.6123046875
112047,n1_vis,0.0,7754.6123046875
112047,n2_ra,0.0,7754.6123046875
112047,n2_dec,0.0,7754.6123046875
112047,n2_vis,0.0,7754.6123046875
112047,n3_ra,0.0,7754.6123046875
112047,n3_dec,0.0,7754.6123046875
112047,n3_vis,0.0,7754.6123046875
112047,n4_ra,0.0,7754.6123046875
112047,n4_dec,0.0,7754.6123046875
112047,n4_vis,0.0,7754.6123046875
112047,n5_ra,0.0,7754.6123046875
112047,n5_dec,0.0,7754.6123046875
112047,n5_vis,0.0,7754.6123046875
112047,n6_ra,0.0,7754.6123046875
112047,n6_dec,0.0,7754.6123046875
112047,n6_vis,0.0,7754.6123046875
112047,n7_ra,0.0,7754.6123046875
112047,n7_dec,0.0,7754.6123046875
112047,n7_vis,0.0,7754.6123046875
112047,n8_ra,0.0,7754.6123046875
112047,n8_dec,0.0,7754.6123046875
112047,n8_vis,0.0,7754.6123046875
112047,n9_ra,0.0,7754.6123046875
112047,n9_dec,0.0,7754.6123046875
112047,n9_vis,0.0,7754.6123046875
112047,na_ra,0.0,7754.6123046875
112047,na_dec,0.0,7754.6123046875
112047,na_vis,0.0,7754.6123046875
112047,nb_ra,0.0,7754.6123046875
112047,nb_dec,0.0,7754.6123046875
112047,nb_vis,0.0,7754.6123046875
112048,pos_x,0.0,7748.68701171875
112048,pos_y,0.0,7748.68701171875
112048,pos_z,0.0,7748.68701171875
112048,a,0.0,7748.68701171875
112048,b,0.0,7748.68701171875
112048,c,0.0,7748.68701171875
112048,d,0.0,7748.68701171875
112048,lat,0.0,7748.68701171875
112048,lon,0.0,7748.68701171875
112048,alt,0.0,7748.68701171875
112048,vx,0.0,7748.68701171875
112048,vy,0.0,7748.68701171875
112048,vz,0.0,7748.68701171875
112048,w1,7289.4814453125,7748.68701171875
112048,w2,7796.0517578125,7748.68701171875
112048,w3,0.0,7748.68701171875
112048,sun_vis,0.0,7748.68701171875
112048,sun_ra,0.0,7748.68701171875
112048,sun_dec,0.0,7748.68701171875
112048,earth_r,0.0,7748.68701171875
112048,earth_ra,0.0,7748.68701171875
112048,earth_dec,0.0,7748.68701171875
112048,saa,0.0,7748.68701171875
112048,l,0.0,7748.68701171875
112048,n0_ra,0.0,7748.68701171875
112048,n0_dec,0.0,7748.68701171875
112048,n0_vis,0.0,7748.68701171875
112048,n1_ra,0.0,7748.68701171875
112048,n1_dec,0.0,7748.68701171875
112048,n1_vis,0.0,7748.68701171875
112048,n2_ra,0.0,7748.68701171875
112048,n2_dec,0.0,7748.68701171875
112048,n2_vis,0.0,7748.68701171875
112048,n3_ra,0.0,7748.68701171875
112048,n3_dec,0.0,7748.68701171875
112048,n3_vis,0.0,7748.68701171875
112048,n4_ra,0.0,7748.68701171875
112048,n4_dec,0.0,7748.68701171875
112048,n4_vis,0.0,7748.68701171875
112048,n5_ra,0.0,7748.68701171875
112048,n5_dec,0.0,7748.68701171875
112048,n5_vis,0.0,7748.68701171875
112048,n6_ra,0.0,7748.68701171875
112048,n6_dec,0.0,7748.68701171875
112048,n6_vis,0.0,7748.68701171875
112048,n7_ra,0.0,7748.68701171875
112048,n7_dec,0.0,7748.68701171875
112048,n7_vis,0.0,7748.68701171875
112048,n8_ra,0.0,7748.68701171875
112048,n8_dec,0.0,7748.68701171875
112048,n8_vis,0.0,7748.68701171875
112048,n9_ra,0.0,7748.68701171875
112048,n9_dec,0.0,7748.68701171875
112048,n9_vis,0.0,7748.68701171875
112048,na_ra,0.0,7748.68701171875
112048,na_dec,0.0,7748.68701171875
112048,na_vis,0.0,7748.68701171875
112048,nb_ra,0.0,7748.68701171875
112048,nb_dec,0.0,7748.68701171875
112048,nb_vis,0.0,7748.68701171875
112049,pos_x,548.5865478515625,7746.38623046875
112049,pos_y,546.0518798828125,7746.38623046875
112049,pos_z,542.4808349609375,7746.38623046875
112049,a,547.0330810546875,7746.38623046875
112049,b,543.3198852539062,7746.38623046875
112049,c,540.21435546875,7746.38623046875
112049,d,540.5185546875,7746.38623046875
112049,lat,542.805908203125,7746.38623046875
112049,lon,545.842529296875,7746.38623046875
112049,alt,539.9752197265625,7746.38623046875
112049,vx,543.0704345703125,7746.38623046875
112049,vy,543.5560302734375,7746.38623046875
112049,vz,551.9627075195312,7746.38623046875
112049,w1,7761.3720703125,7746.38623046875
112049,w2,7748.9052734375,7746.38623046875
112049,w3,2501.0419921875,7746.38623046875
112049,sun_vis,544.9500122070312,7746.38623046875
112049,sun_ra,544.949951171875,7746.38623046875
112049,sun_dec,544.956787109375,7746.38623046875
112049,earth_r,540.6994018554688,7746.38623046875
112049,earth_ra,544.9677734375,7746.38623046875
112049,earth_dec,542.08984375,7746.38623046875
112049,saa,544.9500122070312,7746.38623046875
112049,l,546.2338256835938,7746.38623046875
112049,n0_ra,535.4634399414062,7746.38623046875
112049,n0_dec,543.734375,7746.38623046875
112049,n0_vis,544.9500122070312,7746.38623046875
112049,n1_ra,544.401123046875,7746.38623046875
112049,n1_dec,545.2188110351562,7746.38623046875
112049,n1_vis,544.9500122070312,7746.38623046875
112049,n2_ra,544.9725341796875,7746.38623046875
112049,n2_dec,537.075439453125,7746.38623046875
112049,n2_vis,544.9500122070312,7746.38623046875
112049,n3_ra,542.407470703125,7746.38623046875
112049,n3_dec,530.42529296875,7746.38623046875
112049,n3_vis,544.9500122070312,7746.38623046875
112049,n4_ra,546.4879150390625,7746.38623046875
112049,n4_dec,532.5645751953125,7746.38623046875
112049,n4_vis,544.9500122070312,7746.38623046875
112049,n5_ra,547.576904296875,7746.38623046875
112049,n5_dec,544.1295166015625,7746.38623046875
112049,n5_vis,544.9500122070312,7746.38623046875
112049,n6_ra,570.0849609375,7746.38623046875
112049,n6_dec,573.7874145507812,7746.38623046875
112049,n6_vis,544.9500122070312,7746.38623046875
112049,n7_ra,547.2976684570312,7746.38623046875
112049,n7_dec,545.0654907226562,7746.38623046875
112049,n7_vis,544.9500122070312,7746.38623046875
112049,n8_ra,547.4952392578125,7746.38623046875
112049,n8_dec,539.5767822265625,7746.38623046875
112049,n8_vis,544.9500122070312,7746.38623046875
112049,n9_ra,543.1287231445312,7746.38623046875
112049,n9_dec,537.88720703125,7746.38623046875
112049,n9_vis,544.9500122070312,7746.38623046875
112049,na_ra,546.6521606445312,7746.38623046875
112049,na_dec,537.8757934570312,7746.38623046875
112049,na_vis,544.9500122070312,7746.38623046875
112049,nb_ra,563.7282104492188,7746.38623046875
112049,nb_dec,543.158203125,7746.38623046875
112049,nb_vis,544.9500122070312,7746.38623046875
151198,pos_x,0.0,7806.43310546875
151198,pos_y,0.0,7806.43310546875
151198,pos_z,0.0,7806.43310546875
151198,a,0.0,7806.43310546875
151198,b,0.0,7806.43310546875
151198,c,0.0,7806.43310546875
151198,d,0.0,7806.43310546875
151198,lat,0.0,7806.43310546875
151198,lon,0.0,7806.43310546875
151198,alt,0.0,7806.43310546875
151198,vx,0.0,7806.43310546875
151198,vy,0.0,7806.43310546875
151198,vz,0.0,7806.43310546875
151198,w1,7770.04931640625,7806.43310546875
151198,w2,7823.77880859375,7806.43310546875
151198,w3,0.0,7806.43310546875
151198,sun_vis,0.0,7806.43310546875
151198,sun_ra,0.0,7806.43310546875
151198,sun_dec,0.0,7806.43310546875
151198,earth_r,0.0,7806.43310546875
151198,earth_ra,0.0,7806.43310546875
151198,earth_dec,0.0,7806.43310546875
151198,saa,0.0,7806.43310546875
151198,l,0.0,7806.43310546875
151198,n0_ra,0.0,7806.43310546875
151198,n0_dec,0.0,7806.43310546875
151198,n0_vis,0.0,7806.43310546875
151198,n1_ra,0.0,7806.43310546875
151198,n1_dec,0.0,7806.43310546875
151198,n1_vis,0.0,7806.43310546875
151198,n2_ra,0.0,7806.43310546875
151198,n2_dec,0.0,7806.43310546875
151198,n2_vis,0.0,7806.43310546875
151198,n3_ra,0.0,7806.43310546875
151198,n3_dec,0.0,7806.43310546875
151198,n3_vis,0.0,7806.43310546875
151198,n4_ra,0.0,7806.43310546875
151198,n4_dec,0.0,7806.43310546875
151198,n4_vis,0.0,7806.43310546875
151198,n5_ra,0.0,7806.43310546875
151198,n5_dec,0.0,7806.43310546875
151198,n5_vis,0.0,7806.43310546875
151198,n6_ra,0.0,7806.43310546875
151198,n6_dec,0.0,7806.43310546875
151198,n6_vis,0.0,7806.43310546875
151198,n7_ra,0.0,7806.43310546875
151198,n7_dec,0.0,7806.43310546875
151198,n7_vis,0.0,7806.43310546875
151198,n8_ra,0.0,7806.43310546875
151198,n8_dec,0.0,7806.43310546875
151198,n8_vis,0.0,7806.43310546875
151198,n9_ra,0.0,7806.43310546875
151198,n9_dec,0.0,7806.43310546875
151198,n9_vis,0.0,7806.43310546875
151198,na_ra,0.0,7806.43310546875
151198,na_dec,0.0,7806.43310546875
151198,na_vis,0.0,7806.43310546875
151198,nb_ra,0.0,7806.43310546875
151198,nb_dec,0.0,7806.43310546875
151198,nb_vis,0.0,7806.43310546875
151199,pos_x,0.0,7812.056640625
151199,pos_y,0.0,7812.056640625
151199,pos_z,0.0,7812.056640625
151199,a,0.0,7812.056640625
151199,b,0.0,7812.056640625
151199,c,0.0,7812.056640625
151199,d,0.0,7812.056640625
151199,lat,0.0,7812.056640625
151199,lon,0.0,7812.056640625
151199,alt,0.0,7812.056640625
151199,vx,0.0,7812.056640625
151199,vy,0.0,7812.056640625
151199,vz,0.0,7812.056640625
151199,w1,854.8016357421875,7812.056640625
151199,w2,7751.21875,7812.056640625
151199,w3,0.0,7812.056640625
151199,sun_vis,0.0,7812.056640625
151199,sun_ra,0.0,7812.056640625
151199,sun_dec,0.0,7812.056640625
151199,earth_r,0.0,7812.056640625
151199,earth_ra,0.0,7812.056640625
151199,earth_dec,0.0,7812.056640625
151199,saa,0.0,7812.056640625
151199,l,0.0,7812.056640625
151199,n0_ra,0.0,7812.056640625
151199,n0_dec,0.0,7812.056640625
151199,n0_vis,0.0,7812.056640625
151199,n1_ra,0.0,7812.056640625
151199,n1_dec,0.0,7812.056640625
151199,n1_vis,0.0,7812.056640625
151199,n2_ra,0.0,7812.056640625
151199,n2_dec,0.0,7812.056640625
151199,n2_vis,0.0,7812.056640625
151199,n3_ra,0.0,7812.056640625
151199,n3_dec,0.0,7812.056640625
151199,n3_vis,0.0,7812.056640625
151199,n4_ra,0.0,7812.056640625
151199,n4_dec,0.0,7812.056640625
151199,n4_vis,0.0,7812.056640625
151199,n5_ra,0.0,7812.056640625
151199,n5_dec,0.0,7812.056640625
151199,n5_vis,0.0,7812.056640625
151199,n6_ra,0.0,7812.056640625
151199,n6_dec,0.0,7812.056640625
151199,n6_vis,0.0,7812.056640625
151199,n7_ra,0.0,7812.056640625
151199,n7_dec,0.0,7812.056640625
151199,n7_vis,0.0,7812.056640625
151199,n8_ra,0.0,7812.056640625
151199,n8_dec,0.0,7812.056640625
151199,n8_vis,0.0,7812.056640625
151199,n9_ra,0.0,7812.056640625
151199,n9_dec,0.0,7812.056640625
151199,n9_vis,0.0,7812.056640625
151199,na_ra,0.0,7812.056640625
151199,na_dec,0.0,7812.056640625
151199,na_vis,0.0,7812.056640625
151199,nb_ra,0.0,7812.056640625
151199,nb_dec,0.0,7812.056640625
151199,nb_vis,0.0,7812.056640625
151200,pos_x,0.0,7819.74560546875
151200,pos_y,0.0,7819.74560546875
151200,pos_z,0.0,7819.74560546875
151200,a,0.0,7819.74560546875
151200,b,0.0,7819.74560546875
151200,c,0.0,7819.74560546875
151200,d,0.0,7819.74560546875
151200,lat,0.0,7819.74560546875
151200,lon,0.0,7819.74560546875
151200,alt,0.0,7819.74560546875
151200,vx,0.0,7819.74560546875
151200,vy,0.0,7819.74560546875
151200,vz,0.0,7819.74560546875
151200,w1,6322.72705078125,7819.74560546875
151200,w2,7804.755859375,7819.74560546875
151200,w3,0.0,7819.74560546875
151200,sun_vis,0.0,7819.74560546875
151200,sun_ra,0.0,7819.74560546875
151200,sun_dec,0.0,7819.74560546875
151200,earth_r,0.0,7819.74560546875
151200,earth_ra,0.0,7819.74560546875
151200,earth_dec,0.0,7819.74560546875
151200,saa,0.0,7819.74560546875
151200,l,0.0,7819.74560546875
151200,n0_ra,0.0,7819.74560546875
151200,n0_dec,0.0,7819.74560546875
151200,n0_vis,0.0,7819.74560546875
151200,n1_ra,0.0,7819.74560546875
151200,n1_dec,0.0,7819.74560546875
151200,n1_vis,0.0,7819.74560546875
151200,n2_ra,0.0,7819.74560546875
151200,n2_dec,0.0,7819.74560546875
151200,n2_vis,0.0,7819.74560546875
151200,n3_ra,0.0,7819.74560546875
151200,n3_dec,0.0,7819.74560546875
151200,n3_vis,0.0,7819.74560546875
151200,n4_ra,0.0,7819.74560546875
151200,n4_dec,0.0,7819.74560546875
151200,n4_vis,0.0,7819.74560546875
151200,n5_ra,0.0,7819.74560546875
151200,n5_dec,0.0,7819.74560546875
151200,n5_vis,0.0,7819.74560546875
151200,n6_ra,0.0,7819.74560546875
151200,n6_dec,0.0,7819.74560546875
151200,n6_vis,0.0,7819.74560546875
151200,n7_ra,0.0,7819.74560546875
151200,n7_dec,0.0,7819.74560546875
151200,n7_vis,0.0,7819.74560546875
151200,n8_ra,0.0,7819.74560546875
151200,n8_dec,0.0,7819.74560546875
151200,n8_vis,0.0,7819.74560546875
151200,n9_ra,0.0,7819.74560546875
151200,n9_dec,0.0,7819.74560546875
151200,n9_vis,0.0,7819.74560546875
151200,na_ra,0.0,7819.74560546875
151200,na_dec,0.0,7819.74560546875
151200,na_vis,0.0,7819.74560546875
151200,nb_ra,0.0,7819.74560546875
151200,nb_dec,0.0,7819.74560546875
151200,nb_vis,0.0,7819.74560546875
