row,feature,value,z,percentile_in_period,neighbours_mean,jump_prev_over_p999
112047,pos_x,3020213.5,0.6562402609062038,65.53351995489632,3010054.25,0.8368858821816778
112047,pos_y,-5536884.5,-1.2035057340354367,17.680010436035058,-5542326.0,0.5272024930371271
112047,pos_z,-2828699.75,-1.5213107778196648,8.137694905016891,-2826680.75,0.3260904324103252
112047,a,0.9891194105148315,1.2972398064877713,99.10623579899553,0.9883953332901001,0.014278883072433616
112047,b,-0.09718705713748932,-0.567784712352524,29.04965962264083,-0.09738600254058838,0.18194329860852723
112047,c,0.07602887600660324,-0.1153888539885468,46.68915000817549,0.07360771298408508,1.2005221018721082
112047,d,0.08009721338748932,-0.3340354933647688,38.40952323938817,0.0826474279165268,1.1332945888380823
112047,lat,-24.156166076660156,-1.5275270898840896,8.146942590191736,-24.137863159179688,0.357879549812533
112047,lon,106.2431869506836,-0.6090668591344515,32.36198388311641,106.14608001708984,0.540754962523952
112047,alt,537789.8125,0.9095715105403742,77.53902567818591,537796.625,0.34774436090225563
112047,vx,6352.8876953125,1.2565563660062433,84.71022579541261,6357.64306640625,0.4335476006955127
112047,vy,4021.918212890625,0.7976097056807298,69.21878950928297,4011.12353515625,0.7996517865964543
112047,vz,-1068.8382568359375,-0.4566667151574321,39.751822508776364,-1073.9521484375,0.9400122926259086
112047,w1,0.004439046606421471,3.623054573153038,99.93455140685437,0.0037739528343081474,0.5026391814174272
112047,w2,0.0028266829904168844,5.197103749629856,99.99446032385661,0.002387736225500703,0.30580338177098126
112047,w3,0.0011839414946734905,3.2306359113097116,99.50687947362354,0.0010009210091084242,0.39281777074064167
112047,sun_vis,1.0,0.7498431265948075,100.0,1.0,0.0
112047,sun_ra,347.0538024902344,2.1505888690096393,88.4491051189288,347.0538024902344,0.5
112047,sun_dec,-5.5474534034729,-1.8066728155194807,5.005722842854577,-5.547460079193115,0.9620253164556962
112047,earth_r,67.24372100830078,-0.9104399510392139,22.461599769120593,67.24358367919922,0.34104046242774566
112047,earth_ra,118.61121368408203,-0.5966331205137626,32.78018475713434,118.50768280029297,0.5199782042101977
112047,earth_dec,24.156169891357422,1.5275271682697278,91.85314675942348,24.137866973876953,0.35787952091412106
112047,saa,0.0,0.0,100.0,0.0,
112047,l,1.547625184059143,1.9858330595856242,93.225378149909,1.5469372272491455,0.336753632410648
112047,n0_ra,304.6850891113281,1.2353859936701952,79.85429758246745,304.1763916015625,0.00527890154826823
112047,n0_dec,-56.76996994018555,-1.3631325982076132,8.373041791495526,-56.491661071777344,0.2603140277648573
112047,n0_vis,1.0,0.0,100.0,1.0,
112047,n1_ra,304.3500061035156,1.3567754936703798,78.94462914995457,304.0836181640625,0.04712587473686073
112047,n1_dec,-32.03788757324219,-1.0325016637177906,18.776598263579576,-31.89116859436035,0.2741747791522434
112047,n1_vis,1.0,0.0,100.0,1.0,
112047,n2_ra,289.91107177734375,1.1555105714920266,72.27048094217382,289.9835510253906,0.04276575332457058
112047,n2_dec,12.290361404418945,0.14565147160869643,56.95457197513579,12.413520812988281,0.577650596104317
112047,n2_vis,1.0,0.6486838250377805,100.0,1.0,0.0
112047,n3_ra,21.921932220458984,-0.9893086761471418,13.7376820386723,21.56416130065918,0.06083586503516315
112047,n3_dec,-42.541194915771484,-1.3138319814700326,10.487723809617414,-42.89030075073242,1.1947108049475605
112047,n3_vis,1.0,0.0,100.0,1.0,
112047,n4_ra,45.49909973144531,-0.8678843762229961,22.79013830426939,45.42265319824219,0.0010129187155526653
112047,n4_dec,-1.4286837577819824,-0.2426234006474681,42.682043139781214,-1.8256728649139404,1.3347952666050253
112047,n4_vis,1.0,0.6651771888556213,100.0,1.0,0.0
112047,n5_ra,346.0834045410156,2.223789451099244,91.61100930218844,345.9943542480469,0.25575069274002943
112047,n5_dec,9.817320823669434,-0.06805932918295456,42.14719634309895,9.574859619140625,1.1869871623329071
112047,n5_vis,1.0,0.702080354990376,100.0,1.0,0.0
112047,n6_ra,117.47256469726562,-0.9090719721457198,20.330879495067457,124.032470703125,1.051654708154215
112047,n6_dec,-82.16997528076172,-1.7081171482703565,1.0847936783360241,-81.31410217285156,0.285626436323691
112047,n6_vis,1.0,0.0,100.0,1.0,
112047,n7_ra,123.00984954833984,-1.3465665839011556,9.491207551114682,123.71572875976562,0.39105536944806674
112047,n7_dec,-56.46584701538086,-1.246441553270449,14.366167232100816,-56.308082580566406,0.27360190912992977
112047,n7_vis,1.0,0.0,100.0,1.0,
112047,n8_ra,111.79173278808594,-1.6931691752335527,2.920704896984361,111.86123657226562,0.062457901346426856
112047,n8_dec,-12.228477478027344,-0.1372310399126492,43.419490188965504,-12.338764190673828,0.5427459667915215
112047,n8_vis,0.0,-1.5627782226828888,29.060292226851526,0.0,0.0
112047,n9_ra,226.00267028808594,0.22963854027889585,57.98267332261734,225.8995361328125,0.001167223911247117
112047,n9_dec,-44.02557373046875,-0.9257923144205383,23.461421963386314,-43.62879180908203,1.210456026593391
112047,n9_vis,1.0,0.0,100.0,1.0,
112047,na_ra,224.78244018554688,0.13091255892480372,55.0677314758144,224.7041015625,0.0018949038412532089
112047,na_dec,1.9758203029632568,0.26512914958834266,58.04146536942939,2.373070240020752,1.341514352361624
112047,na_vis,1.0,0.6304196532303397,100.0,1.0,0.0
112047,nb_ra,165.6761932373047,-1.4567133787743636,7.464668928403261,165.58770751953125,0.27928608696172336
112047,nb_dec,-9.761018753051758,0.07075254950815313,57.97726767089677,-9.520864486694336,1.1706186760311812
112047,nb_vis,0.0,-1.5105833023349924,30.5087835139238,0.0,0.0
112048,pos_x,3046204.75,0.6618166589714073,65.67344145232438,3045788.5,0.8349183450822198
112048,pos_y,-5520353.5,-1.199951665245636,17.82882222017711,-5519600.0,0.5308310642219971
112048,pos_z,-2833048.75,-1.523418109346704,8.020646909084087,-2832660.5,0.3218353093276987
112048,a,0.9891070127487183,1.2972158475440887,99.10511892880534,0.9883880615234375,0.0015615182329475248
112048,b,-0.09848331660032272,-0.5720894885129316,28.872434660860137,-0.09896594285964966,0.20099739050092819
112048,c,0.0828232392668724,-0.09417522603632562,47.3598082199859,0.0818476527929306,1.2088415336064569
112048,d,0.07146308571100235,-0.34876473989241247,37.99601322016907,0.07211519032716751,1.1527111337587679
112048,lat,-24.195812225341797,-1.529786651017591,8.029760569836105,-24.192367553710938,0.3533576060423385
112048,lon,106.50536346435547,-0.6063476094279561,32.445927846611724,106.50654602050781,0.5411486511597043
112048,alt,537765.375,0.9058800273847629,77.34513701316746,537764.5,0.3674812030075188
112048,vx,6337.890625,1.2536254265738873,84.57017027356171,6337.0244140625,0.43727771600426824
112048,vy,4049.25830078125,0.8029644246818386,69.36380393477836,4048.706298828125,0.7974371778336177
112048,vz,-1054.8013916015625,-0.45068336353593974,39.89169933139683,-1054.6546630859375,0.9415680620997667
112048,w1,0.004424880724400282,3.6106165552206777,99.930262625324,0.003777401288971305,0.03987354435905611
112048,w2,0.0027881681453436613,5.126555690331364,99.99244995751427,0.0023645106703042984,0.14206436626962554
112048,w3,0.001235102885402739,3.375429126998277,99.60489600151536,0.0010525680845603347,0.20517694534690067
112048,sun_vis,1.0,0.7498431265948075,100.0,1.0,0.0
112048,sun_ra,347.0538635253906,2.1505893971306036,88.44914979373641,347.0538635253906,1.0
112048,sun_dec,-5.5474348068237305,-1.8066709406435972,5.005767517662186,-5.5474348068237305,0.9873417721518988
112048,earth_r,67.24420928955078,-0.906733529669108,22.656873353174905,67.24421691894531,0.3699421965317919
112048,earth_ra,118.89049530029297,-0.5939559423808183,32.8559085560298,118.89167785644531,0.5203051183150232
112048,earth_dec,24.195816040039062,1.5297867291752845,91.97032877977911,24.192371368408203,0.353357577509069
112048,saa,0.0,0.0,100.0,0.0,
112048,l,1.549120545387268,1.9946658180147208,93.32544971895078,1.5489921569824219,0.3325909428359317
112048,n0_ra,306.5867614746094,1.2519630626661322,80.43761654540434,306.472412109375,0.005397569425682373
112048,n0_dec,-57.00126647949219,-1.367955926283688,8.246522736349835,-56.777347564697266,0.22810348212250298
112048,n0_vis,1.0,0.0,100.0,1.0,
112048,n1_ra,305.1219787597656,1.3632971825377929,79.07275649817414,305.021240234375,0.04752416390303098
112048,n1_dec,-32.2887077331543,-1.0386231420913512,18.573863986654743,-32.202545166015625,0.2650990544989729
112048,n1_vis,1.0,0.0,100.0,1.0,
112048,n2_ra,289.6599426269531,1.1534035370403013,72.20074356749782,289.6782531738281,0.04358674561653348
112048,n2_dec,11.72744369506836,0.12874292746313182,56.419859202876346,11.723651885986328,0.5953373797552868
112048,n2_vis,1.0,0.6486838250377805,100.0,1.0,0.0
112048,n3_ra,22.376083374023438,-0.985596634443916,13.964004614014131,22.13028335571289,0.05696089908166037
112048,n3_dec,-41.38304901123047,-1.2847583264807283,11.140824822037903,-41.483787536621094,1.2142361051452515
112048,n3_vis,1.0,0.0,100.0,1.0,
112048,n4_ra,45.48982238769531,-0.8679591054620032,22.78562614870099,45.410362243652344,0.0020858749502320763
112048,n4_dec,-0.16105793416500092,-0.2037298216350916,43.89085408403688,-0.2821284532546997,1.3537345005425803
112048,n4_vis,1.0,0.6651771888556213,100.0,1.0,0.0
112048,n5_ra,345.87738037109375,2.221949396944463,91.45299450767915,345.74334716796875,0.2983021642515444
112048,n5_dec,10.448006629943848,-0.04089807152229222,43.173823421929434,10.335933685302734,1.189658543198279
112048,n5_vis,1.0,0.702080354990376,100.0,1.0,0.0
112048,n6_ra,109.21986389160156,-0.998426962727436,17.552463860314386,114.90187072753906,0.9641288981165287
112048,n6_dec,-81.67742156982422,-1.698057689097727,1.2086769198328449,-80.82936096191406,0.46474224328488056
112048,n6_vis,1.0,0.0,100.0,1.0,
112048,n7_ra,121.15552520751953,-1.3732040375196377,9.120317298353555,121.48014831542969,0.39200372654004595
112048,n7_dec,-56.15773391723633,-1.2391027644707335,14.546474755606464,-55.933570861816406,0.32407247584614435
112048,n7_vis,1.0,0.0,100.0,1.0,
112048,n8_ra,111.53772735595703,-1.6970827398101949,2.8529778886507224,111.55253601074219,0.0638188905112049
112048,n8_dec,-11.703112602233887,-0.12125386466496323,43.91783766783208,-11.694482803344727,0.5602169961232278
112048,n8_vis,0.0,-1.5627782226828888,29.060292226851526,0.0,0.0
112048,n9_ra,225.98989868164062,0.2294600414540844,57.975659377822886,225.87442016601562,0.002815465169204141
112048,n9_dec,-45.293277740478516,-0.9549688051190883,22.77061541334472,-45.17247772216797,1.2276711516278787
112048,n9_vis,1.0,0.0,100.0,1.0,
112048,na_ra,224.773681640625,0.13077521188874366,55.06357671870686,224.6925048828125,0.003125502312871672
112048,na_dec,0.7084739208221436,0.22602649928482937,56.8449399972659,0.829949140548706,1.36048852913128
112048,na_vis,1.0,0.6304196532303397,100.0,1.0,0.0
112048,nb_ra,165.4705810546875,-1.4623324066564514,7.336452230568469,165.3372344970703,0.32560823860609295
112048,nb_dec,-10.38387680053711,0.043934127423636005,56.95676104070858,-10.272391319274902,1.1730343817785578
112048,nb_vis,0.0,-1.5105833023349924,30.5087835139238,0.0,0.0
112049,pos_x,3072134.25,0.6673798086326085,65.81376502302093,3081438.0,0.8329347464554194
112049,pos_y,-5503712.0,-1.1963738395989438,17.977365955473513,-5496719.5,0.534379357283308
112049,pos_z,-2837340.5,-1.5254977000758763,7.9037329375741034,-2838561.0,0.317598686780214
112049,a,0.9889731407165527,1.29695713702721,99.09158246210012,0.9882660508155823,0.016861393996154522
112049,b,-0.09984361380338669,-0.5766069289935737,28.68051168737642,-0.10063350200653076,0.21092705277069027
112049,c,0.08937231451272964,-0.07372744596116769,47.98360255861558,0.08999170362949371,1.1652003080554332
112049,d,0.06304225325584412,-0.36313011898424385,37.609933532821245,0.06161390617489815,1.124234860808492
112049,lat,-24.23494529724121,-1.5320169702601605,7.9122658258272205,-24.246170043945312,0.3487846629063148
112049,lon,106.7677001953125,-0.6036266979753357,32.53049725741356,106.86724853515625,0.5414793496137363
112049,alt,537742.0,0.9023490434967869,77.16670583158134,537732.0,0.35150375939849626
112049,vx,6322.7646484375,1.2506692944603388,84.4305614997869,6316.2275390625,0.441036305475686
112049,vy,4076.511474609375,0.808302121046305,69.50922043354221,4086.1767578125,0.7949021272883772
112049,vz,-1040.7437744140625,-0.44469116619068305,40.03130810517164,-1035.3271484375,0.9429600663658505
112049,w1,0.0042019374668598175,3.4148664966617126,99.8609719987241,0.0037227151915431023,0.627531547685882
112049,w2,0.002624722896143794,4.827171255298921,99.98052178388293,0.0023034533951431513,0.6028778177145869
112049,w3,0.0012344974093139172,3.373715552979404,99.60382380613278,0.0010875435546040535,0.002428193069310812
112049,sun_vis,1.0,0.7498431265948075,100.0,1.0,0.0
112049,sun_ra,347.05389404296875,2.1505896611910855,88.44919446854402,347.0539245605469,0.5
112049,sun_dec,-5.5474162101745605,-1.8066690657677138,5.005812192469794,-5.547409534454346,0.9873417721518988
112049,earth_r,67.24466705322266,-0.9032587596346336,22.834142989763215,67.24486541748047,0.3468208092485549
112049,earth_ra,119.16995239257812,-0.5912770821439277,32.930783533580716,119.27592468261719,0.5206320324198489
112049,earth_dec,24.234949111938477,1.532017048192859,92.08782352378799,24.246171951293945,0.3487846347423058
112049,saa,0.0,0.0,100.0,0.0,
112049,l,1.5505967140197754,2.0033852095666584,93.4233768972274,1.5510209798812866,0.3283221974758723
112049,n0_ra,308.4464111328125,1.268173815521115,81.03634831696598,308.7669982910156,0.005278295216047866
112049,n0_dec,-57.19161605834961,-1.3719253694527223,8.145155597887417,-57.02957534790039,0.18772179595980368
112049,n0_vis,1.0,0.0,100.0,1.0,
112049,n1_ra,305.867919921875,1.3695989551890493,79.19637169082532,305.9496154785156,0.045921613625940313
112049,n1_dec,-32.52186584472656,-1.0443135632206177,18.37774158125588,-32.5022087097168,0.2464315266692784
112049,n1_vis,1.0,0.0,100.0,1.0,
112049,n2_ra,289.4151611328125,1.151349760963343,72.13114021724465,289.373779296875,0.042485026927963916
112049,n2_dec,11.170615196228027,0.11201728693387562,55.89426009136892,11.028570175170898,0.5888974782035393
112049,n2_vis,1.0,0.6486838250377805,100.0,1.0,0.0
112049,n3_ra,22.783842086791992,-0.9822637851606526,14.166336817670494,22.660242080688477,0.051142230302363645
112049,n3_dec,-40.25577163696289,-1.2564595833532872,11.837885845144609,-40.08317565917969,1.1818725801145848
112049,n3_vis,1.0,0.0,100.0,1.0,
112049,n4_ra,45.467525482177734,-0.8681387076009819,22.77410004833814,45.385215759277344,0.005013132847083259
112049,n4_dec,1.0710188150405884,-0.16592696727400943,45.08259925178632,1.2529569864273071,1.3157706096242472
112049,n4_vis,1.0,0.6651771888556213,100.0,1.0,0.0
112049,n5_ra,345.6513366699219,2.219930543274715,91.2952477620155,345.4693603515625,0.32728842106520356
112049,n5_dec,11.052242279052734,-0.014875922315935755,44.15662451449653,11.08474349975586,1.1397657833995662
112049,n5_vis,1.0,0.702080354990376,100.0,1.0,0.0
112049,n6_ra,102.21694946289062,-1.0742500620445183,15.848477348532297,106.28469848632812,0.8181215253948774
112049,n6_dec,-81.04743957519531,-1.6851915223960303,1.3737056591365788,-80.21220397949219,0.5944108001047467
112049,n6_vis,1.0,0.0,100.0,1.0,
112049,n7_ra,119.37922668457031,-1.3987206467104045,8.78128018341689,119.27914428710938,0.3755090871188361
112049,n7_dec,-55.81526565551758,-1.230945687545102,14.745143625038978,-55.52125549316406,0.3602071386847029
112049,n7_vis,1.0,0.0,100.0,1.0,
112049,n8_ra,111.28950500488281,-1.7009072021146148,2.7870378726214016,111.24408721923828,0.06236589081134327
112049,n8_dec,-11.182570457458496,-0.10542335628101024,44.41337063381937,-11.044544219970703,0.5550743305044595
112049,n8_vis,0.0,-1.5627782226828888,29.060292226851526,0.0,0.0
112049,n9_ra,225.95828247070312,0.22901816622707208,57.956404535743864,225.83047485351562,0.006969705890789701
112049,n9_dec,-46.52547836303711,-0.9833281774323078,22.085482563869338,-46.70773696899414,1.193288926585824
112049,n9_vis,1.0,0.0,100.0,1.0,
112049,na_ra,224.7515869140625,0.13042873365143537,55.05406098468637,224.6678009033203,0.007884542419927145
112049,na_dec,-0.5232586860656738,0.18802267485823607,55.66860763814121,-0.704648494720459,1.3222573609250703
112049,na_vis,1.0,0.6304196532303397,100.0,1.0,0.0
112049,nb_ra,165.24505615234375,-1.4684956149753574,7.206939963313048,165.06390380859375,0.3571420977067202
112049,nb_dec,-10.980477333068848,0.018246276135722553,55.988077187345596,-11.011683464050293,1.123583358475568
112049,nb_vis,0.0,-1.5105833023349924,30.5087835139238,0.0,0.0
151198,pos_x,4010047.5,0.8686082079065468,71.17858396942813,4000475.5,0.7754425093328915
151198,pos_y,-4776662.0,-1.040062321020236,23.64208688535283,-4783388.0,0.629027264959452
151198,pos_z,-2981452.5,-1.5953279509438139,1.0422185866856564,-2981447.25,0.07518617481649618
151198,a,0.9862932562828064,1.291778204013234,98.82809044682848,0.98580402135849,0.09994467420783845
151198,b,-0.09348316490650177,-0.5554843763211692,29.52566969770345,-0.09356904029846191,0.2983831741765378
151198,c,0.13560833036899567,0.07063245956572195,52.42575270349599,0.13391996920108795,0.9801817668046408
151198,d,0.009800245054066181,-0.4539574374829545,35.245742714209,0.011652340181171894,1.1882270232803454
151198,lat,-25.549957275390625,-1.6069637193069652,1.0930585177434933,-25.54986572265625,0.08173498363569535
151198,lon,73.31471252441406,-0.9505953323181298,21.853486287961303,73.21377563476562,0.5541403761395308
151198,alt,538600.5,1.0320324517460873,84.9498614634216,538612.25,0.6635338345864662
151198,vx,5883.837890625,1.1648880241467205,80.77397317188453,5890.4833984375,0.5763597635280585
151198,vy,4794.08349609375,0.9488428740050415,73.51244059367458,4784.6025390625,0.6902031155842411
151198,vz,255.40444946289062,0.1078047399491434,52.370847364945824,249.83206176757812,0.9914468502576999
151198,w1,0.004507880192250013,3.6834922764745444,99.95358287489535,0.0038884859532117844,0.6561643203272672
151198,w2,0.0023215406108647585,4.271828976251617,99.90466396056465,0.0019864202477037907,0.34095533785719845
151198,w3,0.0016463355859741569,4.539269754926864,99.94402246606725,0.0014205360785126686,0.511483626731016
151198,sun_vis,1.0,0.7498431265948075,100.0,1.0,0.0
151198,sun_ra,349.013916015625,2.1675492097125444,90.19816851158731,349.013916015625,0.5
151198,sun_dec,-4.722954273223877,-1.7235485106444217,6.754786235513077,-4.72296142578125,0.9873417721518988
151198,earth_r,67.22770690917969,-1.0319989894119077,15.052372276958788,67.22747039794922,0.6647398843930635
151198,earth_ra,130.01373291015625,-0.4873292015996489,35.84590407961408,129.9063720703125,0.5320455987752813
151198,earth_dec,25.549959182739258,1.6069636809731251,98.90698615706411,25.549869537353516,0.08175197682291507
151198,saa,0.0,0.0,100.0,0.0,
151198,l,1.5982866287231445,2.285078662618073,97.06964534457232,1.5981457233428955,0.006071693710891929
151198,n0_ra,322.3287353515625,1.3891874300856706,85.49511749027653,321.87603759765625,0.005065039512256904
151198,n0_dec,-56.844940185546875,-1.3646959855821306,8.332253692149475,-56.662261962890625,0.03512612294588442
151198,n0_vis,1.0,0.0,100.0,1.0,
151198,n1_ra,312.5709533691406,1.4262267363118735,80.68426615820779,312.39617919921875,0.04274657263146995
151198,n1_dec,-33.03632736206055,-1.0568694321487482,17.933673993632944,-32.946510314941406,0.24356487174769895
151198,n1_vis,1.0,0.0,100.0,1.0,
151198,n2_ra,289.7502746582031,1.1541614446812185,72.22629755744957,289.8163146972656,0.04012798454136075
151198,n2_dec,8.010987281799316,0.01711050537905499,52.89483818337936,8.097116470336914,0.7074673116447091
151198,n2_vis,1.0,0.6486838250377805,100.0,1.0,0.0
151198,n3_ra,26.22037696838379,-0.9541749854406969,16.174380070032228,26.013450622558594,0.03535792800713785
151198,n3_dec,-32.694087982177734,-1.0666339483832172,16.891544756562507,-32.94454574584961,1.1396064243404767
151198,n3_vis,1.0,0.0,100.0,1.0,
151198,n4_ra,47.08216094970703,-0.8551327779929208,23.542194015541472,47.01309585571289,0.022551807541694988
151198,n4_dec,9.02457332611084,0.07810577096959338,53.286636246101004,8.745355606079102,1.296041467151016
151198,n4_vis,1.0,0.6651771888556213,100.0,1.0,0.0
151198,n5_ra,345.6490478515625,2.219910101256998,91.29355011932641,345.60418701171875,0.558648239169349
151198,n5_dec,15.36624526977539,0.17091190676500473,52.98347300167352,15.169232368469238,0.8895014696012281
151198,n5_vis,1.0,0.702080354990376,100.0,1.0,0.0
151198,n6_ra,75.95221710205078,-1.3586278636877585,10.871703781007668,78.27325439453125,0.2394702026949888
151198,n6_dec,-75.35881805419922,-1.569012403919622,3.2624671751851104,-75.49452209472656,1.053034225130765
151198,n6_vis,1.0,0.0,100.0,1.0,
151198,n7_ra,110.27404022216797,-1.529517064974849,7.16633056319743,110.90663146972656,0.3142303807367645
151198,n7_dec,-53.32756042480469,-1.171692304958992,16.173531248687677,-53.28070068359375,0.6819324262385358
151198,n7_vis,1.0,0.0,100.0,1.0,
151198,n8_ra,111.59040832519531,-1.6962710627789357,2.8674972011233035,111.6561279296875,0.05996211558228458
151198,n8_dec,-8.261922836303711,-0.01660185139937704,47.22122696678607,-8.338459014892578,0.6779339036506435
151198,n8_vis,0.0,-1.5627782226828888,29.060292226851526,0.0,0.0
151198,n9_ra,228.23818969726562,0.2608826589487296,59.67066625327578,228.06686401367188,0.04854238692566901
151198,n9_dec,-54.47167205810547,-1.1662115986429515,17.571093255086897,-54.19136428833008,1.1776253793441442
151198,n9_vis,1.0,0.0,100.0,1.0,
151198,na_ra,226.3538360595703,0.15555438787005135,55.813711413251795,226.28367614746094,0.036117520629403835
151198,na_dec,-8.482053756713867,-0.057537643039313864,47.5083519552823,-8.20241928100586,1.3009566816014764
151198,na_vis,1.0,0.6304196532303397,100.0,1.0,0.0
151198,nb_ra,165.24749755859375,-1.468428895534828,7.208012158695638,165.20346069335938,0.608543070950341
151198,nb_dec,-15.247111320495605,-0.16546234193049605,47.35918277267939,-15.0518159866333,0.8731887225209043
151198,nb_vis,0.0,-1.5105833023349924,30.5087835139238,0.0,0.0
151199,pos_x,4034106.0,0.8737699362902028,71.32422384223003,4033552.5,0.7728325111397331
151199,pos_y,-4756975.5,-1.0358298380954032,23.779461918747245,-4756321.5,0.6321581117782558
151199,pos_z,-2980376.25,-1.594806448171688,1.1321936492080498,-2979967.0,0.07964480378568309
151199,a,0.985344648361206,1.2899449992598382,98.73141416316491,0.9846248030662537,0.11947866671807623
151199,b,-0.09558356553316116,-0.5624596423108846,29.26159690993291,-0.09615479409694672,0.32568714603035487
151199,c,0.14127682149410248,0.08833084529697291,52.969534461699844,0.14080432057380676,1.0085282818153658
151199,d,0.00048018997767940164,-0.46985683045176135,34.84058688401259,0.00023750122636556625,1.244286818117471
151199,lat,-25.54023551940918,-1.6064096452620573,1.191119720442924,-25.536495208740234,0.08664792254391415
151199,lon,73.58314514160156,-0.947811195381995,21.938234397993565,73.58283996582031,0.5540616384123803
151199,alt,538555.9375,1.0253009236387962,84.64763638995389,538551.5,0.6701127819548872
151199,vx,5863.95068359375,1.1610013850850407,80.62337439543816,5863.1416015625,0.5798620855355161
151199,vy,4817.6513671875,0.953458781886035,73.65106652168203,4817.005859375,0.6874117116130772
151199,vz,270.1800537109375,0.11410298632822659,52.50996471583696,270.146728515625,0.991121366907248
151199,w1,0.0046369098126888275,3.796783685397977,99.98208540214921,0.003934299573302269,0.36318728946801543
151199,w2,0.002338038058951497,4.302047530777393,99.91797705323182,0.0019755857065320015,0.06085184824326313
151199,w3,0.001747814705595374,4.826468516449203,99.96394743026039,0.001485064858570695,0.4069704807393127
151199,sun_vis,1.0,0.7498431265948075,100.0,1.0,0.0
151199,sun_ra,349.01397705078125,2.1675497378335087,90.19821318639491,349.01397705078125,1.0
151199,sun_dec,-4.722935676574707,-1.7235466357685383,6.754830910320685,-4.722935676574707,0.9873417721518988
151199,earth_r,67.22858428955078,-1.0253390135124985,15.354016577927606,67.22866821289062,0.6647398843930635
151199,earth_ra,130.29928588867188,-0.4845919065343634,35.922789423507346,130.29898071289062,0.5319887441483552
151199,earth_dec,25.54023551940918,1.6064094982782091,98.80888027955707,25.5364990234375,0.08666491533441902
151199,saa,0.0,0.0,100.0,0.0,
151199,l,1.5982357263565063,2.2847779939438677,97.06584798592564,1.598075270652771,0.011321455085374908
151199,n0_ra,324.18292236328125,1.4053505645025774,86.12078817082575,324.12567138671875,0.005262790434984266
151199,n0_dec,-56.8505973815918,-1.3648139575699394,8.328992431194095,-56.669124603271484,0.005579098246625961
151199,n0_vis,1.0,0.0,100.0,1.0,
151199,n1_ra,313.29266357421875,1.4323238038334363,80.87127490285462,313.27764892578125,0.044429907975283824
151199,n1_dec,-33.27022171020508,-1.0625778217549366,17.71878816903875,-33.23619842529297,0.24720967631747084
151199,n1_vis,1.0,0.0,100.0,1.0,
151199,n2_ra,289.51171875,1.1521599027795126,72.15937469565287,289.5259704589844,0.04140449513725145
151199,n2_dec,7.300793647766113,-0.004221814094075238,52.2221696052266,7.223161220550537,0.751095249236312
151199,n2_vis,1.0,0.6486838250377805,100.0,1.0,0.0
151199,n3_ra,26.48916244506836,-0.951978045301178,16.3531239752716,26.34355926513672,0.03371182103553317
151199,n3_dec,-31.560518264770508,-1.0381772446630744,17.68595218544691,-31.561567306518555,1.1884696679220594
151199,n3_vis,1.0,0.0,100.0,1.0,
151199,n4_ra,46.961299896240234,-0.8561063168413833,23.4849655869957,46.85903549194336,0.027173838835609733
151199,n4_dec,10.290396690368652,0.11694404652080939,54.58569030172472,10.292234420776367,1.3518096017476262
151199,n4_vis,1.0,0.6651771888556213,100.0,1.0,0.0
151199,n5_ra,345.22259521484375,2.2161013445159354,91.0313089986678,345.0795593261719,0.6174602937714533
151199,n5_dec,15.841974258422852,0.19139975905016912,54.0792566826811,15.740938186645508,0.897364503784757
151199,n5_vis,1.0,0.702080354990376,100.0,1.0,0.0
151199,n6_ra,74.13850402832031,-1.378265594224396,10.527931136464561,75.78346252441406,0.21188859604302498
151199,n6_dec,-74.17362976074219,-1.5448072198246383,3.736064810636893,-74.0617904663086,1.1182680263799532
151199,n6_vis,1.0,0.0,100.0,1.0,
151199,n7_ra,108.77718353271484,-1.5510194794991516,6.914677371941898,109.08773040771484,0.31643514969039643
151199,n7_dec,-52.61537170410156,-1.1547290449150192,16.575559842351538,-52.4082145690918,0.7490780605493594
151199,n7_vis,1.0,0.0,100.0,1.0,
151199,n8_ra,111.34373474121094,-1.7000716626014807,2.802674055284181,111.3559341430664,0.0619767629233856
151199,n8_dec,-7.585982799530029,0.00395455220135815,47.86378472461109,-7.506213188171387,0.7207811454636499
151199,n8_vis,0.0,-1.5627782226828888,29.060292226851526,0.0,0.0
151199,n9_ra,227.9697265625,0.2571305582035293,59.42964566623093,227.70530700683594,0.05918195243366506
151199,n9_dec,-55.739986419677734,-1.195402136718922,16.833646205902614,-55.74072265625,1.2282622288822815
151199,n9_vis,1.0,0.0,100.0,1.0,
151199,na_ra,226.23179626464844,0.1536406220261345,55.757867903741875,226.12820434570312,0.04355011759294013
151199,na_dec,-9.745944023132324,-0.0965336584982291,46.201747857172855,-9.746820449829102,1.3567784102069809
151199,na_vis,1.0,0.6304196532303397,100.0,1.0,0.0
151199,nb_ra,164.82289123535156,-1.4800326572324056,6.978204948360391,164.68118286132812,0.6724081970828756
151199,nb_dec,-15.714564323425293,-0.185589483239589,46.25660852091541,-15.613412857055664,0.8803586090216684
151199,nb_vis,0.0,-1.5105833023349924,30.5087835139238,0.0,0.0
151200,pos_x,4058081.75,0.8789139107397504,71.4703998127232,4066517.5,0.770174328364547
151200,pos_y,-4737191.0,-1.031576285740929,23.91674760252645,-4729123.0,0.6353050142217713
151200,pos_z,-2979239.0,-1.5942553875188654,1.2328013159411328,-2978403.75,0.08415893436029555
151200,a,0.984271228313446,1.2878705924484084,98.60967531243327,0.9833308458328247,0.13519895123630757
151200,b,-0.09778264164924622,-0.5697626018732801,28.97192545740302,-0.09883204102516174,0.34098772160926455
151200,c,0.14686590433120728,0.10578129935111616,53.50987625971789,0.14761996269226074,0.9944000945265373
151200,d,-0.008875117637217045,-0.4858163619024033,34.43896036361719,-0.011226206086575985,1.2489932569328266
151200,lat,-25.529958724975586,-1.605823937796104,1.2975797869726473,-25.522361755371094,0.09159486102935245
151200,lon,73.85153198242188,-0.9450275332304673,22.024322752254065,73.95185852050781,0.5539671531397998
151200,alt,538509.5625,1.018295602663186,84.30944809636178,538490.5,0.6973684210526315
151200,vx,5843.94091796875,1.1570907938908634,80.47357976552874,5835.63671875,0.5834355929496292
151200,vy,4841.1279296875,0.9580568064352748,73.78870960392209,4849.2744140625,0.684748484354875
151200,vz,284.9512634277344,0.12039935949521852,52.64903739192047,290.4541015625,0.9908265895332538
151200,w1,0.004546338692307472,3.7172598535764045,99.96251783641694,0.003918941132724285,0.2549358790912992
151200,w2,0.002269013784825802,4.175615019500323,99.86293769025883,0.0019327102927491069,0.2546002649691354
151200,w3,0.0017672820249572396,4.881563495906618,99.96707466679294,0.0015284782275557518,0.07807147272243066
151200,sun_vis,1.0,0.7498431265948075,100.0,1.0,0.0
151200,sun_ra,349.0140075683594,2.1675500018939906,90.19825786120252,349.0140380859375,0.5
151200,sun_dec,-4.722917079925537,-1.7235447608926548,6.754875585128292,-4.722909927368164,0.9873417721518988
151200,earth_r,67.22949981689453,-1.01838947344355,15.691713448636033,67.2298812866211,0.6936416184971098
151200,earth_ra,130.58477783203125,-0.4818551965487114,35.999853466631045,130.6915283203125,0.5318750348945028
151200,earth_dec,25.52996063232422,1.6058238995772451,98.70250956264258,25.52236557006836,0.09157785384592296
151200,saa,0.0,0.0,100.0,0.0,
151200,l,1.5981611013412476,2.284337200992926,97.05954883805293,1.5979719161987305,0.016597730406193657
151200,n0_ra,326.0260009765625,1.4214168658945698,86.7827347951526,326.36920166015625,0.005231261159525326
151200,n0_dec,-56.8242073059082,-1.3642636337589737,8.343109670398205,-56.64752960205078,0.02602575972364019
151200,n0_vis,1.0,0.0,100.0,1.0,
151200,n1_ra,314.0113525390625,1.4383953476675437,81.04398770906694,314.1578369140625,0.04424391444957224
151200,n1_dec,-33.497535705566406,-1.0681256122798275,17.48321790852208,-33.52081298828125,0.24025471184528444
151200,n1_vis,1.0,0.0,100.0,1.0,
151200,n2_ra,289.2755432128906,1.1501783327683444,72.09062016674426,289.23779296875,0.040991350629037866
151200,n2_dec,6.57797384262085,-0.025933390016401252,51.533954194026265,6.33614444732666,0.7644485893450605
151200,n2_vis,1.0,0.6486838250377805,100.0,1.0,0.0
151200,n3_ra,26.732336044311523,-0.9499904459426176,16.522039422837224,26.650789260864258,0.03049950823002413
151200,n3_dec,-30.427335739135742,-1.0097302608581535,18.53700727037819,-30.177471160888672,1.1880637240527303
151200,n3_vis,1.0,0.0,100.0,1.0,
151200,n4_ra,46.82288360595703,-0.8572212635672762,23.41920427019681,46.68853759765625,0.031120876878770923
151200,n4_dec,11.556114196777344,0.15577907411782457,55.89676188059496,11.840741157531738,1.3516965530704546
151200,n4_vis,1.0,0.6651771888556213,100.0,1.0,0.0
151200,n5_ra,344.7714538574219,2.2120720865437633,90.78564223163173,344.53216552734375,0.6532070647504933
151200,n5_dec,16.300640106201172,0.21115276624918095,55.14108750990664,16.297107696533203,0.8651784119037919
151200,n5_vis,1.0,0.702080354990376,100.0,1.0,0.0
151200,n6_ra,72.59014892578125,-1.3950301975781942,10.259882290816915,73.5912857055664,0.18088792191273076
151200,n6_dec,-72.97097778320312,-1.5202453736781343,4.212298259737544,-72.60734558105469,1.1347456440205834
151200,n6_vis,1.0,0.0,100.0,1.0,
151200,n7_ra,107.3343734741211,-1.5717455117093897,6.675622476431806,107.31559753417969,0.30500970472512307
151200,n7_dec,-51.8681640625,-1.1369316870478274,16.995056285790106,-51.50226593017578,0.7859108614440927
151200,n7_vis,1.0,0.0,100.0,1.0,
151200,n8_ra,111.09906005859375,-1.703841464541015,2.7353491202190137,111.05757141113281,0.06147453875272103
151200,n8_dec,-6.897042274475098,0.0249063211741337,48.52251476279017,-6.66060733795166,0.7346440716481564
151200,n8_vis,0.0,-1.5627782226828888,29.060292226851526,0.0,0.0
151200,n9_ra,227.657470703125,0.2527664005560485,59.17687560478521,227.29922485351562,0.0688359369445562
151200,n9_dec,-57.008052825927734,-1.2245869680478154,16.086191999814154,-57.29140090942383,1.2280221037476804
151200,n9_vis,1.0,0.0,100.0,1.0,
151200,na_ra,226.0919647216797,0.15144785506018624,55.69192788771255,225.95608520507812,0.049899134486334505
151200,na_dec,-11.009571075439453,-0.1355215527603703,44.90403404577738,-11.292693138122559,1.356495851480958
151200,na_vis,1.0,0.6304196532303397,100.0,1.0,0.0
151200,nb_ra,164.37379455566406,-1.492305698317794,6.755947780510883,164.13633728027344,0.7111912191951413
151200,nb_dec,-16.164939880371094,-0.20498132032267014,45.19558184022681,-16.159446716308594,0.8481964954021339
151200,nb_vis,0.0,-1.5105833023349924,30.5087835139238,0.0,0.0
