n,id,starred,trigger_time_utc,duration_s,detectors,catalog_name,S_r0,S_r1,S_r2,CE
226,2019_1,0,2019-03-03 05:45:19,88.06,n0 n1 n2 n5,GRB190303240,8.96,>10,0,R
227,2019_2,0,2019-03-04 19:37:21,9.73,n4,GRB190304818,4.4,6.29,0,P
229,2019_4,0,2019-03-06 22:37:42,185.86,n0 n1 n6 n7 n8 n9 na nb,GRB190306943,>10,>10,0,R
230,2019_5,0,2019-03-07 03:37:19,152.06,n0 n1 n2 n3 n4 n5 n9 na nb,GRB190307151,>10,>10,0,R
231,2019_6,0,2019-03-10 09:32:35,152.07,n0 n1 n2 n3 n4 n5 n6 n7 n8 n9 na nb,GRB190310398,>10,>10,0,R
232,2019_7,0,2019-03-11 14:23:37,9.73,n8,GRB190311600,0,3.36,0,P
233,2019_8,0,2019-03-12 10:42:13,29.18,n0 n1 n3 n4,GRB190312446,>10,>10,0,R
235,2019_10,0,2019-03-15 12:17:44,106.75,n0 n1 n4 n5 n6 n7 n8 n9 na nb,GRB190315512,>10,>10,4.57,R
237,2019_12,0,2019-03-20 01:14:21,49.15,n6 n7 n8 n9 na nb,GRB190320052,5.74,>10,0,R
238,2019_13,0,2019-03-21 14:42:05,45.42,n2 n4 n5,SFLARE19032161,>10,7.83,0,R
239,2019_14,0,2019-03-23 07:16:50,108.03,n0 n1 n6 n7 n8 n9 na nb,GRB190323303,>10,>10,5.54,R
240,2019_15,0,2019-03-23 21:05:18,113.15,n0 n1 n2 n3 n4 n5 n6 n7 n8 n9 na nb,GRB190323879,>10,>10,>10,R
241,2019_16,0,2019-03-24 08:21:13,114.69,n0 n1 n2 n3 n4 n5 n6 n7 n8 n9 na nb,GRB190324348,>10,>10,8.23,R
242,2019_17,0,2019-03-24 22:44:17,106.50,n0 n2 n6 n7 n8 n9 na nb,GRB190324947,>10,>10,6,R
243,2019_18,0,2019-03-25 23:58:59,341.12,n0 n1 n2 n3 n4 n5 n9 na nb,GRB190325999,>10,>10,6.87,R
244,2019_19,0,2019-03-26 23:24:43,41.22,n0 n1 n6 n9 na,GRB190326975,3.98,>10,0,R
245,2019_20,0,2019-03-27 02:39:13,45.57,n1 n2 n3 n4 n6 n7 n8 n9 na,GRB190327111,0,>10,6.32,R
247,2019_22,0,2019-03-30 16:39:28,108.16,n0 n1 n2 n3 n4 n5 n6 n7 n8 n9 na nb,GRB190330694,>10,>10,8.91,R
248,2019_23,0,2019-04-01 03:20:19,108.03,n3 n4 n5 n6 n7 n8 n9 na nb,GRB190401139,>10,>10,0,R
252,2019_27,0,2019-04-06 10:47:22,4.61,n3 n4,GRB190406450,5.13,4.58,0,R
253,2019_28,0,2019-04-06 17:52:31,103.94,n0 n2 n3 n4 n5 n6 n7,GRB190406745,>10,>10,6.23,R
254,2019_29,0,2019-04-07 13:48:39,12.67,n3 n6 n9,GRB190407575,4.92,7.12,0,R
255,2019_30,0,2019-04-07 16:07:29,20.99,n6 n7 n9 na,GRB190407672,8,8.22,0,R
256,2019_31,0,2019-04-08 12:51:22,363.53,n0 n1 n2 n3 n4 n5 n6 n7 n8 n9 na nb,LOCLPAR1904085,>10,>10,0,R
257,2019_32,0,2019-04-11 09:45:46,22.02,n0 n1 n2 n6 n8 n9 na,GRB190411407,0,>10,>10,R
258,2019_33,0,2019-04-11 13:53:56,79.36,n0 n1 n2 n5,GRB190411579,8.76,>10,0,R
259,2019_34,0,2019-04-15 04:09:46,112.18,n0 n1 n2 n3 n4 n5 n6 n7 n8 n9 na nb,GRB190415173,>10,>10,>10,R
260,2019_35,0,2019-04-19 09:55:40,262.53,n0 n1 n2 n3 n4 n5 n6 n7 n8 n9 na nb,GRB190419414,>10,>10,6.32,R
263,2019_38,0,2019-04-20 23:32:27,8.38,n6,GRB190420981,0,3.62,0,P
264,2019_39,0,2019-04-22 16:05:09,20.48,na nb,GRB190422670,0,6.94,0,S
265,2019_41,0,2019-04-22 22:56:09,183.30,n6 n7 n8 nb,GRB190422957,8.83,>10,0,R
267,2019_43,0,2019-04-28 18:48:11,62.98,n0 n1 n2 n3 n4 n5 na nb,GRB190428783,>10,>10,0,R
268,2019_44,0,2019-04-29 17:49:54,20.48,n9 na nb,GRB190429743,0,6.94,0,S
269,2019_45,0,2019-05-02 04:01:32,24.64,n0 n3 n4 n6 n7,GRB190502168,9.77,9.94,0,R
270,2019_46,0,2019-05-04 09:57:36,20.99,n3,GRB190504415,0,4.44,0,P
271,2019_47,0,2019-05-06 05:07:05,176.13,n0 n1 n2 n3 n4 n5,SFLARE19050621,>10,>10,0,R
272,2019_48,0,2019-05-06 13:53:21,49.15,n0 n1 n2 n3 n4 n5,SFLARE19050657,>10,3,0,R
273,2019_49,0,2019-05-06 17:47:45,89.09,n1 n2 n3 n4 n5,SFLARE19050674,>10,>10,0,R
274,2019_50,0,2019-05-07 06:28:19,47.62,n1 n8 n9 na,GRB190507270,5.75,9.53,0,R
276,2019_52,0,2019-05-07 23:16:29,108.03,n0 n1 n6 n7 n8 n9 na nb,GRB190507970,>10,>10,0,R
277,2019_53,0,2019-05-08 19:22:49,79.36,n6 n7 n8 nb,GRB190508808,9.3,>10,0,R
278,2019_54,0,2019-05-09 05:44:02,299.01,n0 n1 n2 n3 n4 n5 n6 n7 n8 na nb,SFL190509239,>10,>10,0,R
279,2019_55,0,2019-05-10 10:12:57,393.22,n1 n4 na,GRB190510430,4.03,5.44,0,R
280,2019_56,0,2019-05-11 07:14:26,107.01,n0 n1 n2 n3 n4 n5 n6 n7 n8 n9 na nb,GRB190511302,>10,>10,0,R
281,2019_57,0,2019-05-12 14:40:04,20.48,n0 n3,GRB190512611,4.72,6.05,0,R
286,2019_62,0,2019-05-14 21:41:40,12.29,n9,TGF190514901,6.65,5.19,0,P
288,2019_64,0,2019-05-17 19:30:08,62.98,n0 n1 n7 n8 n9 na nb,GRB190517813,>10,>10,0,R
289,2019_65,0,2019-05-19 07:24:53,145.92,n0 n1 n2 n3 n4 n5 n7 n8 n9 na nb,GRB190519309,>10,>10,0,R
291,2019_67,0,2019-05-20 14:21:05,150.53,n0 n1 n2 n3 n4 n5 n6 n7 n8 n9 na nb,LOCLPAR1905205,>10,>10,0,R
294,2019_70,0,2019-05-30 10:19:05,116.99,n0 n1 n2 n3 n4 n5 n6 n7 n8 n9 na nb,GRB190530430,>10,>10,>10,R
295,2019_71,0,2019-05-31 07:29:10,87.55,n0 n1 n2 n3 n4 n5 n9,GRB190531312,>10,>10,0,R
296,2019_72,0,2019-05-31 20:10:02,126.98,n0 n1 n2 n3 n4 n5 n6 n7 n8 n9 na nb,GRB190531840,>10,>10,>10,R
297,2019_73,0,2019-06-03 19:04:31,12.29,n0 n3 n4 n5,GRB190603795,7.3,6.8,0,R
298,2019_74,0,2019-06-04 10:42:33,108.80,n0 n1 n2 n3 n4 n5 n6 n7 n8,GRB190604446,>10,>10,>10,R
299,2019_75,0,2019-06-05 23:22:29,16.58,n4 n7 n8,GRB190605974,0,6.33,0,S
300,2019_76,0,2019-06-06 01:55:04,46.98,n0 n1 n2 n3 n4 n5 n9 na,GRB190606080,6.96,>10,5.45,R
302,2019_78,0,2019-06-07 01:42:46,45.31,n6 n7 n9 na nb,GRB190607071,8.88,>10,0,R
303,2019_79,0,2019-06-08 00:12:20,106.75,n6 n7 n8 n9 na nb,GRB190608009,9.44,>10,0,R
306,2019_82,0,2019-06-08 20:35:08,400.39,n0 n1 n2 n3 n4 n5 n6 n7 n8 n9 na nb,LOCLPAR1906088,>10,>10,0,R
307,2019_83,0,2019-06-09 07:33:36,138.24,n3 n4 n5 n6 n7 n8 n9 na nb,GRB190609315,>10,>10,>10,R
308,2019_84,0,2019-06-10 18:00:05,102.40,n0 n1 n2 n5 n6 n7 n8 n9 na nb,GRB190610750,>10,>10,0,R
309,2019_85,0,2019-06-11 22:47:46,178.05,n0 n1 n2 n3 n4 n5 n9,GRB190611950,>10,>10,>10,R
310,2019_86,0,2019-06-12 03:57:24,22.02,n4 n8,GRB190612165,4.6,5.27,0,R
311,2019_87,0,2019-06-13 04:07:21,45.06,n0 n1 n3 n8,GRB190613172,>10,>10,0,R
312,2019_88,0,2019-06-13 10:46:58,38.40,n3 n4 n5 n6 n7 n8 n9 nb,GRB190613449,8.28,>10,0,R
313,2019_89,0,2019-06-15 15:16:26,79.36,n4 n6 n7 n8 n9 nb,GRB190615636,8.23,>10,0,R
314,2019_90,0,2019-06-19 00:24:24,154.63,n0 n1 n3 n6 n9,GRB190619018,>10,>10,0,R
315,2019_91,0,2019-06-19 14:15:55,146.43,n1 n2 n3 n4 n5 n6 n7 n8 n9 na nb,GRB190619595,>10,>10,5.83,R
316,2019_92,0,2019-06-20 12:10:10,116.23,n0 n1 n2 n3 n4 n5 n6 n7 n8 n9 na nb,GRB190620507,>10,>10,>10,R
317,2019_93,0,2019-06-26 06:06:24,4.61,n2,GRB190626254,3.18,3.12,0,P
319,2019_95,0,2019-06-28 12:30:54,26.11,na nb,GRB190628521,5.32,7.16,0,R
321,2019_97,0,2019-07-07 06:50:04,108.03,n0 n2 n3 n4 n5 n6 n7 n8 nb,GRB190707285,>10,>10,0,R
322,2019_98,0,2019-07-07 07:22:58,30.72,n3 n4,GRB190707308,6.24,7.25,0,R
323,2019_99,0,2019-07-08 08:45:14,16.89,n3 n4 n7 n8,GRB190708365,0,6.87,0,S
