trig_ids,start_index,start_met,start_times,start_times_offset,end_index,end_met,end_times,duration,catalog_triggers,trig_dets,detectors,sigma_r0,sigma_r1,sigma_r2,sigma_C,CE,qtl_cut_r0,qtl_cut_r1,qtl_cut_r2,ra,dec,ra_montecarlo,dec_montecarlo,ra_std,dec_std,met_localisation,ra_earth,dec_earth,earth_vis,sun_vis,ra_sun,dec_sun,l_galactic,b_galactic,lat_fermi,lon_fermi,alt_fermi,l,loc_range
0,8104,573124424.4956121,2019-03-01 09:13:39.495612,2019-03-01 09:12:58.534956,8124,573124506.416926,2019-03-01 09:15:01.416926,81.92131388187408,,n0_r2 n1_r2 n2_r2 n3_r2 n4_r2 n5_r2 n6_r2 n8_r1 n8_r2 n9_r2 na_r2 nb_r1 nb_r2,n0 n1 n2 n3 n4 n5 n6 n8 n9 na nb,0.0,9.96350664802456,13.701770524807069,13.701770524807069,R,0.0,0.05,0.05,256.69,-8.63,248.6,-12.5,66.05,32.22,573124494.1287341,86.89655412146183,-0.6027157068937975,True,True,341.7446920222444,-7.733269872026555,12.393742383107332,18.642114146669734,0.6027156386882294,329.2992504374861,532396.6622777213,1.116808917122664,r2
1,41799,573284724.164136,2019-03-03 05:45:19.164136,2019-03-03 05:45:19.164136,41820,573284812.228098,2019-03-03 05:46:47.228098,88.06396198272705,GRB190303240,n0_r0 n0_r1 n1_r0 n1_r1 n2_r0 n2_r1 n5_r0 n5_r1 na_r1,n0 n1 n2 n5 na,10.13437784018339,17.253785198055468,0.0,17.253785198055468,R,0.65,0.7,0.0,299.16,6.49,299.47,4.69,12.16,13.02,573284742.594969,103.29300161229145,12.603108203943723,True,True,343.48145594694637,-7.026747761334255,46.36590869616868,-11.338616953163353,-12.603107815306604,36.1656438322388,533592.0662534109,1.250676948431065,r1
2,69921,573421046.294318,2019-03-04 19:37:21.294318,2019-03-04 19:37:15.662228,69924,573421060.1185551,2019-03-04 19:37:35.118555,13.82423710823059,GRB190304818,n4_r0 n4_r1,n4,4.47752793938633,6.522259658850949,0.0,6.522259658850949,P,0.7,0.7,0.0,312.2,-73.13,291.84,-66.72,94.58,18.55,573421046.294318,56.7998716839522,-3.8597854819318727,True,True,344.9533763936693,-6.421224849891494,320.7589294977558,-34.25850866054459,3.8597850644770966,140.1854883200695,537382.4908079786,1.0106311374536283,r0
3,97778,573547171.270521,2019-03-06 06:39:26.270521,2019-03-06 06:36:50.620050,97820,573547343.3052421,2019-03-06 06:42:18.305242,172.03472101688385,,n0_r0 n1_r0 n1_r1 n2_r0 n2_r1 n3_r0 n3_r1 n4_r0 n5_r0 n5_r1 n6_r0 n6_r1 n7_r0 n7_r1 n8_r0 n9_r0 na_r0 nb_r0 nb_r1,n0 n1 n2 n3 n4 n5 n6 n7 n8 n9 na nb,86.47192442251796,21.34822096832255,0.0,86.47192442251796,R,0.4,0.25,0.0,203.77,-38.56,201.67,-39.38,23.46,9.96,573547339.209178,92.11950458107579,16.182077421030996,True,True,346.3130583199153,-5.856829931589648,312.22359987972396,23.52658712559973,-16.182074954417203,7.843896988026017,538363.8868414385,1.3705120398175765,r0
4,97830,573547384.265892,2019-03-06 06:42:59.265892,2019-03-06 06:39:34.462647,97929,573547789.77634,2019-03-06 06:49:44.776340,405.5104479789734,,n0_r0 n0_r1 n1_r0 n1_r1 n3_r0 n3_r1 n4_r0 n4_r1 n5_r0 n5_r1 n6_r0 n6_r1 n7_r0 n7_r1 n8_r0 n9_r0 n9_r1 na_r0 na_r1 nb_r0 nb_r1,n0 n1 n3 n4 n5 n6 n7 n8 n9 na nb,288.696056058608,116.937076488689,0.0,288.696056058608,R,0.15,0.45,0.0,207.53,-40.45,207.5,-40.69,2.65,2.6,573547494.8596361,101.8593891874904,19.33202271306154,True,True,346.3147317038377,-5.856132504756964,314.85452481518644,21.062104602045448,-19.33202013974369,16.933463059900532,538042.3922378123,1.4464530577942787,r0
5,109210,573604667.66626,2019-03-06 22:37:42.666260,2019-03-06 22:37:28.842028,109257,573604861.717356,2019-03-06 22:40:56.717356,194.0510959625244,GRB190306943,n0_r1 n1_r0 n1_r1 n6_r0 n6_r1 n7_r1 n8_r1 n9_r0 n9_r1 na_r0 na_r1 nb_r0 nb_r1,n0 n1 n6 n7 n8 n9 na nb,17.527487355846123,27.611499296141872,0.0,27.611499296141872,R,0.25,0.85,0.0,223.27,-7.54,222.9,-7.88,5.93,5.09,573604693.778666,106.88044983966778,21.806781313088294,True,True,346.929288442252,-5.5995515101947655,347.6611405640046,44.510304818497445,-21.8067781009218,142.9732891353608,538326.6656790517,1.4307965026587617,r1
6,113596,573622644.0990701,2019-03-07 03:37:19.099070,2019-03-07 03:37:13.466977,113646,573622850.436799,2019-03-07 03:40:45.436799,206.33772897720337,GRB190307151,n0_r0 n0_r1 n1_r0 n1_r1 n2_r0 n2_r1 n3_r0 n3_r1 n4_r1 n5_r0 n5_r1 n8_r0 n8_r1 n9_r1 na_r0 na_r1 nb_r0 nb_r1,n0 n1 n2 n3 n4 n5 n8 n9 na nb,36.49115512152144,41.40464362922309,0.0,41.40464362922309,R,0.8,0.85,0.0,17.22,-14.88,18.2,-14.42,5.47,4.89,573622693.7621319,166.25032575169027,23.121545386657615,True,True,347.1225273857844,-5.518691752270612,142.16668263284447,-77.09756102379967,-23.12154092741457,127.13788599282998,531469.3517983558,1.4921622636285479,r1
7,145485,573775817.1486499,2019-03-08 22:10:12.148650,2019-03-08 22:10:08.052586,145487,573775825.3407781,2019-03-08 22:10:20.340778,8.19212818145752,GRB190308923,n9_r1 nb_r1,n9 nb,0.0,4.407000948711163,0.0,4.407000948711163,S,0.0,0.0,0.0,164.06,-23.42,172.53,-20.79,41.8,23.51,573775817.1486499,91.26392331942412,21.279743329221493,True,True,348.76345956912144,-4.828755832683075,271.3998486686746,32.30517288657096,-21.27974180590842,132.39055647691853,541407.6857883553,1.4218940980547177,r1
8,151009,573798457.043872,2019-03-09 04:27:32.043872,2019-03-09 04:26:34.698958,151011,573798465.236007,2019-03-09 04:27:40.236007,8.192134976387024,,n2_r0 n3_r0 n3_r1 n7_r0 n8_r0,n2 n3 n7 n8,18.186490179891468,6.246613560672401,0.0,18.186490179891468,R,0.0,0.0,0.0,204.63,-69.35,215.64,-55.31,62.3,27.97,573798452.9477999,77.6368730001393,17.933670380319164,True,True,349.0056034997313,-4.726472072350093,307.08756781587385,-6.854438067319368,-17.93366809759391,24.18944313327347,541974.7031195167,1.4006540688011055,r0
9,172757,573903160.130661,2019-03-10 09:32:35.130661,2019-03-10 09:32:23.352912,172819,573903414.5974321,2019-03-10 09:36:49.597432,254.46677112579343,GRB190310398,n0_r0 n0_r1 n1_r0 n1_r1 n2_r0 n2_r1 n3_r0 n3_r1 n4_r0 n4_r1 n5_r0 n5_r1 n6_r1 n7_r1 n8_r0 n8_r1 n9_r0 n9_r1 na_r0 na_r1 nb_r0 nb_r1,n0 n1 n2 n3 n4 n5 n6 n7 n8 n9 na nb,51.17987822982706,62.85675885689505,0.0,62.85675885689505,R,0.95,0.95,0.0,351.66,6.42,351.64,6.57,1.88,1.75,573903209.7939401,202.87935628904933,1.9638176147196669,True,True,350.1248514888938,-4.252237073349946,88.3866337448682,-50.66995879269409,-1.96381732403866,71.75000422631585,523497.24065438146,1.0381430142909713,r1
10,179476,573937104.708027,2019-03-10 18:58:19.708027,2019-03-10 18:57:46.939485,179479,573937116.996233,2019-03-10 18:58:31.996233,12.288205981254578,,n5_r1 nb_r1,n5 nb,0.0,6.466875967849894,0.0,6.466875967849894,S,0.0,0.0,0.0,111.47,-56.89,121.54,-37.41,82.34,39.53,573937100.611961,180.51821040571173,10.948865351970113,True,True,350.48647849032955,-4.098527440701603,268.32981794964815,-18.011796007884413,-10.948865204551112,267.7904842566895,527890.1761347455,1.1148017075553296,r1
11,205425,574054358.06474,2019-03-12 03:32:33.064740,2019-03-12 03:31:31.623671,205439,574054415.409719,2019-03-12 03:33:30.409719,57.34497904777527,,n0_r2 n3_r2 n5_r1 n5_r2 n6_r1 n6_r2 n8_r2 n9_r2 na_r2 nb_r1 nb_r2,n0 n3 n5 n6 n8 n9 na nb,0.0,11.288952545838065,10.786827028811294,11.288952545838065,R,0.0,0.05,0.1,190.07,17.08,173.56,3.58,88.34,48.22,574054378.545084,10.147367621304033,-2.3598081480255058,True,False,351.73618360201414,-3.5656729361984807,287.93266794477427,79.62646433642347,2.3598078901308828,327.4237011108007,535671.4971465499,1.1127819007380135,r2
12,205677,574055390.2737119,2019-03-12 03:49:45.273712,2019-03-12 03:46:57.335061,205710,574055525.443817,2019-03-12 03:52:00.443817,135.17010509967804,,n0_r0 n0_r1 n1_r0 n2_r0 n2_r1 n3_r0 n3_r1 n4_r0 n5_r0 n5_r1 n6_r0 n7_r0 n7_r1 n8_r0 n8_r1 na_r0 nb_r0 nb_r1,n0 n1 n2 n3 n4 n5 n6 n7 n8 na nb,73.74162715127174,23.579399776059475,0.0,73.74162715127174,R,0.0,0.3,0.0,349.54,-81.24,327.12,-74.33,56.74,16.46,574055390.2737119,70.49625344928558,21.542703797479327,True,True,351.7469534346899,-3.5610702474570632,307.15689883455474,-35.10820156197294,-21.542701805961688,23.545502332546082,544525.1123876374,1.5039572152714982,r0
13,210208,574080138.3553231,2019-03-12 10:42:13.355323,2019-03-12 10:42:07.723230,210214,574080163.44221,2019-03-12 10:42:38.442210,25.086886882781982,GRB190312446,n0_r0 n0_r1 n1_r1 n3_r0 n3_r1 n4_r0,n0 n1 n3 n4,12.368184658760976,9.290480452204378,0.0,12.368184658760976,R,0.7,0.55,0.0,333.82,-2.01,329.09,-0.36,13.54,8.69,574080142.961859,192.99244535581087,0.030108442214697523,True,True,352.0103881008858,-3.4484333177820594,60.07696373177753,-44.974094755403954,-0.030108430392155723,42.62311585748773,524946.7412454529,1.0650698442985065,r0
14,261359,574319372.571028,2019-03-15 05:09:27.571028,2019-03-15 05:08:54.802496,261364,574319393.051367,2019-03-15 05:09:48.051367,20.48033905029297,,n6_r0 n6_r1 n9_r0,n6 n9,7.33448982314376,5.187614900853108,0.0,7.33448982314376,R,0.0,0.0,0.0,274.11,28.72,280.59,22.11,54.55,30.93,574319388.955294,152.69903588171871,9.947006457320468,True,True,354.551272121324,-2.3573680627827733,55.87735246194855,19.743642248520146,-9.947006353069265,82.74209152283564,534693.6052432627,1.136078207811862,r0
15,266147,574345069.443512,2019-03-15 12:17:44.443512,2019-03-15 12:17:38.299403,266185,574345225.348767,2019-03-15 12:20:20.348767,155.9052550792694,GRB190315512,n0_r1 n1_r1 n2_r1 n3_r1 n4_r1 n5_r1 n6_r1 n7_r0 n7_r1 n8_r1 n9_r0 n9_r1 na_r0 na_r1 nb_r0 nb_r1,n0 n1 n2 n3 n4 n5 n6 n7 n8 n9 na nb,14.565617405955356,34.87467459607059,0.0,34.87467459607059,R,0.85,0.85,0.0,151.39,-7.63,150.44,-8.26,7.0,5.4,574345073.794026,331.6972254273686,-9.500541440583,True,False,354.8235217042363,-2.2400325453181247,247.77542861399044,36.90020593485625,9.50054109353073,154.42710736574784,527200.0326739362,1.0311594051797806,r1
16,269082,574359199.987376,2019-03-15 16:13:14.987376,2019-03-15 16:12:54.507048,269088,574359579.7508711,2019-03-15 16:19:34.750871,379.7634950876236,,n0_r1 n1_r1 n3_r1 n5_r1 nb_r1,n0 n1 n3 n5 nb,0.0,10.17131982347136,0.0,10.17131982347136,S,0.0,0.05,0.0,356.85,-17.2,324.73,-19.29,75.64,36.25,574359204.0834479,142.39863125007483,12.922143041127217,True,True,354.9732567641397,-2.1754690692093,63.49528513369915,-72.18703936032867,-12.92214159489139,266.0910977611159,537114.4170229733,1.1172286705512113,r1
17,295251,574477687.545779,2019-03-17 01:08:02.545779,2019-03-17 01:07:54.353650,295257,574477712.122182,2019-03-17 01:08:27.122182,24.57640302181244,,nb_r0 nb_r1,nb,4.248371996069795,5.153630553702627,0.0,5.153630553702627,P,0.3,0.3,0.0,157.53,22.61,158.97,12.88,54.46,33.12,574477691.641844,45.11375589789485,23.130046352321088,True,False,356.2277607551233,-1.6338022521430156,213.0641552562605,57.73110748355012,-23.130043235173357,33.75637727028482,543619.2314389317,1.5369310443765023,r0
18,350314,574737260.9760339,2019-03-20 01:14:15.976034,2019-03-20 01:13:58.055733,350329,574737323.9531231,2019-03-20 01:15:18.953123,62.97708916664124,GRB190320052,n6_r1 n7_r1 n8_r1 n9_r1 na_r1 nb_r0 nb_r1,n6 n7 n8 n9 na nb,3.988677781075804,16.0414088311993,0.0,16.0414088311993,R,0.55,0.6,0.0,117.16,-52.01,120.12,-48.47,35.85,15.69,574737270.7041981,203.90931389881044,-22.967694610322248,True,True,358.9703072429905,-0.44639281103303113,265.19920344439527,-12.951069332374411,22.967691934357486,188.01123922339002,527205.5516887981,1.210673990595674,r1
19,376856,574866998.951699,2019-03-21 13:16:33.951699,2019-03-21 13:16:09.375329,376864,574867305.836801,2019-03-21 13:21:40.836801,306.8851020336151,,n5_r1 nb_r1,n5 nb,0.0,8.117724574842766,0.0,8.117724574842766,S,0.0,0.05,0.0,219.69,18.72,215.93,13.4,65.86,34.51,574867015.335963,105.43625260254214,11.619897762695437,True,True,0.3388058464109312,0.14684706969645428,19.80525116999935,63.95954027363726,-11.619896132876859,267.4554319381035,541369.4463446157,1.1155909789406984,r1
20,378040,574872130.640015,2019-03-21 14:42:05.640015,2019-03-21 14:41:59.495913,378052,574872180.1591051,2019-03-21 14:42:55.159105,49.51909005641937,SFLARE19032161,n2_r0 n4_r0 n4_r1 n5_r0 n5_r1,n2 n4 n5,51.34191310026716,8.07472047320619,0.0,51.34191310026716,R,0.55,0.55,0.0,4.72,-2.12,4.49,-2.35,2.41,3.2,574872130.640015,67.88746186295094,22.957449132906767,False,True,0.3927362300829917,0.17022598128830813,104.24607144322624,-63.801417273745656,-22.95744741275886,208.53451676925727,542830.2234834672,1.2568113510139372,r0
21,409231,575018215.151962,2019-03-23 07:16:50.151962,2019-03-23 07:16:44.519864,409264,575018351.858386,2019-03-23 07:19:06.858386,136.70642399787903,GRB190323303,n0_r1 n1_r1 n6_r0 n6_r1 n7_r1 n8_r1 n9_r0 n9_r1 n9_r2 na_r0 na_r1 nb_r0 nb_r1,n0 n1 n6 n7 n8 n9 na nb,15.8270838133692,35.10724102426793,3.821330443076368,35.10724102426793,R,0.8,0.8,0.8,154.93,3.8,153.4,3.41,9.12,6.9,575018228.9762101,275.10590976894224,-10.935064091390446,True,True,1.9324450027063076,0.8374796264061141,238.99320181979485,46.940854809025666,10.935064208927328,165.3432030014887,521668.5880144602,1.0506419526176882,r1
22,420601,575067923.089176,2019-03-23 21:05:18.089176,2019-03-23 21:05:18.089176,420653,575068138.644657,2019-03-23 21:08:53.644657,215.55548095703125,GRB190323879,n0_r0 n0_r1 n0_r2 n1_r0 n1_r1 n1_r2 n2_r1 n3_r0 n3_r1 n3_r2 n4_r0 n4_r1 n4_r2 n5_r0 n5_r1 n5_r2 n6_r0 n6_r1 n6_r2 n7_r0 n7_r1 n7_r2 n8_r0 n8_r1 n9_r1 na_r0 na_r1 nb_r0 nb_r1,n0 n1 n2 n3 n4 n5 n6 n7 n8 n9 na nb,52.389586667990855,107.30602357729585,15.679066489102048,107.30602357729585,R,0.85,0.9,0.9,38.85,9.2,38.75,9.2,1.51,1.53,575067949.201602,163.28492914843045,-19.548376976214616,True,True,2.4562271551956134,1.0643048915224549,161.27102918796442,-45.79231101966188,19.548375417733254,205.78742336347057,535205.5596180672,1.2065812418474224,r1
23,428198,575108478.213153,2019-03-24 08:21:13.213153,2019-03-24 08:21:07.581054,428251,575108695.304769,2019-03-24 08:24:50.304769,217.09161603450772,GRB190324348,n0_r0 n0_r1 n0_r2 n1_r0 n1_r1 n1_r2 n2_r0 n2_r1 n2_r2 n3_r1 n4_r1 n4_r2 n5_r0 n5_r1 n6_r1 n7_r1 n8_r0 n8_r1 n9_r0 n9_r1 n9_r2 na_r0 na_r1 na_r2 nb_r0 nb_r1,n0 n1 n2 n3 n4 n5 n6 n7 n8 n9 na nb,28.12034513253909,70.41165827098422,10.017246099694551,70.41165827098422,R,0.85,0.9,0.95,79.38,13.18,79.48,13.17,1.91,2.09,575108490.5013511,201.07903491445504,-25.470001095511723,True,True,2.8832556634170543,1.2491391593919572,189.89240129170298,-13.96157115752709,25.46999727753326,74.19695094542382,531503.6164429246,1.1373666421713517,r1
24,440174,575160262.996502,2019-03-24 22:44:17.996502,2019-03-24 22:44:13.900427,440220,575160451.41567,2019-03-24 22:47:26.415670,188.41916799545288,GRB190324947,n0_r1 n2_r1 n6_r0 n6_r1 n6_r2 n7_r0 n7_r1 n7_r2 n8_r0 n8_r1 n9_r0 n9_r1 na_r0 na_r1 nb_r0 nb_r1,n0 n2 n6 n7 n8 n9 na nb,37.23652846204303,57.436830683711975,5.377278117805617,57.436830683711975,R,0.95,0.95,1.0,100.35,-57.31,99.85,-57.21,2.65,1.81,575160267.092577,226.6521652866934,-22.643652232137484,True,True,3.4285692032522737,1.4850284063369197,266.7734541206583,-23.879235718798114,22.643651642748104,243.44361598189158,528001.7041117008,1.417036804413677,r1
25,459213,575251144.388279,2019-03-25 23:58:59.388279,2019-03-25 23:58:53.244180,459299,575251489.608494,2019-03-26 00:04:44.608494,345.2202150821686,GRB190325999,n0_r0 n0_r1 n0_r2 n1_r0 n1_r1 n2_r0 n2_r1 n2_r2 n3_r1 n4_r1 n5_r0 n5_r1 n5_r2 n9_r1 na_r1 nb_r1,n0 n1 n2 n3 n4 n5 n9 na nb,13.5647794595961,35.04498175243736,5.71319066420532,35.04498175243736,R,0.9,0.95,0.95,298.05,9.9,299.45,9.43,7.89,4.57,575251148.610839,191.86862375351436,-25.45833819145424,True,True,4.385636601391058,1.8985610528689905,48.82787449818863,-8.69984615346371,25.45833410553223,188.95030991661042,533643.0964728766,1.2507111385338934,r1
26,466482,575289113.816601,2019-03-26 10:31:48.816601,2019-03-26 10:31:28.336286,466485,575289540.983904,2019-03-26 10:38:55.983904,427.16730296611786,,nb_r1,nb,0.0,5.0714540759773605,0.0,5.0714540759773605,P,0.0,0.0,0.0,231.86,-47.33,218.65,-36.21,65.47,28.9,575289113.816601,67.20991113938852,13.548687573124436,True,False,4.785428096336992,2.071095835379567,328.42176996616,7.672114944584567,-13.548686830269425,265.6701279075124,537101.3603309315,1.1187655677013448,r1
27,477038,575335488.6472781,2019-03-26 23:24:43.647278,2019-03-26 23:24:37.503187,477047,575335525.766291,2019-03-26 23:25:20.766291,37.11901295185089,GRB190326975,n0_r1 n1_r1 n6_r1 n9_r0 n9_r1 na_r1,n0 n1 n6 n9 na,3.292853514180708,10.81704444390076,0.0,10.81704444390076,R,0.8,0.7,0.0,158.06,55.61,160.61,54.91,19.84,9.89,575335488.6472781,105.88872262240307,-5.630618954053553,True,True,5.273778248015915,2.281658930959537,154.5804791195138,52.09877232233676,5.630618225149666,110.59144378694192,537632.6913711051,0.982235807718193,r1
28,479088,575347158.5350131,2019-03-27 02:39:13.535013,2019-03-27 02:38:45.372959,479098,575347200.006016,2019-03-27 02:39:55.006016,41.47100293636322,GRB190327111,n1_r1 n2_r1 n3_r1 n3_r2 n4_r1 n6_r1 n7_r1 n7_r2 n8_r1 n9_r1 na_r1,n1 n2 n3 n4 n6 n7 n8 n9 na,0.0,14.987502231945465,4.68703283585852,14.987502231945465,R,0.0,0.65,0.45,285.17,16.59,274.12,19.52,57.08,26.44,575347158.5350131,120.11466877646771,-12.23887513292129,True,True,5.396669665644419,2.334611134864625,48.768568407179636,5.498551294519927,12.238873462938196,76.05972975524375,538007.2292741603,1.01152538673614,r1
29,481890,575361365.375902,2019-03-27 06:36:00.375902,2019-03-27 06:35:39.895532,481894,575361381.760184,2019-03-27 06:36:16.760184,16.384281992912292,,n1_r1,n1,0.0,3.924832174941528,0.0,3.924832174941528,P,0.0,0.65,0.0,73.15,28.44,86.73,22.27,55.39,27.11,575361365.375902,295.70803585090437,10.886186284430293,True,True,5.54627831189212,2.3990554164831495,173.74760562793077,-9.833966585949605,-10.886184846310764,192.2958522550463,524414.3303762304,1.1089595259083007,r1
30,484667,575374784.468979,2019-03-27 10:19:39.468979,2019-03-27 10:19:31.276855,484681,575375023.3373641,2019-03-27 10:23:38.337364,238.86838507652283,,nb_r1,nb,0.0,6.60651158645751,0.0,6.60651158645751,P,0.0,0.0,0.0,180.08,-15.59,189.05,-11.51,66.94,36.6,575374825.429615,68.4314587486997,10.283921478936287,True,False,5.688024547609143,2.460092179505043,285.223078871078,45.517245024398534,-10.283919973470956,268.782175438699,535829.3887972293,1.1153136071769594,r1
31,545515,575656773.819233,2019-03-30 16:39:28.819233,2019-03-30 16:39:28.819233,545552,575656927.036517,2019-03-30 16:42:02.036517,153.2172840833664,GRB190330694,n0_r0 n0_r1 n0_r2 n1_r0 n1_r1 n2_r0 n2_r1 n2_r2 n3_r1 n4_r1 n5_r1 n6_r0 n6_r1 n8_r1 n9_r0 n9_r1 na_r0 na_r1 nb_r1,n0 n1 n2 n3 n4 n5 n6 n8 n9 na nb,18.123818039993964,36.2482780898443,5.856903288930529,36.2482780898443,R,0.8,1.0,1.0,100.15,23.13,99.73,23.31,4.07,2.89,575656779.451323,198.25072548966907,-20.118223398447032,True,True,8.65819312001654,3.7335384025238074,191.02466463489014,8.069712615852861,20.11822009360175,300.57648352099784,535707.8586380541,1.4575289628466712,r1
32,571127,575781624.2574949,2019-04-01 03:20:19.257495,2019-04-01 03:20:13.625408,571178,575781834.6928501,2019-04-01 03:23:49.692850,210.4353551864624,GRB190401139,n2_r1 n3_r0 n3_r1 n4_r0 n4_r1 n5_r1 n6_r0 n6_r1 n7_r0 n7_r1 n8_r0 n8_r1 n9_r0 n9_r1 na_r0 na_r1 nb_r0 nb_r1,n2 n3 n4 n5 n6 n7 n8 n9 na nb,40.00818229458378,43.3910282109193,0.0,43.3910282109193,R,0.95,0.9,0.0,266.11,25.52,266.07,25.38,2.88,2.62,575781629.8895819,143.28274758213558,-25.380132666681856,True,True,9.974399842044908,4.29376239698397,49.968134725972895,25.330916845429336,25.380131696029796,83.97406765379125,538739.7714147517,1.123032127984259,r1
33,574353,575796928.4847901,2019-04-01 07:35:23.484790,2019-04-01 07:34:50.716230,574354,575796932.580858,2019-04-01 07:35:27.580858,4.096067905426025,,n6_r1 nb_r1,n6 nb,0.0,6.684530566348793,0.0,6.684530566348793,S,0.0,0.0,0.0,204.19,-17.07,206.95,-11.94,56.58,33.31,575796924.388722,30.1934018163183,12.308289588037718,True,False,10.135698350208516,4.3622135506551825,318.19118447687833,44.455521032126036,-12.308288180766452,266.98317227352896,527659.2296175777,1.1165822800825806,r1
34,633856,576073467.0139041,2019-04-04 12:24:22.013904,2019-04-04 12:24:09.725704,633869,576073520.2627671,2019-04-04 12:25:15.262767,53.248862981796265,,n0_r0 n0_r1 n1_r0 n1_r1 n2_r1 n3_r1 n5_r0 n5_r1,n0 n1 n2 n3 n5,9.21011994731607,12.196664378248697,0.0,12.196664378248697,R,0.05,0.15,0.0,15.53,26.31,26.57,23.94,50.73,27.2,576073475.206042,179.30821976137614,-15.762191814440857,True,True,13.055115104720736,5.592368097345948,125.90889949629134,-36.50040172606097,15.762189976002453,340.64815136120166,538185.156927825,1.1102176172124403,r1
35,634496,576076088.4995221,2019-04-04 13:08:03.499522,2019-04-04 13:07:55.307378,634500,576076104.8838121,2019-04-04 13:08:19.883812,16.384289979934692,,n9_r0 n9_r1 na_r1,n9 na,3.7707046594613782,5.661753698112503,0.0,5.661753698112503,R,0.0,0.0,0.0,226.5,-14.8,217.66,-12.51,45.63,27.66,576076092.595595,344.1574887217487,20.401207610378233,True,False,13.082775332258155,5.603936755381574,344.9531568740805,36.85746944764209,-20.40120492140674,134.56176764465263,527230.3263891482,1.391232598363048,r1
36,635042,576078329.048334,2019-04-04 13:45:24.048334,2019-04-04 13:45:07.664076,635092,576078533.851439,2019-04-04 13:48:48.851439,204.8031049966812,,n0_r0 n0_r1 n1_r0 n1_r1 n2_r0 n2_r1 n3_r0 n3_r1 n4_r1 n5_r0 n5_r1 n6_r0 n6_r1 n7_r0 n7_r1 n8_r0 n8_r1 n9_r0 n9_r1 na_r1 nb_r0 nb_r1,n0 n1 n2 n3 n4 n5 n6 n7 n8 n9 na nb,33.10672947772178,53.03570908747849,0.0,53.03570908747849,R,0.6,0.6,0.0,227.09,62.19,218.64,61.63,53.37,9.83,576078357.720759,124.14070253778279,-25.50196396341143,True,True,13.106713378392762,5.613947230743847,99.69697410073344,48.29591504962392,25.50196159895757,265.081130125087,536069.8419169375,1.6619164697916937,r1
37,653189,576163975.3783721,2019-04-05 13:32:50.378372,2019-04-05 13:32:42.186251,653208,576164053.203555,2019-04-05 13:34:08.203555,77.82518291473389,,n2_r1 n3_r1 n4_r0 n4_r1 n5_r1 n7_r1 na_r1,n2 n3 n4 n5 n7 na,5.272506090786005,17.80834312530481,0.0,17.80834312530481,R,0.1,0.0,0.0,294.64,-71.33,277.24,-57.38,83.54,30.16,576163983.570493,120.79903990834917,-25.49752714068963,True,True,14.011968011838379,5.991525991933148,324.00659854300426,-29.349864526533032,25.497523948077625,263.98826292205706,535064.0872958302,1.6540351229619583,r1
38,669111,576240447.8862,2019-04-06 10:47:22.886200,2019-04-06 10:47:12.132193,669112,576240452.492453,2019-04-06 10:47:27.492453,4.606253027915955,GRB190406450,n3_r0 n3_r1 n4_r0,n3 n4,5.6124525558538645,3.843302619340064,0.0,5.6124525558538645,R,0.0,0.0,0.0,347.86,42.08,337.81,38.42,53.5,20.38,576240442.254105,256.16430793778994,21.064656123271813,True,True,14.820919827018688,6.3272518712245756,103.78028794890234,-17.046193323224575,-21.064653869339054,79.90345423497092,537597.8744850224,1.4334174320607225,r0
39,671344,576249596.942503,2019-04-06 13:19:51.942503,2019-04-06 13:19:47.846444,671372,576249711.632218,2019-04-06 13:21:46.632218,114.68971502780914,,n0_r0 n0_r1 n1_r1 n2_r1 n3_r1 n5_r0 n5_r1 n6_r0 n6_r1 n7_r0 n7_r1 n8_r1 n9_r0 n9_r1 nb_r0 nb_r1,n0 n1 n2 n3 n5 n6 n7 n8 n9 nb,17.661294052551607,29.54351294594474,0.0,29.54351294594474,R,0.2,0.15,0.0,228.5,58.83,223.61,50.72,59.58,20.88,576249637.903114,119.43812347351007,-25.32312462538564,True,True,14.918253292282767,6.367535099415896,95.03517143861262,49.864787689837364,25.32312366490334,264.75716397530505,534173.6020104785,1.6528667888840083,r1
40,674684,576265956.6192131,2019-04-06 17:52:31.619213,2019-04-06 17:52:25.987118,674711,576266068.74896,2019-04-06 17:54:23.748960,112.12974691390993,GRB190406745,n0_r1 n2_r1 n3_r0 n3_r1 n4_r0 n4_r1 n5_r1 n6_r1 n7_r1,n0 n2 n3 n4 n5 n6 n7,10.354178237423502,19.46730551735801,0.0,19.46730551735801,R,0.3,0.65,0.0,298.33,38.41,298.39,39.23,24.32,10.45,576265966.347362,64.75371529703308,-18.46589588985747,True,False,15.091107958929202,6.439013801463025,73.57618564477858,5.583181845986956,18.465893124937793,141.85128839803292,525965.9291467651,1.0649215647050996,r1
41,682171,576304711.202073,2019-04-07 04:38:26.202073,2019-04-07 04:38:13.913847,682178,576304739.874561,2019-04-07 04:38:54.874561,28.67248797416687,,nb_r1,nb,0.0,5.978576013374473,0.0,5.978576013374473,P,0.0,0.0,0.0,192.99,6.57,194.43,-0.72,73.34,41.65,576304723.490283,352.40395049251805,11.386138978771596,True,False,15.501512601631143,6.6084103333223245,303.2975584946488,69.43644012267421,-11.386137224635359,267.5712931737955,524503.5590073129,1.1152775648670332,r1
42,690165,576337724.219028,2019-04-07 13:48:39.219028,2019-04-07 13:48:27.313323,690168,576337736.8897411,2019-04-07 13:48:51.889741,12.670713067054749,GRB190407575,n3_r1 n6_r0 n6_r1 n9_r1,n3 n6 n9,3.267786806167188,7.083005016274971,0.0,7.083005016274971,R,0.55,0.55,0.0,74.48,-61.63,88.35,-59.27,64.13,17.52,576337724.219028,268.2710117334676,24.61950399531814,True,True,15.85109524772302,6.752347700860566,271.34962504919986,-37.03088820564978,-24.6195006386115,45.55884527763919,538230.1188890445,1.56308946580564,r1
43,691891,576346054.054014,2019-04-07 16:07:29.054014,2019-04-07 16:07:17.276371,691896,576346075.0448749,2019-04-07 16:07:50.044875,20.99086093902588,GRB190407672,n6_r0 n6_r1 n7_r1 n9_r0 n9_r1 na_r0 na_r1 nb_r1,n6 n7 n9 na nb,8.063414871682378,9.37161104927866,0.0,9.37161104927866,R,0.55,0.7,0.0,184.9,25.94,186.37,25.0,12.84,8.99,576346054.054014,72.42857076385022,-22.136556797808865,True,False,15.939354519653136,6.788635193709169,220.60161207586398,82.7792844108332,22.136555772856287,174.91373597432593,526575.8074383448,1.1634313061191224,r1
44,707797,576420696.0709361,2019-04-08 12:51:31.070936,2019-04-08 12:51:14.686682,707878,576421030.92392,2019-04-08 12:57:05.923920,334.8529839515686,LOCLPAR1904085,n0_r0 n0_r1 n1_r0 n1_r1 n2_r0 n2_r1 n3_r0 n3_r1 n4_r0 n4_r1 n5_r0 n5_r1 n6_r0 n6_r1 n7_r0 n7_r1 n8_r0 n8_r1 n9_r0 n9_r1 na_r0 na_r1 nb_r0 nb_r1,n0 n1 n2 n3 n4 n5 n6 n7 n8 n9 na nb,118.17292108325658,181.53110718666264,0.0,181.53110718666264,R,0.3,0.25,0.0,324.29,65.89,320.34,63.16,29.6,8.24,576420822.024813,108.0177676148953,-25.22168007422212,True,True,16.731932285823625,7.113531231909154,104.8055200998763,10.114508023832464,25.221678860146064,258.1167730656206,531141.9631444168,1.6009207479788892,r0
45,708116,576422006.331919,2019-04-08 13:13:21.331919,2019-04-08 13:12:40.371266,708146,576422129.213887,2019-04-08 13:15:24.213887,122.88196802139282,,n0_r2 n1_r2 n5_r2 n6_r2 n9_r2 nb_r1 nb_r2,n0 n1 n5 n6 n9 nb,0.0,9.838163524010634,9.313776934585237,9.838163524010634,R,0.0,0.2,0.15,56.54,8.81,71.78,14.84,71.85,37.31,576422063.6768291,185.52252581924753,-1.219740545176489,True,True,16.745100148380402,7.118914064537755,178.82496036153734,-34.48588277017751,1.2197403385198058,330.433820374585,538907.6783100434,1.1138397728015588,r2
46,724000,576497717.6658759,2019-04-09 10:15:12.665876,2019-04-09 10:13:17.975903,724031,576497844.6440771,2019-04-09 10:17:19.644077,126.97820115089417,,n0_r0 n1_r0 n2_r0 n6_r0 n9_r0 n9_r1 na_r0,n0 n1 n2 n6 n9 na,38.60280106377871,10.22231443476071,0.0,38.60280106377871,R,0.3,0.15,0.0,259.39,-40.84,253.53,-42.37,31.06,14.46,576497779.1069491,277.2702717335891,25.470809840256035,True,True,17.548438671131425,7.446354087952026,346.8973456874119,-1.7198452670210416,-25.47080783915003,105.8368398526083,538678.9194141171,1.6053868197920833,r0
47,740757,576577585.4812751,2019-04-10 08:26:20.481275,2019-04-10 08:22:55.677727,740759,576577593.673414,2019-04-10 08:26:28.673414,8.192138910293579,,n1_r0 n9_r0 n9_r1 na_r0 nb_r0,n1 n9 na nb,31.058858768047752,7.408189067822189,0.0,31.058858768047752,R,0.05,0.15,0.0,265.43,-37.63,262.18,-39.13,24.78,14.05,576577581.385205,266.1161759894359,25.572170606826813,False,True,18.39595204948232,7.789707402517005,352.16333958924054,-3.856452084752091,-25.57216570917145,121.2628707345183,540822.9992814304,1.5973866037698057,r0
48,760246,576668751.549222,2019-04-11 09:45:46.549222,2019-04-11 09:45:36.821052,760251,576668773.565598,2019-04-11 09:46:08.565598,22.01637601852417,GRB190411407,n0_r1 n0_r2 n1_r1 n1_r2 n2_r1 n2_r2 n6_r1 n6_r2 n8_r2 n9_r1 n9_r2 na_r1 na_r2,n0 n1 n2 n6 n8 n9 na,0.0,13.8441094052725,10.791697638366742,13.8441094052725,R,0.0,0.7,0.7,285.68,-58.01,280.52,-53.34,40.12,12.62,576668757.181324,251.51472143129806,25.41357970147336,True,True,19.365336622415835,8.179684659094987,338.39521400351043,-24.202707244699084,-25.4135762647939,85.72213785148223,543191.8120785713,1.6053909419108026,r2
49,763605,576683641.2991,2019-04-11 13:53:56.299100,2019-04-11 13:53:46.570958,763627,576683732.948461,2019-04-11 13:55:27.948461,91.64936101436616,GRB190411579,n0_r1 n1_r0 n1_r1 n2_r0 n2_r1 n5_r0 n5_r1 n9_r1,n0 n1 n2 n5 n9,9.346035260250886,17.967068101416036,0.0,17.967068101416036,R,0.1,0.75,0.0,41.55,46.85,41.15,45.71,12.13,9.91,576683646.931182,113.63407012365563,-21.13524486050798,True,True,19.5237593913656,8.243129443500585,142.5174269150081,-11.607996759211296,21.135244424158373,245.6310012174945,529036.970658677,1.3901402131921166,r1
50,771787,576726818.220988,2019-04-12 01:53:33.220988,2019-04-12 01:52:56.356346,771791,576726834.605265,2019-04-12 01:53:49.605265,16.38427698612213,,nb_r1,nb,0.0,5.556437101439148,0.0,5.556437101439148,P,0.0,0.2,0.0,202.86,5.53,178.2,-2.88,79.84,44.49,576726830.509196,314.6263913841439,13.249386835140486,True,False,19.983408299262216,8.4267400992424,328.49757494103653,66.39905844008798,-13.249385035996966,266.1990943089222,531139.5876272136,1.1183569982427177,r1
51,789972,576812501.524514,2019-04-13 01:41:36.524514,2019-04-13 01:41:11.948012,789984,576812719.27363,2019-04-13 01:45:14.273630,217.749116063118,,n8_r1 n9_r1 nb_r1,n8 n9 nb,0.0,10.557690494851768,0.0,10.557690494851768,S,0.0,0.0,0.0,173.33,0.24,174.17,1.05,67.76,35.23,576812517.908835,314.42367323724795,10.563933424349894,True,False,20.896323901999953,8.789299407913308,264.8133301465546,57.21440444815506,-10.563933269960671,267.9880395637301,531089.45320453,1.1145065903382676,r1
52,815936,576929772.4975271,2019-04-14 10:16:07.497527,2019-04-14 10:15:14.248533,815951,576929833.938674,2019-04-14 10:17:08.938674,61.44114685058594,,n2_r2 n7_r2 n8_r2 n9_r2 na_r2 nb_r1 nb_r2,n2 n7 n8 n9 na nb,0.0,7.797681225765346,8.15386085374913,8.15386085374913,R,0.0,0.15,0.1,265.31,-25.77,256.69,-15.86,75.63,36.75,576929805.2661469,144.67511462983754,-1.636734384534556,True,True,22.147846543303274,9.281598772701573,2.182004188374302,2.490275074383012,1.6367342489711696,328.2041465286422,532587.0415140697,1.1139254191322487,r2
53,829072,576994191.42907,2019-04-15 04:09:46.429070,2019-04-15 04:09:40.843574,829123,576994401.911959,2019-04-15 04:13:16.911959,210.48288905620572,GRB190415173,n0_r0 n0_r1 n0_r2 n1_r0 n1_r1 n1_r2 n2_r0 n2_r1 n2_r2 n3_r0 n3_r1 n3_r2 n4_r0 n4_r1 n4_r2 n5_r0 n5_r1 n5_r2 n6_r0 n6_r1 n6_r2 n7_r1 n7_r2 n8_r1 n8_r2 n9_r1 na_r0 na_r1 nb_r1,n0 n1 n2 n3 n4 n5 n6 n7 n8 n9 na nb,30.30033699893098,106.1192201973132,40.39592540102751,106.1192201973132,R,0.9,0.95,0.95,28.28,5.42,28.25,5.5,1.22,1.39,576994197.061192,243.13876176379893,25.28040749100421,True,True,22.835953194891676,9.549850712836463,149.83079886904187,-54.19407462933453,-25.280404828744864,157.6340738730856,545253.0598316117,1.511617421906462,r1
54,879610,577234629.176326,2019-04-17 22:57:04.176326,2019-04-17 22:56:10.927192,879612,577234966.8046991,2019-04-17 23:02:41.804699,337.62837302684784,,n5_r1 n5_r2 n7_r1 nb_r1,n5 n7 nb,0.0,8.783829476737074,3.286812661483556,8.783829476737074,R,0.0,0.15,0.3,141.87,-19.67,138.37,-13.96,56.21,30.37,577234625.0802419,276.8694252442568,12.410291033775135,True,True,25.412145142720156,10.538046264479195,250.84388203424405,21.968507127529634,-12.410289551059803,266.8385224097486,539690.1001155567,1.1166697722307684,r1
55,907304,577360545.2036531,2019-04-19 09:55:40.203653,2019-04-19 09:55:34.571537,907368,577360807.735913,2019-04-19 10:00:02.735913,262.5322599411011,GRB190419414,n0_r0 n0_r1 n0_r2 n1_r0 n1_r1 n2_r0 n2_r1 n3_r1 n4_r1 n5_r1 n6_r0 n6_r1 n6_r2 n7_r1 n8_r1 n9_r0 n9_r1 n9_r2 na_r0 na_r1 nb_r1,n0 n1 n2 n3 n4 n5 n6 n7 n8 n9 na nb,20.28434201048147,40.17156519646183,5.860713910781666,40.17156519646183,R,0.85,0.95,0.95,114.77,-45.5,113.68,-45.3,7.47,3.28,577360549.6824241,290.76380576578583,1.6709086472513766,True,True,26.766186091176245,11.04672307157359,258.5505169950468,-11.329916774519393,-1.6709085549619966,114.61053084989908,536466.0840198426,1.0125044749108012,r1
56,929036,577465709.717224,2019-04-20 15:08:24.717224,2019-04-20 15:08:16.525062,929052,577465775.2545561,2019-04-20 15:09:30.254556,65.53733205795288,,n4_r1 n8_r1,n4 n8,0.0,9.830108191611304,0.0,9.830108191611304,S,0.0,0.3,0.0,293.85,-38.73,280.6,-30.42,68.29,31.86,577465730.197649,81.64328902452999,-11.202065394245261,True,False,27.899908837291427,11.466664996847578,0.371521624206295,-24.68693549772414,11.202063834844,186.03796744509415,521177.92277623754,1.0806672590867066,r1
57,934485,577492377.540127,2019-04-20 22:32:52.540127,2019-04-20 22:32:44.347955,934491,577492402.116667,2019-04-20 22:33:17.116667,24.576539993286133,,n6_r0 n6_r1 n7_r0 n7_r1 n8_r0 n9_r0 n9_r1 nb_r0 nb_r1,n6 n7 n8 n9 nb,17.046999588755153,8.680863695601237,0.0,17.046999588755153,R,0.0,0.0,0.0,193.39,37.39,188.97,40.09,33.22,16.67,577492377.540127,315.736647942185,-14.229193996206131,True,True,28.187549493386108,11.572323254782122,120.56974649128966,79.73311493960001,14.229193870730054,308.7967556853556,532721.1015321761,1.2612041684555062,r0
58,935356,577495952.207299,2019-04-20 23:32:27.207299,2019-04-20 23:32:12.037816,935358,577495960.590286,2019-04-20 23:32:35.590286,8.382987022399902,GRB190420981,n6_r1,n6,0.0,3.7389612117968767,0.0,3.7389612117968767,P,0.0,0.55,0.0,249.39,-67.95,238.72,-61.81,62.16,19.18,577495952.207299,183.03812133739788,25.287518530447326,True,True,28.2261486834843,11.586474140384492,321.74273992818826,-13.791073812226157,-25.28751390945469,161.16298908152024,540609.0978344665,1.497703019672679,r1
59,966105,577641909.008729,2019-04-22 16:05:04.008729,2019-04-22 16:04:54.280525,966111,577641935.121297,2019-04-22 16:05:30.121297,26.112568020820618,GRB190422670,na_r1 nb_r1,na nb,0.0,7.400949698539898,0.0,7.400949698539898,S,0.0,0.45,0.0,192.73,-40.34,193.0,-33.68,34.46,26.59,577641914.640847,24.725165051859253,-23.935400773618138,True,False,29.804941933232566,12.15958281443015,302.8233777033733,22.5273985511463,23.935399168527965,113.00809432547885,525347.9255709808,1.1003687952736094,r1
60,968123,577652316.100524,2019-04-22 18:58:31.100524,2019-04-22 18:58:22.908332,968124,577652320.196609,2019-04-22 18:58:35.196609,4.096085071563721,,n0_r1 n2_r1 n2_r2 n4_r1 n9_r1 na_r1,n0 n2 n4 n9 na,0.0,7.620915297934541,3.598030839503972,7.620915297934541,R,0.0,0.55,0.55,133.42,11.33,135.61,17.56,51.8,24.64,577652316.100524,315.17976389819177,-18.418656925909023,True,True,29.917653805944653,12.200066751573564,216.49103522646845,32.22220617492425,18.418653704351296,158.2432034253739,534147.0339234174,1.0891998803101033,r1
61,971483,577666566.6647191,2019-04-22 22:56:01.664719,2019-04-22 22:55:57.568642,971530,577666762.252498,2019-04-22 22:59:17.252498,195.5877789258957,GRB190422957,n6_r0 n6_r1 n7_r0 n7_r1 n8_r0 n8_r1 nb_r1,n6 n7 n8 nb,12.175944722010769,12.579144162942123,0.0,12.579144162942123,R,0.45,0.4,0.0,183.45,-62.4,183.17,-59.94,43.22,13.38,577666707.467437,142.62528702154418,20.85364611153193,True,True,30.07364695303666,12.256000404186016,298.58800092058766,0.15645717655171823,-20.853643658648217,127.32194010083155,532117.6695800604,1.4089859370604516,r1
62,987358,577742395.347401,2019-04-23 19:59:50.347401,2019-04-23 19:59:17.578739,987369,577742697.921838,2019-04-23 20:04:52.921838,302.5744370222092,,n2_r1 n2_r2 n4_r1 n5_r1 n5_r2 n6_r1 n6_r2 n8_r1 n8_r2 na_r1 nb_r1 nb_r2,n2 n4 n5 n6 n8 na nb,0.0,16.569874346633558,8.445653980093171,16.569874346633558,R,0.0,0.15,0.05,153.93,-54.3,165.58,-31.63,81.52,37.44,577742432.212144,239.96325754738191,11.189777035011113,True,True,30.895344804465385,12.548776001248122,281.4051494990028,1.9355792448394284,-11.189776896671901,268.2762800362294,540379.4292685158,1.115866178943715,r1
63,1064684,578103374.861204,2019-04-28 00:16:09.861204,2019-04-28 00:15:53.476928,1064715,578103501.839403,2019-04-28 00:18:16.839403,126.97819900512695,,n0_r0 n0_r1 n1_r0 n1_r1 n2_r0 n2_r1 n3_r0 n3_r1 n4_r0 n4_r1 n5_r0 n5_r1 n6_r0 n6_r1 n7_r0 n7_r1 n8_r0 n8_r1 n9_r0 n9_r1 na_r0 na_r1 nb_r0 nb_r1,n0 n1 n2 n3 n4 n5 n6 n7 n8 n9 na nb,33.82551463638344,32.79842155735743,0.0,33.82551463638344,R,0.3,0.25,0.0,48.4,48.62,72.98,42.95,55.31,18.72,578103407.629773,305.1574029950599,-24.187291162287508,True,True,34.83386520609122,13.907293986874627,145.7553554627824,-7.846747865344809,24.187287838649556,265.28818925065013,538038.3232190554,1.6146871447517732,r0
64,1078239,578170096.1801441,2019-04-28 18:48:11.180144,2019-04-28 18:48:05.548060,1078255,578170163.253175,2019-04-28 18:49:18.253175,67.07303094863892,GRB190428783,n0_r0 n0_r1 n1_r0 n1_r1 n2_r1 n3_r0 n3_r1 n4_r1 n5_r0 n5_r1 na_r0 na_r1 nb_r1,n0 n1 n2 n3 n4 n5 na nb,10.702011030890528,25.76988100530979,0.0,25.76988100530979,R,0.9,0.9,0.0,45.15,15.6,43.91,14.88,5.42,5.24,578170101.812228,193.3533424737859,16.234128538889646,True,True,35.5656153136439,14.151246647078871,163.0512795603878,-37.01157271642081,-16.23412621760655,234.83085428072894,533032.9768080882,1.1303689312657927,r1
65,1095169,578250226.331763,2019-04-29 17:03:41.331763,2019-04-29 17:03:12.659313,1095171,578250424.2715801,2019-04-29 17:06:59.271580,197.939817070961,,n5_r1,n5,0.0,4.459983759257568,0.0,4.459983759257568,P,0.0,0.05,0.0,61.89,-3.78,78.93,1.82,77.56,41.93,578250222.2357011,201.98930275928936,10.36527822671183,True,True,36.44640933842515,14.441263763883896,195.29310358624693,-37.75566611461931,-10.365277808652422,268.71770582957106,532205.996402768,1.115309915864354,r1
66,1095798,578252999.6745961,2019-04-29 17:49:54.674596,2019-04-29 17:49:39.314331,1095803,578253020.1549671,2019-04-29 17:50:15.154967,20.48037099838257,GRB190429743,n9_r1 na_r1 nb_r1,n9 na nb,0.0,6.612114590891923,0.0,6.612114590891923,S,0.0,0.45,0.0,202.83,-3.46,198.63,3.81,33.99,21.71,578252999.6745961,17.151884625466142,-12.301506010358825,True,False,36.47697701051502,14.451257016336509,321.9330419689663,57.92891592843267,12.301503991552472,72.27594277880478,530687.0121418637,1.016348514410217,r1
67,1121127,578367480.2762821,2019-05-01 01:37:55.276282,2019-05-01 01:37:10.219518,1121140,578367533.525178,2019-05-01 01:38:48.525178,53.24889588356018,,n3_r2 n4_r2 n5_r1 n5_r2 n6_r1 n6_r2 n8_r2 n9_r2 nb_r1 nb_r2,n3 n4 n5 n6 n8 n9 nb,0.0,11.04737454112244,8.87746754498666,11.04737454112244,R,0.0,0.0,0.0,331.06,29.74,272.92,26.67,117.05,42.23,578367496.6605539,31.001061129392262,-1.9939205799636959,False,False,37.73911304366226,14.859632205243585,84.77696693508717,-20.47425011436753,1.9939203236680874,327.7481648404636,529927.3487387338,1.1133424455044447,r2
68,1141194,578462497.528154,2019-05-02 04:01:32.528154,2019-05-02 04:01:20.302619,1141201,578462526.263293,2019-05-02 04:02:01.263293,28.73513901233673,GRB190502168,n0_r0 n0_r1 n3_r0 n3_r1 n4_r0 n4_r1 n6_r1 n7_r1,n0 n3 n4 n6 n7,10.047541283070402,10.773781109816738,0.0,10.773781109816738,R,0.65,0.55,0.0,93.21,11.34,94.37,10.02,20.6,12.11,578462497.528154,254.93413028558885,-19.395517365179977,True,True,38.78935189552115,15.193055997555524,198.43007768315545,-3.244566374061146,19.395514455564225,154.7605223623216,535538.0230475998,1.091724979971615,r1
69,1181506,578656661.764602,2019-05-04 09:57:36.764602,2019-05-04 09:57:31.132512,1181512,578656686.851275,2019-05-04 09:58:01.851275,25.08667302131653,GRB190504415,n3_r1 n4_r1,n3 n4,0.0,5.926766975238906,0.0,5.926766975238906,S,0.0,0.35,0.0,73.36,37.25,84.48,25.84,58.32,29.06,578656656.1325121,251.7106467721521,-22.384508672674638,True,True,40.94439726306671,15.858682998892991,166.93496093222672,-4.17579173973356,22.384509597868146,60.328016351847054,534342.4714001346,1.1228521770185895,r1
70,1215087,578812030.322161,2019-05-06 05:07:05.322161,2019-05-06 05:06:55.195672,1215155,578812307.831038,2019-05-06 05:11:42.831038,277.5088770389557,SFLARE19050621,n0_r0 n0_r1 n1_r0 n1_r1 n2_r0 n2_r1 n3_r0 n3_r1 n4_r0 n4_r1 n5_r0 n5_r1,n0 n1 n2 n3 n4 n5,462.4292314876234,96.1644929402684,0.0,462.4292314876234,R,0.8,0.85,0.0,39.46,8.04,39.42,8.06,0.55,0.55,578812124.53181,334.5506017233892,-11.68679639587695,True,True,42.67841267591867,16.375790314887332,162.9338600027476,-46.39917491347051,11.686794610094012,213.6093951499479,537919.2494483619,1.1238931416554498,r0
71,1221284,578843573.599868,2019-05-06 13:52:48.599868,2019-05-06 13:51:11.318445,1221322,578843729.2501631,2019-05-06 13:55:24.250163,155.65029501914978,SFLARE19050657,n0_r0 n1_r0 n2_r0 n3_r0 n4_r0 n5_r0 n5_r1,n0 n1 n2 n3 n4 n5,82.57532455128977,11.84474293301396,0.0,82.57532455128977,R,0.55,0.3,0.0,68.89,-4.17,68.41,-3.67,3.21,2.83,578843614.5604692,158.61062335856138,8.887928497757832,True,True,43.030550098284714,16.47875701859039,200.03231625668326,-31.942739954679297,-8.887927593143617,266.10172093194535,523757.8422013151,1.1100521720540593,r0
72,1224723,578857670.2786851,2019-05-06 17:47:45.278685,2019-05-06 17:47:28.894385,1224745,578857763.4643301,2019-05-06 17:49:18.464330,93.1856449842453,SFLARE19050674,n1_r0 n1_r1 n2_r0 n2_r1 n3_r0 n3_r1 n4_r0 n4_r1 n5_r0 n5_r1,n1 n2 n3 n4 n5,69.18285444006582,13.880863608584535,0.0,69.18285444006582,R,0.4,0.45,0.0,39.97,13.58,39.88,13.45,2.19,2.43,578857697.5446651,326.92555325121793,-13.312265349614826,True,True,43.18813277757763,16.524609496900094,159.2116583764771,-41.524156237811226,13.31226418883544,15.576900333334807,538205.578502354,1.0612829395720063,r0
73,1229005,578875224.2078661,2019-05-06 22:40:19.207866,2019-05-06 22:39:30.054992,1229039,578875363.474346,2019-05-06 22:42:38.474346,139.26647996902466,,n0_r1 n0_r2 n1_r2 n2_r1 n2_r2 n3_r2 n4_r1 n4_r2 n5_r1 n5_r2 n6_r1 n6_r2 n7_r1 n7_r2 n8_r1 n8_r2 n9_r1 n9_r2 na_r2 nb_r1 nb_r2,n0 n1 n2 n3 n4 n5 n6 n7 n8 n9 na nb,0.0,26.25859624256783,19.5432266792839,26.25859624256783,R,0.0,0.0,0.05,198.2,-25.87,195.77,-25.25,82.46,35.19,578875277.456812,352.49018558965554,-1.2907524614627273,True,False,43.38493100966436,16.581676439813954,308.9375751726372,36.75693752622945,1.290752272910538,327.69134321332604,538044.3846911322,1.115441066478958,r2
74,1234238,578903304.718355,2019-05-07 06:28:19.718355,2019-05-07 06:28:19.718355,1234246,578903340.045408,2019-05-07 06:28:55.045408,35.32705307006836,GRB190507270,n1_r1 n9_r0 n9_r1 na_r0 na_r1,n1 n9 na,6.201883005218444,8.670086690990885,0.0,8.670086690990885,R,0.3,0.6,0.0,163.54,-5.73,164.38,-6.48,19.63,13.67,578903310.8624591,321.6770102031396,-13.952238915705781,True,True,43.698949256278816,16.67228208153215,257.7608307805051,46.6022614605985,13.952238384464902,179.75251134487888,537990.1385799475,1.0914674246109315,r1
75,1242651,578942118.232585,2019-05-07 17:15:13.232585,2019-05-07 17:15:09.907773,1242653,578942125.652953,2019-05-07 17:15:20.652953,7.420368075370789,,na_r1,na,0.0,5.031993501779814,0.0,5.031993501779814,P,0.0,0.55,0.0,266.9,-19.27,255.32,-22.52,63.27,25.23,578942118.232585,243.25051722282373,-24.605998927526638,False,True,44.13405526156343,16.79690371015773,8.513705692022365,4.6224833628891755,24.605995793771076,299.1859322998936,531088.159707714,1.5939734780286607,r1
76,1247717,578963794.125768,2019-05-07 23:16:29.125768,2019-05-07 23:16:03.013378,1247768,578964004.560949,2019-05-07 23:19:59.560949,210.4351810216904,GRB190507970,n0_r1 n1_r1 n6_r0 n6_r1 n7_r1 n8_r1 n9_r0 n9_r1 na_r0 na_r1 nb_r0 nb_r1,n0 n1 n6 n7 n8 n9 na nb,22.672859810030857,37.562102816303415,0.0,37.562102816303415,R,0.85,0.9,0.0,290.97,-29.96,290.29,-30.28,5.75,4.62,578963816.142106,171.73666667198975,-1.6832129472575916,True,True,44.37753455372189,16.866171241105768,8.555563973069408,-19.663663902244863,1.6832127336599716,137.01659611943643,522213.4366996161,1.013364539849591,r1
77,1262847,579036174.1204281,2019-05-08 19:22:49.120428,2019-05-08 19:22:35.296205,1262867,579036257.5778091,2019-05-08 19:24:12.577809,83.45738101005554,GRB190508808,n6_r1 n7_r0 n7_r1 n8_r0 n8_r1 nb_r0 nb_r1,n6 n7 n8 nb,10.183438114475315,16.903033020591025,0.0,16.903033020591025,R,0.7,0.85,0.0,177.78,20.84,179.21,19.33,11.79,9.44,579036183.848587,50.86052555252843,23.946387596584376,True,False,45.19065081817106,17.0950445034302,234.2639887818145,74.87170849163633,-23.946384887126687,73.78277941237582,538630.1062983695,1.534960363510232,r1
78,1270152,579073447.1113801,2019-05-09 05:44:02.111380,2019-05-09 05:43:51.680969,1270249,579073844.42974,2019-05-09 05:50:39.429740,397.3183598518372,SFL190509239,n0_r0 n0_r1 n1_r0 n1_r1 n2_r0 n2_r1 n3_r0 n3_r1 n4_r0 n4_r1 n5_r0 n5_r1 n6_r0 n7_r0 n8_r0 na_r0 nb_r0,n0 n1 n2 n3 n4 n5 n6 n7 n8 na nb,206.59066856948283,45.15811181611147,0.0,206.59066856948283,R,0.85,0.85,0.0,42.99,11.38,43.0,11.54,1.14,1.01,579073643.722496,254.3442414454855,-25.454661734910342,True,True,45.61218304137632,17.212204620184533,164.13022845834678,-41.65195439482527,25.454661962758518,120.7563460185223,531335.6754586857,1.119416943826797,r0
79,1291594,579175982.637909,2019-05-10 10:12:57.637909,2019-05-10 10:12:53.541847,1291688,579176375.86008,2019-05-10 10:19:30.860080,393.22217094898224,GRB190510430,n1_r1 n4_r0 n4_r1,n1 n4,3.6085442545403614,5.238235446210933,0.0,5.238235446210933,R,0.9,0.95,0.0,113.68,34.95,121.62,36.53,46.26,18.61,579176363.333111,248.1896078561594,-25.367425449124266,True,True,46.770301970637554,17.528810458579628,184.29615559021184,23.46579120600492,25.367421491423453,45.431510761649385,529621.9276743022,1.1811586059629058,r1
80,1307861,579251671.919611,2019-05-11 07:14:26.919611,2019-05-11 07:14:21.287517,1307912,579251881.3298091,2019-05-11 07:17:56.329809,209.41019809246063,GRB190511302,n0_r0 n0_r1 n1_r0 n1_r1 n2_r0 n2_r1 n3_r0 n3_r1 n4_r1 n5_r1 n6_r0 n6_r1 n7_r0 n7_r1 n8_r0 n8_r1 n9_r0 n9_r1 na_r0 na_r1 nb_r1,n0 n1 n2 n3 n4 n5 n6 n7 n8 n9 na nb,31.39761253350057,63.58429204343517,0.0,63.58429204343517,R,0.9,0.9,0.0,133.89,-19.96,133.6,-19.7,3.64,3.17,579251697.006649,316.2165695081069,-4.398278932891207,True,True,47.62172623178843,17.756599544182983,246.02169349487875,15.993862009613936,4.398278298067549,158.70875922237653,537196.139741913,1.0303634858183852,r1
81,1332393,579364804.209834,2019-05-12 14:39:59.209834,2019-05-12 14:39:41.289554,1332400,579364834.4183221,2019-05-12 14:40:29.418322,30.2084881067276,GRB190512611,n0_r0 n0_r1 n3_r1,n0 n3,3.8798709818885775,6.367565707978966,0.0,6.367565707978966,R,0.55,0.65,0.0,89.96,1.42,89.13,1.22,18.84,15.87,579364809.841922,245.66836939246878,-24.255394144785946,True,True,48.90341599498146,18.091484926343487,205.69632860380003,-10.796320020774429,24.25539337880437,335.5667048739573,527511.4385747559,1.2234717360629377,r1
82,1365428,579522666.104814,2019-05-14 10:31:01.104814,2019-05-14 10:30:28.336314,1365494,579522936.444841,2019-05-14 10:35:31.444841,270.34002697467804,,n0_r0 n0_r1 n1_r0 n1_r1 n2_r0 n2_r1 n3_r0 n3_r1 n4_r0 n4_r1 n5_r0 n5_r1 n6_r0 n6_r1 n7_r0 n7_r1 n8_r0 n8_r1 n9_r0 n9_r1 na_r0 na_r1 nb_r0 nb_r1,n0 n1 n2 n3 n4 n5 n6 n7 n8 n9 na nb,85.76532094450745,53.37376184665934,0.0,85.76532094450745,R,0.3,0.25,0.0,242.69,13.89,239.94,14.19,17.76,8.34,579522784.890588,120.03556676516563,1.9226593309271987,True,True,50.700034728029436,18.54454038299523,27.398389276738023,41.81570514136006,-1.922659209591302,269.90236037915747,526723.5784286464,1.1339746000311521,r0
83,1366699,579527876.30041,2019-05-14 11:57:51.300410,2019-05-14 11:54:26.497127,1366717,579527950.029573,2019-05-14 11:59:05.029573,73.72916293144226,,n0_r0 n1_r0 n2_r0 n3_r0 n4_r0 n5_r0 n6_r0 n7_r0 n7_r1 n8_r0 n8_r1 n9_r0 na_r0 nb_r0,n0 n1 n2 n3 n4 n5 n6 n7 n8 n9 na nb,98.45064652514498,11.51781959815829,0.0,98.45064652514498,R,0.0,0.2,0.0,248.17,-45.59,247.77,-46.79,16.93,8.69,579527937.7413759,87.18242361301209,15.819321220262033,True,False,50.75876647423014,18.559025956376246,338.07387156835625,1.646665086117557,-15.81932086566172,215.52021615768396,535082.2616109021,1.1426006588772952,r0
84,1366719,579527958.221707,2019-05-14 11:59:13.221707,2019-05-14 11:55:52.514512,1366977,579529015.005548,2019-05-14 12:16:50.005548,1056.7838410139084,,n0_r0 n0_r1 n1_r0 n1_r1 n2_r0 n2_r1 n3_r0 n3_r1 n4_r0 n4_r1 n5_r0 n5_r1 n6_r0 n6_r1 n7_r0 n7_r1 n8_r0 n8_r1 n9_r0 n9_r1 na_r0 na_r1 nb_r0 nb_r1,n0 n1 n2 n3 n4 n5 n6 n7 n8 n9 na nb,1607.122008822921,526.1340884417142,0.0,1607.122008822921,R,0.7,0.7,0.0,0.78,-1.79,0.78,-1.6,0.73,0.78,579528679.128665,130.3657584982399,-3.2105836945109645,True,True,50.76721741522476,18.561108593549946,96.3329193333361,-62.14465681413423,3.2105833806801987,255.6059812220725,524681.1437682665,1.1304266548012223,r0
85,1368261,579534278.450626,2019-05-14 13:44:33.450626,2019-05-14 13:43:32.009704,1368264,579534290.738806,2019-05-14 13:44:45.738806,12.288179993629456,,n0_r0 n2_r0 n3_r0 n4_r0 n4_r1 n5_r0 n6_r0 n7_r0 n8_r0 n9_r0 na_r0 nb_r0,n0 n2 n3 n4 n5 n6 n7 n8 n9 na nb,40.57658457908079,3.848545123266488,0.0,40.57658457908079,R,0.2,0.6,0.0,248.16,7.94,247.58,6.91,14.17,7.07,579534286.6427461,124.34438926674534,-0.564044847191439,True,True,50.83114194756775,18.576848207314423,23.578173387582336,34.390287330359435,0.5640448167149367,226.15599423737356,525844.9034073111,1.0718560913179433,r0
86,1368267,579534303.0269921,2019-05-14 13:44:58.026992,2019-05-14 13:43:40.201832,1368431,579534974.7808411,2019-05-14 13:56:09.780841,671.753849029541,,n0_r0 n0_r1 n1_r0 n1_r1 n2_r0 n2_r1 n3_r0 n3_r1 n4_r0 n4_r1 n5_r0 n5_r1 n6_r0 n6_r1 n7_r0 n7_r1 n8_r0 n8_r1 n9_r0 n9_r1 na_r0 na_r1 nb_r0 nb_r1,n0 n1 n2 n3 n4 n5 n6 n7 n8 n9 na nb,1153.081679967879,199.6595032958424,0.0,1153.081679967879,R,0.4,0.4,0.0,41.16,10.43,41.21,10.48,1.15,1.04,579534700.3448341,148.26970738063164,-11.44532524901448,True,True,50.835858451794515,18.578008544070062,162.92070797153522,-43.48267204350221,11.44532328693615,248.3528352153165,522314.0343906185,1.2042193697016785,r0
87,1374616,579562905.141253,2019-05-14 21:41:40.141253,2019-05-14 21:40:55.084587,1374618,579562913.3333709,2019-05-14 21:41:48.333371,8.192117929458618,TGF190514901,n9_r0 n9_r1,n9,6.710242120516446,4.394543965883628,0.0,6.710242120516446,P,0.1,0.1,0.0,272.3,20.97,277.22,13.71,51.78,22.76,579562905.141253,127.39016341256595,-3.081612674474468,True,True,51.15753794844856,18.65683228858935,47.61506681329949,18.39389473521692,3.081612415049491,109.63154566967515,525216.184170533,0.9856231142901896,r0
88,1382204,579602210.387608,2019-05-15 08:36:45.387608,2019-05-15 08:36:20.811213,1382207,579602625.0587481,2019-05-15 08:43:40.058748,414.6711400747299,,n6_r1 n8_r1,n6 n8,0.0,6.905261525655747,0.0,6.905261525655747,S,0.0,0.0,0.0,275.48,-14.1,266.46,-9.27,59.42,30.67,579602210.387608,87.80139929724676,13.39789886972343,True,False,51.60622842076471,18.765741140360536,17.050928047156237,-0.015859232771014684,-13.397897249337342,265.8225289364599,534856.3124077484,1.1184252690111671,r1
89,1388657,579629065.723707,2019-05-15 16:04:20.723707,2019-05-15 16:04:16.627637,1388662,579629086.204075,2019-05-15 16:04:41.204075,20.48036801815033,,n4_r0 n4_r1,n4,5.034450373121733,4.091990932317311,0.0,5.034450373121733,P,0.25,0.25,0.0,104.76,50.97,135.35,41.03,98.52,39.47,579629065.723707,335.09562551483054,16.83395196467574,True,True,51.913070365141536,18.83952243933498,165.64260790374405,21.889043816997425,-16.83395285813733,40.9131589798823,541855.7940954956,1.337409957278119,r0
90,1400394,579687917.67521,2019-05-16 08:25:12.675210,2019-05-16 08:24:48.098833,1400397,579687929.9634061,2019-05-16 08:25:24.963406,12.288196086883543,,n6_r1 nb_r1,n6 nb,0.0,6.232280113762987,0.0,6.232280113762987,S,0.0,0.0,0.0,241.72,-31.01,238.98,-24.77,69.8,36.65,579687917.67521,88.828720685641,10.198266533050129,True,False,52.58627509007828,18.99940757857117,344.97686263992904,15.482287655806125,-10.198266392723895,268.75840288305335,534470.6408321799,1.1151884079384138,r1
91,1426343,579805151.017297,2019-05-17 16:59:06.017297,2019-05-17 16:58:37.344827,1426359,579805216.554378,2019-05-17 17:00:11.554378,65.53708100318909,,n6_r2 n8_r1 n8_r2 n9_r2 na_r2 nb_r1 nb_r2,n6 n8 n9 na nb,0.0,8.974966381822956,8.061767293156535,8.974966381822956,R,0.0,0.0,0.1,269.09,33.51,253.7,28.34,73.62,38.5,579805208.3622451,279.3247942788476,-1.1471986237255323,False,True,53.931146636434235,19.310595948811184,59.2616415203959,25.366306051770852,1.1471986203428501,329.2052468688316,529141.5042863375,1.1147421742685721,r2
92,1428229,579814213.892417,2019-05-17 19:30:08.892417,2019-05-17 19:30:03.260335,1428246,579814285.0614821,2019-05-17 19:31:20.061482,71.169065117836,GRB190517813,n0_r1 n1_r1 n4_r1 n6_r1 n7_r1 n8_r1 n9_r0 n9_r1 na_r0 na_r1 nb_r0 nb_r1,n0 n1 n4 n6 n7 n8 n9 na nb,15.928265288948058,21.502101673562,0.0,21.502101673562,R,0.9,0.9,0.0,267.2,13.52,267.65,13.12,4.05,4.01,579814213.892417,124.04796675057955,-10.54969137614085,True,True,54.03458094510714,19.334074417272724,38.33210884853167,19.885875964720253,10.549690119042868,136.30263576386903,526711.1237588103,1.0116167936313276,r1
93,1454778,579943498.760658,2019-05-19 07:24:53.760658,2019-05-19 07:24:48.126913,1454830,579943714.314765,2019-05-19 07:28:29.314765,215.5541069507599,GRB190519309,n0_r0 n0_r1 n1_r0 n1_r1 n2_r0 n2_r1 n3_r0 n3_r1 n4_r0 n4_r1 n5_r0 n5_r1 n7_r1 n8_r0 n8_r1 n9_r0 n9_r1 na_r0 na_r1 nb_r1,n0 n1 n2 n3 n4 n5 n7 n8 n9 na nb,66.99870120412815,101.03742011548144,0.0,101.03742011548144,R,0.95,0.95,0.0,115.45,-33.07,115.56,-32.91,1.92,1.6,579943542.279768,356.73244277276643,25.406852809573344,True,False,55.52276231534515,19.66464864287687,247.7576278308154,-4.944643867546377,-25.40684949953235,188.6434621591941,544627.4682277859,1.373356198715263,r1
94,1461073,579969305.076604,2019-05-19 14:35:00.076604,2019-05-19 14:34:39.596294,1461081,579969337.845078,2019-05-19 14:35:32.845078,32.768473982810974,,n2_r1 n4_r0 n4_r1 n5_r1 n6_r0 n7_r0 n7_r1 n8_r0 n8_r1 na_r1 nb_r0,n2 n4 n5 n6 n7 n8 na nb,11.097887003649417,14.55082685500395,0.0,14.55082685500395,R,0.0,0.0,0.0,278.58,-32.89,250.96,-24.48,94.93,40.2,579969309.172663,181.12230539104954,-25.443110010167878,True,True,55.819878113631745,19.72902527537892,1.4945284744572378,-11.058027923185328,25.443105772839772,265.37732301614597,522559.78805359756,1.661768265008531,r1
95,1471615,580023246.539628,2019-05-20 05:34:01.539628,2019-05-20 05:33:49.251422,1471621,580023271.1160591,2019-05-20 05:34:26.116059,24.576431035995483,,n6_r0 n7_r1 n9_r0 n9_r1 na_r1 nb_r0 nb_r1,n6 n7 n9 na nb,6.594732296397126,9.393392656898868,0.0,9.393392656898868,R,0.05,0.3,0.0,204.56,-15.87,204.51,-15.26,43.71,26.31,580023250.635697,339.19075709931036,24.671262488057117,True,True,56.44253387296405,19.862179957267,319.0977867258581,45.532743973126934,-24.671261292918892,198.07431904949544,542476.5066669524,1.3214134408049454,r1
96,1477738,580048870.052515,2019-05-20 12:41:05.052515,2019-05-20 12:41:00.956450,1477753,580048931.493399,2019-05-20 12:42:06.493399,61.44088399410248,,n3_r1 n4_r0 n4_r1 n7_r0 n7_r1 n8_r0 n8_r1 na_r1 nb_r1,n3 n4 n7 n8 na nb,8.44077916113939,15.455820860850626,0.0,15.455820860850626,R,0.0,0.1,0.0,292.88,-23.22,275.88,-19.11,84.44,44.68,580048882.340689,154.05961938962707,-24.314788526715063,True,True,56.73871833950439,19.924682598303654,15.854940249283217,-18.787920836088485,24.314784945961947,265.85200500521023,525266.151160212,1.623135064922995,r1
97,1479200,580054862.595882,2019-05-20 14:20:57.595882,2019-05-20 14:20:53.499823,1479258,580055103.239444,2019-05-20 14:24:58.239444,240.64356195926663,LOCLPAR1905205,n0_r0 n0_r1 n1_r0 n1_r1 n2_r0 n2_r1 n3_r0 n3_r1 n4_r0 n4_r1 n5_r0 n5_r1 n6_r0 n6_r1 n7_r0 n7_r1 n8_r0 n8_r1 n9_r0 n9_r1 na_r0 na_r1 nb_r0 nb_r1,n0 n1 n2 n3 n4 n5 n6 n7 n8 n9 na nb,60.27135166860277,74.25601282740467,0.0,74.25601282740467,R,0.5,0.55,0.0,288.42,60.46,291.07,57.53,28.14,9.61,580054918.916704,176.69492291448705,-25.387685013259354,True,True,56.80850266308873,19.93933033929124,91.28280758664008,20.746819229833793,25.387681656194054,263.266040976151,523240.3322082056,1.6448126902118267,r0
98,1490024,580109991.5806711,2019-05-21 05:39:46.580671,2019-05-21 05:39:34.292475,1490032,580110345.818685,2019-05-21 05:45:40.818685,354.2380139827728,,n0_r1 n5_r1 n6_r0 n6_r1 n8_r1 n9_r1 nb_r1,n0 n5 n6 n8 n9 nb,4.239860325278033,14.082790526064455,0.0,14.082790526064455,R,0.05,0.05,0.0,239.9,-10.27,232.14,-9.24,50.31,25.82,580110003.868866,50.30254012915401,12.332203464538388,True,False,57.445813489778764,20.071714039593942,0.11282214929864653,31.03223750672904,-12.33220214056496,266.72462275996077,541237.9898682006,1.1163297280286903,r1
99,1508243,580195706.880913,2019-05-22 05:28:21.880913,2019-05-22 05:28:13.688783,1508244,580195710.976986,2019-05-22 05:28:25.976986,4.096073031425476,,nb_r1,nb,0.0,3.1126358812862422,0.0,3.1126358812862422,P,0.0,0.0,0.0,249.64,-4.55,231.89,-2.96,78.87,38.92,580195702.784848,50.79787700514658,9.27533779143175,True,False,58.43915331463957,20.27305492956433,11.966190438279128,26.73212154597973,-9.27533674583578,269.16347941309937,540566.6019520446,1.1151581431581596,r1
100,1515963,580227353.0716,2019-05-22 14:15:48.071600,2019-05-22 14:14:42.534563,1515965,580227361.263727,2019-05-22 14:15:56.263727,8.192126989364624,,nb_r1,nb,0.0,4.710391892390486,0.0,4.710391892390486,P,0.0,0.05,0.0,227.72,-21.3,223.21,-4.76,88.7,47.77,580227348.975529,243.92610123060896,-2.100658196697743,False,True,58.80652791226513,20.34597278274541,341.33074009497545,30.976400044890173,2.1006581905229744,330.0715539028662,522393.174631668,1.110694977342001,r1
101,1550192,580389354.140197,2019-05-24 11:15:49.140197,2019-05-24 11:15:36.851971,1550201,580389391.004832,2019-05-24 11:16:26.004832,36.86463499069214,,n3_r1 n7_r1,n3 n7,0.0,7.786681026672757,0.0,7.786681026672757,S,0.0,0.0,0.0,246.35,59.89,237.72,51.16,67.09,27.37,580389358.236267,16.547922979538708,16.687625938904745,True,False,60.69195288410691,20.707025905733563,90.47305719304707,41.30781363303831,-16.687624625345293,145.80660256824112,541256.461796802,1.2778533052528107,r1
102,1559702,580437959.147786,2019-05-25 00:45:54.147786,2019-05-25 00:45:44.244941,1559703,580437963.2438459,2019-05-25 00:45:58.243846,4.0960599184036255,GRB190525032,n0_r1,n0,0.0,3.0995166564552394,0.0,3.0995166564552394,P,0.0,0.0,0.0,346.86,18.43,343.64,13.67,18.45,22.74,580437954.87703,198.99400944512527,-14.439354303602768,True,True,61.25901848075674,20.811293602686206,91.11342600126356,-37.93299472406984,14.4393526095824,125.21229596781518,522635.8852256057,1.020578656735352,r1
103,1579652,580532085.566926,2019-05-26 02:54:40.566926,2019-05-26 02:54:32.374768,1579657,580532106.047333,2019-05-26 02:55:01.047333,20.480406999588013,,n9_r1 nb_r1,n9 nb,0.0,5.539303614649197,0.0,5.539303614649197,S,0.0,0.0,0.0,212.39,-9.35,208.36,-2.12,69.72,39.72,580532097.855164,12.230662894824261,14.189556358613732,True,False,62.35949835292512,21.007920198206435,333.048758415126,48.90191877571329,-14.189554719775288,265.1125546909825,539168.8056714878,1.1205004323661625,r1
104,1597818,580617740.396011,2019-05-27 02:42:15.396011,2019-05-27 02:41:54.915581,1597839,580618062.426582,2019-05-27 02:47:37.426582,322.0305709838867,,n5_r1 n5_r2 n6_r1 n7_r1 n8_r1 n8_r2 n9_r1 n9_r2 na_r1 nb_r1 nb_r2,n5 n6 n7 n8 n9 na nb,0.0,21.083657184001563,7.230586563325342,21.083657184001563,R,0.0,0.15,0.3,225.0,-8.47,213.04,-5.05,50.16,29.04,580617797.741179,12.88532270076156,11.23024950633183,True,False,63.36347064977584,21.180703753995257,348.6585886401704,42.70054158452781,-11.230247680317635,267.7067013121869,537949.4130954555,1.1151689131897065,r1
105,1623791,580735105.789026,2019-05-28 11:18:20.789026,2019-05-28 11:17:35.732159,1623792,580735109.885103,2019-05-28 11:18:24.885103,4.096076965332031,,nb_r1,nb,0.0,4.668234975770683,0.0,4.668234975770683,P,0.0,0.0,0.0,304.27,-43.44,288.43,-31.61,88.66,41.07,580735101.692949,203.78467508267786,-2.110952754674134,True,True,64.74097357704126,21.407501348423512,356.93611057166737,-33.327347982767336,2.1109524095790797,328.5013910799559,524258.74925192393,1.1122470481041156,r1
106,1632154,580779181.910072,2019-05-28 23:32:56.910072,2019-05-28 23:32:40.525758,1632159,580779202.390484,2019-05-28 23:33:17.390484,20.48041200637817,,n4_r0 n4_r1,n4,4.36376645685124,4.40178469603171,0.0,4.40178469603171,P,0.3,0.55,0.0,26.89,-16.25,60.91,-13.31,103.52,43.8,580779190.1022501,100.4986556315436,-24.835831810069173,True,False,65.25966290043873,21.489815810137166,175.87732719849353,-73.04532501560669,24.835831215190026,41.01071352558062,537595.7980962005,1.1751791055168426,r0
107,1641104,580816636.244783,2019-05-29 09:57:11.244783,2019-05-29 09:53:46.440571,1641106,580816644.436947,2019-05-29 09:57:19.436947,8.192163944244385,,n9_r0 na_r0 na_r1 nb_r0,n9 na nb,40.299753597156645,9.050446019540528,0.0,40.299753597156645,R,0.0,0.1,0.0,284.44,-45.81,277.63,-40.24,50.18,25.7,580816640.340865,303.34317153727926,25.072219978012487,True,True,65.70065767873851,21.5584713242425,350.83851940343675,-20.124619223585736,-25.072217829653013,87.38533430273618,531682.4995925407,1.5918528022520173,r0
108,1641772,580819376.525655,2019-05-29 10:42:51.525655,2019-05-29 10:39:26.721620,1641844,580819671.443362,2019-05-29 10:47:46.443362,294.91770696640015,,n0_r0 n0_r1 n1_r0 n3_r0 n3_r1 n4_r0 n4_r1 n5_r0 n6_r0 n6_r1 n9_r0 n9_r1 na_r0 na_r1 nb_r0 nb_r1,n0 n1 n3 n4 n5 n6 n9 na nb,77.47366462274535,34.66604054975395,0.0,77.47366462274535,R,0.25,0.4,0.0,14.17,27.97,21.6,32.59,48.86,21.01,580819392.9099691,115.95846175489316,-25.461130657299826,True,False,65.73308493312328,21.56347146990193,124.33881650062608,-34.89059621421783,25.461127007675454,248.50019011842173,536509.6305687294,1.534114668071899,r0
109,1659778,580904350.064273,2019-05-30 10:19:05.064273,2019-05-30 10:18:46.886708,1659830,580904565.3635551,2019-05-30 10:22:40.363555,215.2992820739746,GRB190530430,n0_r0 n0_r1 n0_r2 n1_r0 n1_r1 n1_r2 n2_r0 n2_r1 n2_r2 n3_r0 n3_r1 n3_r2 n4_r0 n4_r1 n4_r2 n5_r0 n5_r1 n5_r2 n6_r1 n7_r1 n8_r1 n9_r0 n9_r1 n9_r2 na_r0 na_r1 na_r2 nb_r0 nb_r1 nb_r2,n0 n1 n2 n3 n4 n5 n6 n7 n8 n9 na nb,264.4836843479039,739.6477272397507,255.9118436826357,739.6477272397507,R,0.95,0.95,0.95,117.77,34.14,117.75,34.15,0.36,0.28,580904368.7514801,68.25252890600053,-20.98506249314206,True,False,66.73511707577842,21.714721228880276,186.224733229754,26.455017750237758,20.985061017023238,205.7588494148454,538178.9831276053,1.2287027911318846,r1
110,1675626,580980555.801218,2019-05-31 07:29:10.801218,2019-05-31 07:29:05.169108,1675648,580980647.45105,2019-05-31 07:30:42.451050,91.64983201026917,GRB190531312,n0_r0 n0_r1 n1_r0 n1_r1 n2_r0 n2_r1 n3_r0 n3_r1 n4_r1 n5_r0 n5_r1 n9_r1,n0 n1 n2 n3 n4 n5 n9,13.257795005008752,28.182403258133192,0.0,28.182403258133192,R,0.85,0.85,0.0,27.85,16.8,27.55,16.2,6.26,5.51,580980565.529408,192.69221671059006,1.8372177996111163,True,True,67.63516478682614,21.845188956470192,142.96596003731008,-43.72309373123889,-1.837217577649077,11.842711449838133,527735.687523385,1.121034452381787,r1
111,1684658,581026207.285366,2019-05-31 20:10:02.285366,2019-05-31 20:09:54.093206,1684711,581026428.473812,2019-05-31 20:13:43.473812,221.18844592571256,GRB190531840,n0_r0 n0_r1 n0_r2 n1_r0 n1_r1 n1_r2 n2_r1 n2_r2 n3_r0 n3_r1 n3_r2 n4_r0 n4_r1 n4_r2 n5_r0 n5_r1 n5_r2 n6_r0 n6_r1 n6_r2 n7_r0 n7_r1 n7_r2 n8_r0 n8_r1 n8_r2 n9_r1 na_r0 na_r1 nb_r0 nb_r1,n0 n1 n2 n3 n4 n5 n6 n7 n8 n9 na nb,49.141588634999344,170.4137778334522,37.639908834589534,170.4137778334522,R,0.9,0.9,0.95,50.58,-36.78,49.96,-36.9,2.31,1.05,581026240.054029,191.0173618187257,2.7538835700951827,True,True,68.17535467410346,21.92104150333813,239.40695031490736,-56.81213761778385,-2.7538833867915065,179.3362887521083,528374.6740845949,1.0556096002511572,r1
112,1705682,581125579.4233961,2019-06-01 23:46:14.423396,2019-06-01 23:46:06.231223,1705691,581125775.24439,2019-06-01 23:49:30.244390,195.82099390029907,,nb_r1,nb,0.0,6.250491981250491,0.0,6.250491981250491,P,0.0,0.0,0.0,175.48,-37.77,175.42,-18.95,64.42,34.65,581125587.615569,335.1186024953905,10.290641024016354,True,True,69.35201702919672,22.079893618763062,288.05555162283594,23.087569224390364,-10.290639951021596,268.3559930580323,528515.2034648684,1.1146977714546518,r1
113,1738954,581281470.47154,2019-06-03 19:04:25.471540,2019-06-03 19:04:19.839405,1738960,581281496.5841271,2019-06-03 19:04:51.584127,26.112587094306942,GRB190603795,n0_r1 n3_r0 n3_r1 n4_r0 n4_r1 n5_r0,n0 n3 n4 n5,8.103649430457756,7.023758014205639,0.0,8.103649430457756,R,0.35,0.7,0.0,28.17,30.67,30.75,31.05,45.68,24.3,581281480.199765,78.01857444371994,-25.565255216566744,True,False,71.20278528902574,22.312049869737447,138.1943704190015,-30.37994608575592,25.565253229705377,79.9251945756987,538288.729626248,1.1291293211441604,r0
114,1746767,581315294.810622,2019-06-04 04:28:09.810622,2019-06-04 04:28:05.714530,1746769,581315303.0028181,2019-06-04 04:28:18.002818,8.192196130752563,,n6_r1,n6,0.0,3.1334357557629677,0.0,3.1334357557629677,P,0.0,0.0,0.0,290.74,50.06,268.98,43.07,75.95,26.92,581315290.71453,46.34886930307671,-23.272905724239134,True,False,71.60485149659537,22.35961864004566,81.57668468646892,15.73829349119727,23.272901736299435,266.99262927868506,535310.6992057341,1.5936649905737947,r1
115,1751698,581337758.2148311,2019-06-04 10:42:33.214831,2019-06-04 10:42:33.214831,1751743,581337944.841768,2019-06-04 10:45:39.841768,186.62693691253665,GRB190604446,n0_r1 n1_r1 n2_r1 n2_r2 n3_r0 n3_r1 n3_r2 n4_r0 n4_r1 n4_r2 n5_r1 n6_r0 n6_r1 n6_r2 n7_r0 n7_r1 n7_r2 n8_r0 n8_r1 n8_r2,n0 n1 n2 n3 n4 n5 n6 n7 n8,23.77543605754379,56.65257495957712,11.397528670928128,56.65257495957712,R,0.95,0.95,1.0,345.18,50.99,345.85,51.27,3.82,3.23,581337764.358969,22.02223592155705,-17.55319393260388,True,False,71.87222719626448,22.390685277175134,105.75152416449252,-8.15175218357421,17.55319211106638,148.76944348160436,531341.376065173,1.0667932984148694,r1
116,1778967,581469754.359182,2019-06-05 23:22:29.359182,2019-06-05 23:22:23.215044,1778970,581469766.838118,2019-06-05 23:22:41.838118,12.478935956954956,GRB190605974,n4_r1 n8_r1,n4 n8,0.0,5.368768765417967,0.0,5.368768765417967,S,0.0,0.35,0.0,336.66,14.0,333.07,14.51,27.62,16.62,581469754.359182,63.71397223737481,-25.578488689552053,True,False,73.44446643103448,22.564199178835214,77.89528793999835,-35.91045206086186,25.578485691018386,358.9971029465887,536497.2813166915,1.1783674418642092,r1
117,1781202,581478909.5851669,2019-06-06 01:55:04.585167,2019-06-06 01:54:51.151872,1781214,581478960.6652591,2019-06-06 01:55:55.665259,51.08009219169617,GRB190606080,n0_r0 n0_r1 n1_r0 n1_r1 n2_r1 n3_r1 n3_r2 n4_r1 n5_r0 n5_r1 n9_r1 na_r1,n0 n1 n2 n3 n4 n5 n9 na,6.384003841482533,23.57130819805642,3.5598070976377083,23.57130819805642,R,0.9,0.9,0.9,79.63,-1.73,79.63,-3.27,6.13,7.97,581478915.2172861,283.50595866326347,19.05704593065155,True,True,73.55370488355862,22.575672343992412,203.4829764045684,-21.382378211831675,-19.057044146742737,180.5143451574327,526643.5016280338,1.254119894165599,r1
118,1789811,581520107.6989701,2019-06-06 13:21:42.698970,2019-06-06 13:21:34.506794,1789816,581520128.1794341,2019-06-06 13:22:03.179434,20.480463981628414,,n7_r0 n7_r1 n8_r0 n8_r1 nb_r0,n7 n8 nb,10.01267278358049,6.302734708561148,0.0,10.01267278358049,R,0.0,0.0,0.0,260.88,4.45,252.17,6.78,42.3,25.98,581520107.6989701,354.2345526317445,-12.640319227512421,True,True,74.04508035849706,22.62634424765451,26.69160063363687,21.55740404369842,12.640316995194633,79.13767749256114,525863.2355243465,1.0098189294485957,r0
119,1795361,581547686.0228131,2019-06-06 21:01:21.022813,2019-06-06 21:00:48.254119,1795364,581547698.3110809,2019-06-06 21:01:33.311081,12.288267850875854,,n6_r2 nb_r1,n6 nb,0.0,4.823288097380881,3.2706606321068383,4.823288097380881,R,0.0,0.05,0.05,106.13,-23.62,130.74,-23.62,88.03,37.73,581547686.0228131,297.1807284533742,12.291625798835785,True,True,74.37421348448567,22.65942802485276,235.51178930467157,-7.8282799852708465,-12.291626215582369,266.85955606077357,524421.8621580937,1.1163897538448242,r1
120,1799404,581564571.5944741,2019-06-07 01:42:46.594474,2019-06-07 01:42:40.450347,1799414,581564612.80989,2019-06-07 01:43:27.809890,41.21541595458984,GRB190607071,n6_r1 n7_r1 n9_r0 n9_r1 na_r0 na_r1 nb_r0 nb_r1,n6 n7 n9 na nb,9.081570443368989,12.01041719710448,0.0,12.01041719710448,R,0.45,0.45,0.0,275.76,-50.37,272.97,-49.26,39.86,14.26,581564571.5944741,281.8033169657167,17.488838517756356,True,True,74.57579492958804,22.67935085840552,344.1937521124243,-16.320543245279506,-17.488836277259008,180.9329676547245,526367.1358488179,1.2220547256276748,r1
121,1816546,581645545.699758,2019-06-08 00:12:20.699758,2019-06-08 00:12:05.593859,1816584,581645701.605533,2019-06-08 00:14:56.605533,155.90577495098114,GRB190608009,n6_r1 n7_r1 n8_r1 n9_r1 na_r0 na_r1 nb_r0 nb_r1,n6 n7 n8 n9 na nb,8.356113724006503,30.84310949530409,0.0,30.84310949530409,R,0.5,0.75,0.0,224.4,-27.04,223.99,-26.26,9.08,6.81,581645550.050287,340.21236662499217,-10.927037642573971,True,True,75.5431399078591,22.771363973164735,334.7631203311986,27.92550639996523,10.927037833351484,261.0079821769139,523434.792238441,1.2437123520943452,r1
122,1831674,581718164.323481,2019-06-08 20:22:39.323481,2019-06-08 20:19:14.519332,1831955,581719318.395205,2019-06-08 20:41:53.395205,1154.0717240571976,LOCLPAR1906088,n0_r0 n0_r1 n1_r0 n1_r1 n2_r0 n2_r1 n3_r0 n3_r1 n4_r0 n4_r1 n5_r0 n5_r1 n6_r0 n6_r1 n7_r0 n7_r1 n8_r0 n8_r1 n9_r0 n9_r1 na_r0 na_r1 nb_r0 nb_r1,n0 n1 n2 n3 n4 n5 n6 n7 n8 n9 na nb,1462.766384177079,482.455813939955,0.0,1462.766384177079,R,0.6,0.6,0.0,142.76,2.92,142.83,2.94,0.89,0.77,581719134.0713761,300.89513222864593,4.681623559050772,True,True,76.42299027204409,22.849888738647614,230.78428269799423,36.399308437019194,-4.681623541434874,274.25123071920825,522699.8769243648,1.134090778667645,r0
123,1837200,581740811.101176,2019-06-09 02:40:06.101176,2019-06-09 02:36:45.393148,1837201,581740815.197256,2019-06-09 02:40:10.197256,4.09607994556427,,n6_r0 n7_r0 n7_r1 n8_r0 n9_r0 nb_r0,n6 n7 n8 n9 nb,41.02351945265405,9.358370505748132,0.0,41.02351945265405,R,0.0,0.1,0.0,214.39,-38.93,212.28,-38.95,40.89,21.87,581740811.101176,226.6515214163585,25.449668607759133,False,True,76.68232745485612,22.87209449742162,320.73018067980956,20.94890151255842,-25.449668344862815,109.43936273605269,535636.380884394,1.6018117534935523,r0
124,1841018,581758421.5868111,2019-06-09 07:33:36.586811,2019-06-09 07:33:32.490730,1841074,581758654.0395471,2019-06-09 07:37:29.039547,232.4527360200882,GRB190609315,n3_r1 n3_r2 n4_r1 n5_r1 n6_r0 n6_r1 n6_r2 n7_r0 n7_r1 n7_r2 n8_r0 n8_r1 n8_r2 n9_r0 n9_r1 n9_r2 na_r1 nb_r1 nb_r2,n3 n4 n5 n6 n7 n8 n9 na nb,13.371745272765052,44.69062029247536,8.66263650178445,44.69062029247536,R,0.65,0.8,0.85,188.96,-38.93,190.63,-40.16,8.85,6.2,581758469.715787,261.76420994792016,19.014824430468845,True,True,76.8936358343777,22.889871419992268,299.6198185374508,23.840364301894205,-19.014822631572326,70.77303871238603,529320.9745152221,1.363314866977953,r1
125,1866435,581882410.5244889,2019-06-10 18:00:05.524489,2019-06-10 18:00:01.428410,1866470,581882553.887285,2019-06-10 18:02:28.887285,143.36279606819153,GRB190610750,n0_r0 n0_r1 n1_r0 n1_r1 n2_r0 n2_r1 n5_r1 n6_r0 n6_r1 n7_r0 n7_r1 n8_r1 n9_r0 n9_r1 na_r0 na_r1 nb_r1,n0 n1 n2 n5 n6 n7 n8 n9 na nb,24.168570290978792,37.24451687070183,0.0,37.24451687070183,R,0.9,0.9,0.0,301.52,41.46,301.98,41.37,3.06,2.81,581882410.5244889,147.4494834388675,13.335325081630689,True,False,78.37785105148234,23.00672687606361,77.4723436220159,5.0762150118874025,-13.335323052791939,158.62437344267994,541270.3063660046,1.1924866700737713,r1
126,1888839,581986071.1383371,2019-06-11 22:47:46.138337,2019-06-11 22:47:46.138337,1888907,581986351.590415,2019-06-11 22:52:26.590415,280.4520778656006,GRB190611950,n0_r1 n0_r2 n1_r0 n1_r1 n1_r2 n2_r0 n2_r1 n2_r2 n3_r1 n3_r2 n4_r0 n4_r1 n4_r2 n5_r0 n5_r1 n5_r2 n9_r1,n0 n1 n2 n3 n4 n5 n9,60.13876421103792,112.13321467951532,19.22053994711446,112.13321467951532,R,0.85,0.9,0.95,75.22,38.91,75.13,38.8,1.8,1.27,581986146.786572,208.5435108984662,25.401780767801586,True,True,79.6214638213518,23.093838526930337,166.54481411944474,-2.00128271701458,-25.40177749466148,146.30054684264513,540203.5391409158,1.5532993737741672,r1
127,1893372,582004649.136301,2019-06-12 03:57:24.136301,2019-06-12 03:57:02.119881,1893377,582004671.152741,2019-06-12 03:57:46.152741,22.01643991470337,GRB190612165,n4_r0 n4_r1 n8_r0 n8_r1,n4 n8,5.064101142571886,5.438485065695297,0.0,5.438485065695297,R,0.45,0.45,0.0,248.48,67.58,211.69,53.62,118.11,41.55,582004649.136301,293.2376477424553,-2.374755865367509,True,True,79.84339107846712,23.108348020812862,99.44666282727576,37.81996851541824,2.374755970960443,153.69048802247303,522355.61582604615,1.0292333471582173,r0
128,1903135,582055439.0238831,2019-06-12 18:03:54.023883,2019-06-12 18:03:45.831724,1903151,582055753.893832,2019-06-12 18:09:08.893832,314.86994886398315,,n3_r1 n4_r1 n5_r1 nb_r1,n3 n4 n5 nb,0.0,12.55202294595277,0.0,12.55202294595277,S,0.0,0.1,0.0,130.94,-3.15,132.16,-8.3,71.72,34.42,582055492.2728901,260.2983560793093,11.061525402528188,True,True,80.45340081661905,23.14661349984213,229.56458421603332,23.157648154076522,-11.06152433080887,268.3247843785615,528818.9241642572,1.1157185026269008,r1
129,1911909,582091646.818509,2019-06-13 04:07:21.818509,2019-06-13 04:06:58.266037,1911921,582091695.971527,2019-06-13 04:08:10.971527,49.1530179977417,GRB190613172,n0_r0 n0_r1 n1_r0 n1_r1 n3_r0 n3_r1,n0 n1 n3,8.531591578229573,14.021130939507986,0.0,14.021130939507986,R,0.8,0.8,0.0,116.44,67.35,119.81,64.86,49.67,15.53,582091655.010684,18.02826889739027,-25.524153653009527,True,True,80.88742120405078,23.17239568379759,148.57126423926715,30.086156267168846,25.524150751543765,234.96407221036404,525090.8614720046,1.4441077336325865,r0
130,1916272,582115623.513305,2019-06-13 10:46:58.513305,2019-06-13 10:46:52.881184,1916283,582115670.106248,2019-06-13 10:47:45.106248,46.59294307231903,GRB190613449,n3_r1 n4_r1 n5_r1 n6_r0 n6_r1 n7_r0 n7_r1 n8_r0 n8_r1 n9_r1 nb_r1,n3 n4 n5 n6 n7 n8 n9 nb,8.408123793341936,20.70440204666666,0.0,20.70440204666666,R,0.85,0.85,0.0,309.81,-10.77,307.82,-9.81,8.84,4.81,582115623.513305,89.11658342457848,-4.98396245187078,True,False,81.17515076895646,23.188826082351333,35.33380354774071,-28.783784580880823,4.983961953521998,205.91020007134648,534479.8441695226,1.0675713183880282,r1
131,1929087,582172777.514097,2019-06-14 02:39:32.514097,2019-06-14 02:38:26.976794,1929088,582172781.6101761,2019-06-14 02:39:36.610176,4.096079111099243,,n5_r1 n5_r2 n6_r2 nb_r2,n5 n6 nb,0.0,5.5576457967473685,6.000939828058184,6.000939828058184,R,0.0,0.0,0.0,63.56,35.34,96.97,21.54,97.85,44.31,582172773.418018,90.28708458146231,-2.302240531543216,False,False,81.8613967895951,23.22588358184843,163.0033467900953,-11.303719012815813,2.3022402714359487,328.3041216077254,534657.5911054736,1.1119437065971922,r2
132,1956077,582304591.8603051,2019-06-15 15:16:26.860305,2019-06-15 15:16:04.843950,1956094,582304663.0294211,2019-06-15 15:17:38.029421,71.16911602020264,GRB190615636,n4_r1 n6_r1 n7_r1 n8_r0 n8_r1 nb_r0 nb_r1,n4 n6 n7 n8 nb,8.346011379294941,15.2749443819099,0.0,15.2749443819099,R,0.95,0.85,0.0,203.2,28.57,204.43,28.54,13.62,10.66,582304597.4923921,115.0082293366943,13.621916462649983,True,False,83.44523471519709,23.299955130298926,44.31586506696492,80.74892882015766,-13.621914851713314,162.2544530971736,539973.1698720357,1.1924925677427807,r1
133,2010897,582563228.8736961,2019-06-18 15:07:03.873696,2019-06-18 15:05:54.240713,2010914,582563474.989236,2019-06-18 15:11:09.989236,246.11553990840912,,n2_r1 n3_r1 n3_r2 n4_r2 n5_r1 n5_r2 n6_r1 n8_r1 nb_r1,n2 n3 n4 n5 n6 n8 nb,0.0,17.54230239451633,7.395483878689467,17.54230239451633,R,0.0,0.3,0.15,81.45,30.01,96.78,10.3,87.56,49.61,582563290.314582,223.06224749381957,9.932248473373226,True,True,86.55618110458965,23.398914357003054,176.7653960392429,-3.0489786622965442,-9.932247305615556,269.47056572847936,537650.8012198596,1.116010339465468,r1
134,2019013,582596669.495268,2019-06-19 00:24:24.495268,2019-06-19 00:24:04.014967,2019050,582596824.121525,2019-06-19 00:26:59.121525,154.6262570619583,GRB190619018,n0_r0 n0_r1 n1_r1 n3_r0 n3_r1 n6_r0 n6_r1 n9_r0 n9_r1,n0 n1 n3 n6 n9,15.255410446906682,16.717444742502312,0.0,16.717444742502312,R,0.15,0.25,0.0,345.34,9.02,342.08,13.84,15.65,16.46,582596765.240663,172.69728203003,24.174283192730762,True,True,86.95892531572629,23.40721832736015,82.67885352370922,-45.07430594151065,-24.17428049287659,79.24485301022195,545505.4306596534,1.5494055050002946,r1
135,2028572,582646564.266721,2019-06-19 14:15:59.266721,2019-06-19 14:15:51.074588,2028629,582646800.814623,2019-06-19 14:19:55.814623,236.54790198802948,GRB190619595,n1_r1 n2_r0 n2_r1 n3_r1 n4_r1 n5_r0 n5_r1 n6_r1 n7_r0 n7_r1 n7_r2 n8_r0 n8_r1 n8_r2 n9_r0 n9_r1 na_r0 na_r1 nb_r0 nb_r1,n1 n2 n3 n4 n5 n6 n7 n8 n9 na nb,25.14141221147176,51.74677930538312,4.434943269666032,51.74677930538312,R,0.9,0.9,0.95,292.39,14.76,292.48,14.79,2.96,2.82,582646608.299454,70.90051885244404,6.173545629852414,True,False,87.55864753218198,23.417669268258102,50.38116183654937,-1.5122788909652496,-6.173544993759431,129.20006797860722,529633.1317733997,1.0693777623060905,r1
136,2045409,582725415.296803,2019-06-20 12:10:10.296803,2019-06-20 12:10:04.664711,2045461,582725629.828409,2019-06-20 12:13:44.828409,214.5316059589386,GRB190620507,n0_r0 n0_r1 n0_r2 n1_r0 n1_r1 n1_r2 n2_r0 n2_r1 n2_r2 n3_r0 n3_r1 n3_r2 n4_r0 n4_r1 n4_r2 n5_r0 n5_r1 n5_r2 n6_r0 n6_r1 n6_r2 n7_r0 n7_r1 n7_r2 n8_r0 n8_r1 n8_r2 n9_r1 na_r0 na_r1 nb_r1,n0 n1 n2 n3 n4 n5 n6 n7 n8 n9 na nb,44.577028793887926,119.1027726468272,23.73358794770541,119.1027726468272,R,0.8,0.9,0.95,154.95,25.44,154.94,25.32,1.43,1.44,582725429.1210451,2.545913436474609,-19.96729945731534,True,True,88.50712112282241,23.429522335110704,207.03048142474546,56.094796878084175,19.96729728000787,91.52619244577,521229.607035686,1.0572625523967958,r1
137,2100507,582985349.004204,2019-06-23 12:22:24.004204,2019-06-23 12:22:15.812082,2100513,582985706.473034,2019-06-23 12:28:21.473034,357.4688299894333,,n2_r1 n3_r1 n5_r1 n6_r1 nb_r1,n2 n3 n5 n6 nb,0.0,9.726534856475094,0.0,9.726534856475094,S,0.0,0.05,0.0,333.08,-22.62,325.69,-20.73,53.38,28.34,582985365.3884411,184.03795027414532,12.37913474649901,True,True,91.63497468584528,23.428027984343824,31.10684174496233,-53.776767213300324,-12.379133669556987,266.9851024299427,541311.959891604,1.116765521094186,r1
138,2118706,583071014.324833,2019-06-24 12:10:09.324833,2019-06-24 12:09:57.036652,2118719,583071067.573597,2019-06-24 12:11:02.573597,53.24876391887665,,n1_r1 n2_r1,n1 n2,0.0,7.3456617155647805,0.0,7.3456617155647805,S,0.0,0.0,0.0,22.38,37.56,49.81,27.98,92.96,38.0,583071055.285423,184.02179582633164,9.533633870246177,True,True,92.66579031829347,23.413894937188036,131.23044408191905,-24.69786340907621,-9.533633303452492,268.95017595430625,540439.0177115125,1.1149457066120159,r1
139,2150966,583221989.245432,2019-06-26 06:06:24.245432,2019-06-26 06:06:18.101333,2150967,583221993.851858,2019-06-26 06:06:28.851858,4.606426000595093,GRB190626254,n2_r0 n2_r1,n2,3.1361179229197185,3.0728580923193625,0.0,3.1361179229197185,P,0.0,0.0,0.0,176.78,-62.05,175.02,-47.38,85.21,40.07,583221983.1013331,336.72159325776227,-15.69655197466039,True,True,94.48059822355677,23.372585523899094,295.4725935700241,-0.1167242547339386,15.696551655077963,151.06229465952413,524340.4640472266,1.0567011753457314,r0
140,2186360,583388619.935779,2019-06-28 04:23:34.935779,2019-06-28 04:23:30.839710,2186362,583388628.127935,2019-06-28 04:23:43.127935,8.192156076431274,,n8_r1,n8,0.0,3.337818274271074,0.0,3.337818274271074,P,0.0,0.05,0.0,231.88,21.56,203.96,16.58,77.94,39.24,583388615.83971,32.933717673639194,14.761771612613154,True,False,96.48253847205126,23.30271594099216,32.689279904881744,54.15814122370193,-14.76177032409737,231.07040493396198,525149.7127837753,1.1201770154417632,r1
141,2192542,583417859.808183,2019-06-28 12:30:54.808183,2019-06-28 12:30:45.080024,2192548,583417885.9206121,2019-06-28 12:31:20.920612,26.11242914199829,GRB190628521,na_r0 na_r1 nb_r0 nb_r1,na nb,5.07730383981894,6.87302129928268,0.0,6.87302129928268,R,0.3,0.3,0.0,109.37,-66.03,133.93,-42.64,105.27,50.0,583417865.440276,78.30473019395308,25.293900717620353,True,False,96.83370991851567,23.28783204646391,277.10846820818443,-22.06619499663234,-25.293898459432175,154.23439088714017,530798.3034529916,1.5246081567169738,r0
142,2208278,583493108.388667,2019-06-29 09:25:03.388667,2019-06-29 09:24:55.196544,2208293,583493427.5218351,2019-06-29 09:30:22.521835,319.1331681013108,,n0_r1 n0_r2 n6_r0 n8_r1 n9_r1 nb_r1 nb_r2,n0 n6 n8 n9 nb,4.354190459451329,13.507648328905525,5.091043703059732,13.507648328905525,R,0.3,0.05,0.15,303.99,-38.11,295.88,-31.94,44.72,24.68,583493161.637481,146.84774696965957,11.18842910235857,True,False,97.73733801677247,23.24592776597887,3.15103295686246,-32.27137274043447,-11.188428476168454,268.18426648430744,534622.8483550276,1.115739517219507,r1
143,2234242,583610462.600395,2019-06-30 18:00:57.600395,2019-06-30 17:59:39.775105,2234246,583610478.984668,2019-06-30 18:01:13.984668,16.384273052215576,,n6_r2 nb_r1 nb_r2,n6 nb,0.0,6.645639632693326,5.645043250344563,6.645639632693326,R,0.0,0.0,0.1,243.63,-2.15,226.93,6.42,90.12,43.19,583610474.888593,338.2418800673527,-1.8059741805843619,True,True,99.14398617853013,23.170364036271756,10.36916931405726,33.047257999144946,1.805973956441602,329.4349039310095,527292.801566936,1.1122389932221177,r2
