trig_ids,start_index,start_met,start_times,start_times_offset,end_index,end_met,end_times,duration,catalog_triggers,trig_dets,detectors,sigma_r0,sigma_r1,sigma_r2,sigma_C,CE,qtl_cut_r0,qtl_cut_r1,qtl_cut_r2
0,8104,573124424.4956121,2019-03-01 09:13:39.495612,2019-03-01 09:12:58.534956,8124,573124506.416926,2019-03-01 09:15:01.416926,81.92131388187408,,n0_r2 n1_r2 n2_r2 n3_r2 n4_r2 n5_r2 n6_r2 n8_r1 n8_r2 n9_r2 na_r2 nb_r1 nb_r2,n0 n1 n2 n3 n4 n5 n6 n8 n9 na nb,0.0,9.963506648024559,13.701770524807069,13.701770524807069,R,0.0,0.05,0.05
1,41799,573284724.164136,2019-03-03 05:45:19.164136,2019-03-03 05:45:19.164136,41820,573284812.228098,2019-03-03 05:46:47.228098,88.06396198272705,GRB190303240,n0_r0 n0_r1 n1_r0 n1_r1 n2_r0 n2_r1 n5_r0 n5_r1 na_r1,n0 n1 n2 n5 na,10.13437784018339,17.253785198055468,0.0,17.253785198055468,R,0.65,0.7,0.0
2,69921,573421046.294318,2019-03-04 19:37:21.294318,2019-03-04 19:37:15.662228,69924,573421060.1185551,2019-03-04 19:37:35.118555,13.82423710823059,GRB190304818,n4_r0 n4_r1,n4,4.47752793938633,6.522259658850949,0.0,6.522259658850949,P,0.7,0.7,0.0
3,97778,573547171.270521,2019-03-06 06:39:26.270521,2019-03-06 06:36:50.620050,97820,573547343.3052421,2019-03-06 06:42:18.305242,172.03472101688385,,n0_r0 n1_r0 n1_r1 n2_r0 n2_r1 n3_r0 n3_r1 n4_r0 n5_r0 n5_r1 n6_r0 n6_r1 n7_r0 n7_r1 n8_r0 n9_r0 na_r0 nb_r0 nb_r1,n0 n1 n2 n3 n4 n5 n6 n7 n8 n9 na nb,86.47192442251796,21.34822096832255,0.0,86.47192442251796,R,0.4,0.25,0.0
4,97830,573547384.265892,2019-03-06 06:42:59.265892,2019-03-06 06:39:34.462647,97929,573547789.77634,2019-03-06 06:49:44.776340,405.5104479789734,,n0_r0 n0_r1 n1_r0 n1_r1 n3_r0 n3_r1 n4_r0 n4_r1 n5_r0 n5_r1 n6_r0 n6_r1 n7_r0 n7_r1 n8_r0 n9_r0 n9_r1 na_r0 na_r1 nb_r0 nb_r1,n0 n1 n3 n4 n5 n6 n7 n8 n9 na nb,288.696056058608,116.937076488689,0.0,288.696056058608,R,0.15,0.45,0.0
5,109210,573604667.66626,2019-03-06 22:37:42.666260,2019-03-06 22:37:28.842028,109257,573604861.717356,2019-03-06 22:40:56.717356,194.0510959625244,GRB190306943,n0_r1 n1_r0 n1_r1 n6_r0 n6_r1 n7_r1 n8_r1 n9_r0 n9_r1 na_r0 na_r1 nb_r0 nb_r1,n0 n1 n6 n7 n8 n9 na nb,17.527487355846123,27.611499296141872,0.0,27.611499296141872,R,0.25,0.85,0.0
6,113596,573622644.0990701,2019-03-07 03:37:19.099070,2019-03-07 03:37:13.466977,113646,573622850.436799,2019-03-07 03:40:45.436799,206.33772897720337,GRB190307151,n0_r0 n0_r1 n1_r0 n1_r1 n2_r0 n2_r1 n3_r0 n3_r1 n4_r1 n5_r0 n5_r1 n8_r0 n8_r1 n9_r1 na_r0 na_r1 nb_r0 nb_r1,n0 n1 n2 n3 n4 n5 n8 n9 na nb,36.491155121521444,41.40464362922309,0.0,41.40464362922309,R,0.8,0.85,0.0
7,145485,573775817.1486499,2019-03-08 22:10:12.148650,2019-03-08 22:10:08.052586,145487,573775825.3407781,2019-03-08 22:10:20.340778,8.19212818145752,GRB190308923,n9_r1 nb_r1,n9 nb,0.0,4.407000948711163,0.0,4.407000948711163,S,0.0,0.0,0.0
8,151009,573798457.043872,2019-03-09 04:27:32.043872,2019-03-09 04:26:34.698958,151011,573798465.236007,2019-03-09 04:27:40.236007,8.192134976387024,,n2_r0 n3_r0 n3_r1 n7_r0 n8_r0,n2 n3 n7 n8,18.186490179891468,6.246613560672401,0.0,18.186490179891468,R,0.0,0.0,0.0
9,172757,573903160.130661,2019-03-10 09:32:35.130661,2019-03-10 09:32:23.352912,172819,573903414.5974321,2019-03-10 09:36:49.597432,254.46677112579346,GRB190310398,n0_r0 n0_r1 n1_r0 n1_r1 n2_r0 n2_r1 n3_r0 n3_r1 n4_r0 n4_r1 n5_r0 n5_r1 n6_r1 n7_r1 n8_r0 n8_r1 n9_r0 n9_r1 na_r0 na_r1 nb_r0 nb_r1,n0 n1 n2 n3 n4 n5 n6 n7 n8 n9 na nb,51.17987822982706,62.85675885689505,0.0,62.85675885689505,R,0.95,0.95,0.0
10,179476,573937104.708027,2019-03-10 18:58:19.708027,2019-03-10 18:57:46.939485,179479,573937116.996233,2019-03-10 18:58:31.996233,12.288205981254578,,n5_r1 nb_r1,n5 nb,0.0,6.466875967849894,0.0,6.466875967849894,S,0.0,0.0,0.0
11,205425,574054358.06474,2019-03-12 03:32:33.064740,2019-03-12 03:31:31.623671,205439,574054415.409719,2019-03-12 03:33:30.409719,57.34497904777527,,n0_r2 n3_r2 n5_r1 n5_r2 n6_r1 n6_r2 n8_r2 n9_r2 na_r2 nb_r1 nb_r2,n0 n3 n5 n6 n8 n9 na nb,0.0,11.288952545838065,10.786827028811294,11.288952545838065,R,0.0,0.05,0.1
12,205677,574055390.2737119,2019-03-12 03:49:45.273712,2019-03-12 03:46:57.335061,205710,574055525.443817,2019-03-12 03:52:00.443817,135.17010509967804,,n0_r0 n0_r1 n1_r0 n2_r0 n2_r1 n3_r0 n3_r1 n4_r0 n5_r0 n5_r1 n6_r0 n7_r0 n7_r1 n8_r0 n8_r1 na_r0 nb_r0 nb_r1,n0 n1 n2 n3 n4 n5 n6 n7 n8 na nb,73.74162715127174,23.579399776059475,0.0,73.74162715127174,R,0.0,0.3,0.0
13,210208,574080138.3553231,2019-03-12 10:42:13.355323,2019-03-12 10:42:07.723230,210214,574080163.44221,2019-03-12 10:42:38.442210,25.086886882781982,GRB190312446,n0_r0 n0_r1 n1_r1 n3_r0 n3_r1 n4_r0,n0 n1 n3 n4,12.368184658760976,9.290480452204378,0.0,12.368184658760976,R,0.7,0.55,0.0
14,261359,574319372.571028,2019-03-15 05:09:27.571028,2019-03-15 05:08:54.802496,261364,574319393.051367,2019-03-15 05:09:48.051367,20.48033905029297,,n6_r0 n6_r1 n9_r0,n6 n9,7.33448982314376,5.187614900853108,0.0,7.33448982314376,R,0.0,0.0,0.0
15,266147,574345069.443512,2019-03-15 12:17:44.443512,2019-03-15 12:17:38.299403,266185,574345225.348767,2019-03-15 12:20:20.348767,155.9052550792694,GRB190315512,n0_r1 n1_r1 n2_r1 n3_r1 n4_r1 n5_r1 n6_r1 n7_r0 n7_r1 n8_r1 n9_r0 n9_r1 na_r0 na_r1 nb_r0 nb_r1,n0 n1 n2 n3 n4 n5 n6 n7 n8 n9 na nb,14.565617405955356,34.87467459607059,0.0,34.87467459607059,R,0.85,0.85,0.0
16,269082,574359199.987376,2019-03-15 16:13:14.987376,2019-03-15 16:12:54.507048,269088,574359579.7508711,2019-03-15 16:19:34.750871,379.7634950876236,,n0_r1 n1_r1 n3_r1 n5_r1 nb_r1,n0 n1 n3 n5 nb,0.0,10.17131982347136,0.0,10.17131982347136,S,0.0,0.05,0.0
17,295251,574477687.545779,2019-03-17 01:08:02.545779,2019-03-17 01:07:54.353650,295257,574477712.122182,2019-03-17 01:08:27.122182,24.57640302181244,,nb_r0 nb_r1,nb,4.248371996069795,5.153630553702627,0.0,5.153630553702627,P,0.3,0.3,0.0
18,350314,574737260.9760339,2019-03-20 01:14:15.976034,2019-03-20 01:13:58.055733,350329,574737323.9531231,2019-03-20 01:15:18.953123,62.977089166641235,GRB190320052,n6_r1 n7_r1 n8_r1 n9_r1 na_r1 nb_r0 nb_r1,n6 n7 n8 n9 na nb,3.988677781075804,16.0414088311993,0.0,16.0414088311993,R,0.55,0.6,0.0
19,376856,574866998.951699,2019-03-21 13:16:33.951699,2019-03-21 13:16:09.375329,376864,574867305.836801,2019-03-21 13:21:40.836801,306.8851020336151,,n5_r1 nb_r1,n5 nb,0.0,8.117724574842766,0.0,8.117724574842766,S,0.0,0.05,0.0
20,378040,574872130.640015,2019-03-21 14:42:05.640015,2019-03-21 14:41:59.495913,378052,574872180.1591051,2019-03-21 14:42:55.159105,49.51909005641937,SFLARE19032161,n2_r0 n4_r0 n4_r1 n5_r0 n5_r1,n2 n4 n5,51.34191310026716,8.07472047320619,0.0,51.34191310026716,R,0.55,0.55,0.0
21,409231,575018215.151962,2019-03-23 07:16:50.151962,2019-03-23 07:16:44.519864,409264,575018351.858386,2019-03-23 07:19:06.858386,136.70642399787903,GRB190323303,n0_r1 n1_r1 n6_r0 n6_r1 n7_r1 n8_r1 n9_r0 n9_r1 n9_r2 na_r0 na_r1 nb_r0 nb_r1,n0 n1 n6 n7 n8 n9 na nb,15.827083813369201,35.10724102426793,3.8213304430763677,35.10724102426793,R,0.8,0.8,0.8
22,420601,575067923.089176,2019-03-23 21:05:18.089176,2019-03-23 21:05:18.089176,420653,575068138.644657,2019-03-23 21:08:53.644657,215.55548095703125,GRB190323879,n0_r0 n0_r1 n0_r2 n1_r0 n1_r1 n1_r2 n2_r1 n3_r0 n3_r1 n3_r2 n4_r0 n4_r1 n4_r2 n5_r0 n5_r1 n5_r2 n6_r0 n6_r1 n6_r2 n7_r0 n7_r1 n7_r2 n8_r0 n8_r1 n9_r1 na_r0 na_r1 nb_r0 nb_r1,n0 n1 n2 n3 n4 n5 n6 n7 n8 n9 na nb,52.389586667990855,107.30602357729583,15.679066489102047,107.30602357729583,R,0.85,0.9,0.9
23,428198,575108478.213153,2019-03-24 08:21:13.213153,2019-03-24 08:21:07.581054,428251,575108695.304769,2019-03-24 08:24:50.304769,217.09161603450775,GRB190324348,n0_r0 n0_r1 n0_r2 n1_r0 n1_r1 n1_r2 n2_r0 n2_r1 n2_r2 n3_r1 n4_r1 n4_r2 n5_r0 n5_r1 n6_r1 n7_r1 n8_r0 n8_r1 n9_r0 n9_r1 n9_r2 na_r0 na_r1 na_r2 nb_r0 nb_r1,n0 n1 n2 n3 n4 n5 n6 n7 n8 n9 na nb,28.12034513253909,70.41165827098422,10.017246099694553,70.41165827098422,R,0.85,0.9,0.95
24,440174,575160262.996502,2019-03-24 22:44:17.996502,2019-03-24 22:44:13.900427,440220,575160451.41567,2019-03-24 22:47:26.415670,188.41916799545288,GRB190324947,n0_r1 n2_r1 n6_r0 n6_r1 n6_r2 n7_r0 n7_r1 n7_r2 n8_r0 n8_r1 n9_r0 n9_r1 na_r0 na_r1 nb_r0 nb_r1,n0 n2 n6 n7 n8 n9 na nb,37.23652846204303,57.436830683711975,5.377278117805617,57.436830683711975,R,0.95,0.95,1.0
25,459213,575251144.388279,2019-03-25 23:58:59.388279,2019-03-25 23:58:53.244180,459299,575251489.608494,2019-03-26 00:04:44.608494,345.2202150821686,GRB190325999,n0_r0 n0_r1 n0_r2 n1_r0 n1_r1 n2_r0 n2_r1 n2_r2 n3_r1 n4_r1 n5_r0 n5_r1 n5_r2 n9_r1 na_r1 nb_r1,n0 n1 n2 n3 n4 n5 n9 na nb,13.564779459596101,35.04498175243736,5.71319066420532,35.04498175243736,R,0.9,0.95,0.95
26,466482,575289113.816601,2019-03-26 10:31:48.816601,2019-03-26 10:31:28.336286,466485,575289540.983904,2019-03-26 10:38:55.983904,427.16730296611786,,nb_r1,nb,0.0,5.0714540759773605,0.0,5.0714540759773605,P,0.0,0.0,0.0
27,477038,575335488.6472781,2019-03-26 23:24:43.647278,2019-03-26 23:24:37.503187,477047,575335525.766291,2019-03-26 23:25:20.766291,37.11901295185089,GRB190326975,n0_r1 n1_r1 n6_r1 n9_r0 n9_r1 na_r1,n0 n1 n6 n9 na,3.2928535141807074,10.81704444390076,0.0,10.81704444390076,R,0.8,0.7,0.0
28,479088,575347158.5350131,2019-03-27 02:39:13.535013,2019-03-27 02:38:45.372959,479098,575347200.006016,2019-03-27 02:39:55.006016,41.47100293636322,GRB190327111,n1_r1 n2_r1 n3_r1 n3_r2 n4_r1 n6_r1 n7_r1 n7_r2 n8_r1 n9_r1 na_r1,n1 n2 n3 n4 n6 n7 n8 n9 na,0.0,14.987502231945465,4.68703283585852,14.987502231945465,R,0.0,0.65,0.45
29,481890,575361365.375902,2019-03-27 06:36:00.375902,2019-03-27 06:35:39.895532,481894,575361381.760184,2019-03-27 06:36:16.760184,16.384281992912292,,n1_r1,n1,0.0,3.9248321749415283,0.0,3.9248321749415283,P,0.0,0.65,0.0
30,484667,575374784.468979,2019-03-27 10:19:39.468979,2019-03-27 10:19:31.276855,484681,575375023.3373641,2019-03-27 10:23:38.337364,238.86838507652283,,nb_r1,nb,0.0,6.60651158645751,0.0,6.60651158645751,P,0.0,0.0,0.0
31,545515,575656773.819233,2019-03-30 16:39:28.819233,2019-03-30 16:39:28.819233,545552,575656927.036517,2019-03-30 16:42:02.036517,153.2172840833664,GRB190330694,n0_r0 n0_r1 n0_r2 n1_r0 n1_r1 n2_r0 n2_r1 n2_r2 n3_r1 n4_r1 n5_r1 n6_r0 n6_r1 n8_r1 n9_r0 n9_r1 na_r0 na_r1 nb_r1,n0 n1 n2 n3 n4 n5 n6 n8 n9 na nb,18.123818039993964,36.2482780898443,5.856903288930529,36.2482780898443,R,0.8,1.0,1.0
32,571127,575781624.2574949,2019-04-01 03:20:19.257495,2019-04-01 03:20:13.625408,571178,575781834.6928501,2019-04-01 03:23:49.692850,210.4353551864624,GRB190401139,n2_r1 n3_r0 n3_r1 n4_r0 n4_r1 n5_r1 n6_r0 n6_r1 n7_r0 n7_r1 n8_r0 n8_r1 n9_r0 n9_r1 na_r0 na_r1 nb_r0 nb_r1,n2 n3 n4 n5 n6 n7 n8 n9 na nb,40.00818229458378,43.3910282109193,0.0,43.3910282109193,R,0.95,0.9,0.0
33,574353,575796928.4847901,2019-04-01 07:35:23.484790,2019-04-01 07:34:50.716230,574354,575796932.580858,2019-04-01 07:35:27.580858,4.096067905426025,,n6_r1 nb_r1,n6 nb,0.0,6.684530566348793,0.0,6.684530566348793,S,0.0,0.0,0.0
34,633856,576073467.0139041,2019-04-04 12:24:22.013904,2019-04-04 12:24:09.725704,633869,576073520.2627671,2019-04-04 12:25:15.262767,53.248862981796265,,n0_r0 n0_r1 n1_r0 n1_r1 n2_r1 n3_r1 n5_r0 n5_r1,n0 n1 n2 n3 n5,9.21011994731607,12.196664378248697,0.0,12.196664378248697,R,0.05,0.15,0.0
35,634496,576076088.4995221,2019-04-04 13:08:03.499522,2019-04-04 13:07:55.307378,634500,576076104.8838121,2019-04-04 13:08:19.883812,16.384289979934692,,n9_r0 n9_r1 na_r1,n9 na,3.7707046594613787,5.661753698112503,0.0,5.661753698112503,R,0.0,0.0,0.0
36,635042,576078329.048334,2019-04-04 13:45:24.048334,2019-04-04 13:45:07.664076,635092,576078533.851439,2019-04-04 13:48:48.851439,204.8031049966812,,n0_r0 n0_r1 n1_r0 n1_r1 n2_r0 n2_r1 n3_r0 n3_r1 n4_r1 n5_r0 n5_r1 n6_r0 n6_r1 n7_r0 n7_r1 n8_r0 n8_r1 n9_r0 n9_r1 na_r1 nb_r0 nb_r1,n0 n1 n2 n3 n4 n5 n6 n7 n8 n9 na nb,33.10672947772178,53.03570908747849,0.0,53.03570908747849,R,0.6,0.6,0.0
37,653189,576163975.3783721,2019-04-05 13:32:50.378372,2019-04-05 13:32:42.186251,653208,576164053.203555,2019-04-05 13:34:08.203555,77.82518291473389,,n2_r1 n3_r1 n4_r0 n4_r1 n5_r1 n7_r1 na_r1,n2 n3 n4 n5 n7 na,5.272506090786005,17.80834312530481,0.0,17.80834312530481,R,0.1,0.0,0.0
38,669111,576240447.8862,2019-04-06 10:47:22.886200,2019-04-06 10:47:12.132193,669112,576240452.492453,2019-04-06 10:47:27.492453,4.606253027915955,GRB190406450,n3_r0 n3_r1 n4_r0,n3 n4,5.6124525558538645,3.8433026193400637,0.0,5.6124525558538645,R,0.0,0.0,0.0
39,671344,576249596.942503,2019-04-06 13:19:51.942503,2019-04-06 13:19:47.846444,671372,576249711.632218,2019-04-06 13:21:46.632218,114.68971502780914,,n0_r0 n0_r1 n1_r1 n2_r1 n3_r1 n5_r0 n5_r1 n6_r0 n6_r1 n7_r0 n7_r1 n8_r1 n9_r0 n9_r1 nb_r0 nb_r1,n0 n1 n2 n3 n5 n6 n7 n8 n9 nb,17.661294052551607,29.54351294594474,0.0,29.54351294594474,R,0.2,0.15,0.0
40,674684,576265956.6192131,2019-04-06 17:52:31.619213,2019-04-06 17:52:25.987118,674711,576266068.74896,2019-04-06 17:54:23.748960,112.12974691390991,GRB190406745,n0_r1 n2_r1 n3_r0 n3_r1 n4_r0 n4_r1 n5_r1 n6_r1 n7_r1,n0 n2 n3 n4 n5 n6 n7,10.354178237423502,19.46730551735801,0.0,19.46730551735801,R,0.3,0.65,0.0
41,682171,576304711.202073,2019-04-07 04:38:26.202073,2019-04-07 04:38:13.913847,682178,576304739.874561,2019-04-07 04:38:54.874561,28.67248797416687,,nb_r1,nb,0.0,5.978576013374473,0.0,5.978576013374473,P,0.0,0.0,0.0
42,690165,576337724.219028,2019-04-07 13:48:39.219028,2019-04-07 13:48:27.313323,690168,576337736.8897411,2019-04-07 13:48:51.889741,12.670713067054749,GRB190407575,n3_r1 n6_r0 n6_r1 n9_r1,n3 n6 n9,3.2677868061671878,7.083005016274971,0.0,7.083005016274971,R,0.55,0.55,0.0
43,691891,576346054.054014,2019-04-07 16:07:29.054014,2019-04-07 16:07:17.276371,691896,576346075.0448749,2019-04-07 16:07:50.044875,20.99086093902588,GRB190407672,n6_r0 n6_r1 n7_r1 n9_r0 n9_r1 na_r0 na_r1 nb_r1,n6 n7 n9 na nb,8.063414871682378,9.371611049278659,0.0,9.371611049278659,R,0.55,0.7,0.0
44,707797,576420696.0709361,2019-04-08 12:51:31.070936,2019-04-08 12:51:14.686682,707878,576421030.92392,2019-04-08 12:57:05.923920,334.8529839515686,LOCLPAR1904085,n0_r0 n0_r1 n1_r0 n1_r1 n2_r0 n2_r1 n3_r0 n3_r1 n4_r0 n4_r1 n5_r0 n5_r1 n6_r0 n6_r1 n7_r0 n7_r1 n8_r0 n8_r1 n9_r0 n9_r1 na_r0 na_r1 nb_r0 nb_r1,n0 n1 n2 n3 n4 n5 n6 n7 n8 n9 na nb,118.17292108325658,181.53110718666264,0.0,181.53110718666264,R,0.3,0.25,0.0
45,708116,576422006.331919,2019-04-08 13:13:21.331919,2019-04-08 13:12:40.371266,708146,576422129.213887,2019-04-08 13:15:24.213887,122.88196802139282,,n0_r2 n1_r2 n5_r2 n6_r2 n9_r2 nb_r1 nb_r2,n0 n1 n5 n6 n9 nb,0.0,9.838163524010634,9.313776934585235,9.838163524010634,R,0.0,0.2,0.15
46,724000,576497717.6658759,2019-04-09 10:15:12.665876,2019-04-09 10:13:17.975903,724031,576497844.6440771,2019-04-09 10:17:19.644077,126.97820115089417,,n0_r0 n1_r0 n2_r0 n6_r0 n9_r0 n9_r1 na_r0,n0 n1 n2 n6 n9 na,38.60280106377871,10.22231443476071,0.0,38.60280106377871,R,0.3,0.15,0.0
47,740757,576577585.4812751,2019-04-10 08:26:20.481275,2019-04-10 08:22:55.677727,740759,576577593.673414,2019-04-10 08:26:28.673414,8.192138910293579,,n1_r0 n9_r0 n9_r1 na_r0 nb_r0,n1 n9 na nb,31.058858768047752,7.408189067822189,0.0,31.058858768047752,R,0.05,0.15,0.0
48,760246,576668751.549222,2019-04-11 09:45:46.549222,2019-04-11 09:45:36.821052,760251,576668773.565598,2019-04-11 09:46:08.565598,22.01637601852417,GRB190411407,n0_r1 n0_r2 n1_r1 n1_r2 n2_r1 n2_r2 n6_r1 n6_r2 n8_r2 n9_r1 n9_r2 na_r1 na_r2,n0 n1 n2 n6 n8 n9 na,0.0,13.8441094052725,10.791697638366742,13.8441094052725,R,0.0,0.7,0.7
49,763605,576683641.2991,2019-04-11 13:53:56.299100,2019-04-11 13:53:46.570958,763627,576683732.948461,2019-04-11 13:55:27.948461,91.64936101436615,GRB190411579,n0_r1 n1_r0 n1_r1 n2_r0 n2_r1 n5_r0 n5_r1 n9_r1,n0 n1 n2 n5 n9,9.346035260250886,17.967068101416036,0.0,17.967068101416036,R,0.1,0.75,0.0
50,771787,576726818.220988,2019-04-12 01:53:33.220988,2019-04-12 01:52:56.356346,771791,576726834.605265,2019-04-12 01:53:49.605265,16.38427698612213,,nb_r1,nb,0.0,5.556437101439148,0.0,5.556437101439148,P,0.0,0.2,0.0
51,789972,576812501.524514,2019-04-13 01:41:36.524514,2019-04-13 01:41:11.948012,789984,576812719.27363,2019-04-13 01:45:14.273630,217.74911606311798,,n8_r1 n9_r1 nb_r1,n8 n9 nb,0.0,10.557690494851768,0.0,10.557690494851768,S,0.0,0.0,0.0
52,815936,576929772.4975271,2019-04-14 10:16:07.497527,2019-04-14 10:15:14.248533,815951,576929833.938674,2019-04-14 10:17:08.938674,61.44114685058594,,n2_r2 n7_r2 n8_r2 n9_r2 na_r2 nb_r1 nb_r2,n2 n7 n8 n9 na nb,0.0,7.797681225765346,8.15386085374913,8.15386085374913,R,0.0,0.15,0.1
53,829072,576994191.42907,2019-04-15 04:09:46.429070,2019-04-15 04:09:40.843574,829123,576994401.911959,2019-04-15 04:13:16.911959,210.48288905620575,GRB190415173,n0_r0 n0_r1 n0_r2 n1_r0 n1_r1 n1_r2 n2_r0 n2_r1 n2_r2 n3_r0 n3_r1 n3_r2 n4_r0 n4_r1 n4_r2 n5_r0 n5_r1 n5_r2 n6_r0 n6_r1 n6_r2 n7_r1 n7_r2 n8_r1 n8_r2 n9_r1 na_r0 na_r1 nb_r1,n0 n1 n2 n3 n4 n5 n6 n7 n8 n9 na nb,30.30033699893098,106.1192201973132,40.395925401027505,106.1192201973132,R,0.9,0.95,0.95
54,879610,577234629.176326,2019-04-17 22:57:04.176326,2019-04-17 22:56:10.927192,879612,577234966.8046991,2019-04-17 23:02:41.804699,337.62837302684784,,n5_r1 n5_r2 n7_r1 nb_r1,n5 n7 nb,0.0,8.783829476737074,3.286812661483556,8.783829476737074,R,0.0,0.15,0.3
55,907304,577360545.2036531,2019-04-19 09:55:40.203653,2019-04-19 09:55:34.571537,907368,577360807.735913,2019-04-19 10:00:02.735913,262.5322599411011,GRB190419414,n0_r0 n0_r1 n0_r2 n1_r0 n1_r1 n2_r0 n2_r1 n3_r1 n4_r1 n5_r1 n6_r0 n6_r1 n6_r2 n7_r1 n8_r1 n9_r0 n9_r1 n9_r2 na_r0 na_r1 nb_r1,n0 n1 n2 n3 n4 n5 n6 n7 n8 n9 na nb,20.28434201048147,40.17156519646183,5.860713910781666,40.17156519646183,R,0.85,0.95,0.95
56,929036,577465709.717224,2019-04-20 15:08:24.717224,2019-04-20 15:08:16.525062,929052,577465775.2545561,2019-04-20 15:09:30.254556,65.53733205795288,,n4_r1 n8_r1,n4 n8,0.0,9.830108191611304,0.0,9.830108191611304,S,0.0,0.3,0.0
57,934485,577492377.540127,2019-04-20 22:32:52.540127,2019-04-20 22:32:44.347955,934491,577492402.116667,2019-04-20 22:33:17.116667,24.576539993286133,,n6_r0 n6_r1 n7_r0 n7_r1 n8_r0 n9_r0 n9_r1 nb_r0 nb_r1,n6 n7 n8 n9 nb,17.046999588755153,8.680863695601237,0.0,17.046999588755153,R,0.0,0.0,0.0
58,935356,577495952.207299,2019-04-20 23:32:27.207299,2019-04-20 23:32:12.037816,935358,577495960.590286,2019-04-20 23:32:35.590286,8.382987022399902,GRB190420981,n6_r1,n6,0.0,3.7389612117968767,0.0,3.7389612117968767,P,0.0,0.55,0.0
59,966105,577641909.008729,2019-04-22 16:05:04.008729,2019-04-22 16:04:54.280525,966111,577641935.121297,2019-04-22 16:05:30.121297,26.112568020820618,GRB190422670,na_r1 nb_r1,na nb,0.0,7.400949698539898,0.0,7.400949698539898,S,0.0,0.45,0.0
60,968123,577652316.100524,2019-04-22 18:58:31.100524,2019-04-22 18:58:22.908332,968124,577652320.196609,2019-04-22 18:58:35.196609,4.096085071563721,,n0_r1 n2_r1 n2_r2 n4_r1 n9_r1 na_r1,n0 n2 n4 n9 na,0.0,7.620915297934541,3.5980308395039717,7.620915297934541,R,0.0,0.55,0.55
61,971483,577666566.6647191,2019-04-22 22:56:01.664719,2019-04-22 22:55:57.568642,971530,577666762.252498,2019-04-22 22:59:17.252498,195.5877789258957,GRB190422957,n6_r0 n6_r1 n7_r0 n7_r1 n8_r0 n8_r1 nb_r1,n6 n7 n8 nb,12.175944722010769,12.579144162942125,0.0,12.579144162942125,R,0.45,0.4,0.0
62,987358,577742395.347401,2019-04-23 19:59:50.347401,2019-04-23 19:59:17.578739,987369,577742697.921838,2019-04-23 20:04:52.921838,302.57443702220917,,n2_r1 n2_r2 n4_r1 n5_r1 n5_r2 n6_r1 n6_r2 n8_r1 n8_r2 na_r1 nb_r1 nb_r2,n2 n4 n5 n6 n8 na nb,0.0,16.569874346633558,8.445653980093171,16.569874346633558,R,0.0,0.15,0.05
63,1064684,578103374.861204,2019-04-28 00:16:09.861204,2019-04-28 00:15:53.476928,1064715,578103501.839403,2019-04-28 00:18:16.839403,126.97819900512695,,n0_r0 n0_r1 n1_r0 n1_r1 n2_r0 n2_r1 n3_r0 n3_r1 n4_r0 n4_r1 n5_r0 n5_r1 n6_r0 n6_r1 n7_r0 n7_r1 n8_r0 n8_r1 n9_r0 n9_r1 na_r0 na_r1 nb_r0 nb_r1,n0 n1 n2 n3 n4 n5 n6 n7 n8 n9 na nb,33.82551463638344,32.79842155735743,0.0,33.82551463638344,R,0.3,0.25,0.0
64,1078239,578170096.1801441,2019-04-28 18:48:11.180144,2019-04-28 18:48:05.548060,1078255,578170163.253175,2019-04-28 18:49:18.253175,67.07303094863892,GRB190428783,n0_r0 n0_r1 n1_r0 n1_r1 n2_r1 n3_r0 n3_r1 n4_r1 n5_r0 n5_r1 na_r0 na_r1 nb_r1,n0 n1 n2 n3 n4 n5 na nb,10.702011030890528,25.76988100530979,0.0,25.76988100530979,R,0.9,0.9,0.0
65,1095169,578250226.331763,2019-04-29 17:03:41.331763,2019-04-29 17:03:12.659313,1095171,578250424.2715801,2019-04-29 17:06:59.271580,197.939817070961,,n5_r1,n5,0.0,4.459983759257568,0.0,4.459983759257568,P,0.0,0.05,0.0
66,1095798,578252999.6745961,2019-04-29 17:49:54.674596,2019-04-29 17:49:39.314331,1095803,578253020.1549671,2019-04-29 17:50:15.154967,20.48037099838257,GRB190429743,n9_r1 na_r1 nb_r1,n9 na nb,0.0,6.612114590891923,0.0,6.612114590891923,S,0.0,0.45,0.0
67,1121127,578367480.2762821,2019-05-01 01:37:55.276282,2019-05-01 01:37:10.219518,1121140,578367533.525178,2019-05-01 01:38:48.525178,53.24889588356018,,n3_r2 n4_r2 n5_r1 n5_r2 n6_r1 n6_r2 n8_r2 n9_r2 nb_r1 nb_r2,n3 n4 n5 n6 n8 n9 nb,0.0,11.047374541122439,8.87746754498666,11.047374541122439,R,0.0,0.0,0.0
68,1141194,578462497.528154,2019-05-02 04:01:32.528154,2019-05-02 04:01:20.302619,1141201,578462526.263293,2019-05-02 04:02:01.263293,28.73513901233673,GRB190502168,n0_r0 n0_r1 n3_r0 n3_r1 n4_r0 n4_r1 n6_r1 n7_r1,n0 n3 n4 n6 n7,10.047541283070402,10.773781109816738,0.0,10.773781109816738,R,0.65,0.55,0.0
69,1181506,578656661.764602,2019-05-04 09:57:36.764602,2019-05-04 09:57:31.132512,1181512,578656686.851275,2019-05-04 09:58:01.851275,25.08667302131653,GRB190504415,n3_r1 n4_r1,n3 n4,0.0,5.926766975238906,0.0,5.926766975238906,S,0.0,0.35,0.0
70,1215087,578812030.322161,2019-05-06 05:07:05.322161,2019-05-06 05:06:55.195672,1215155,578812307.831038,2019-05-06 05:11:42.831038,277.5088770389557,SFLARE19050621,n0_r0 n0_r1 n1_r0 n1_r1 n2_r0 n2_r1 n3_r0 n3_r1 n4_r0 n4_r1 n5_r0 n5_r1,n0 n1 n2 n3 n4 n5,462.4292314876234,96.16449294026839,0.0,462.4292314876234,R,0.8,0.85,0.0
71,1221284,578843573.599868,2019-05-06 13:52:48.599868,2019-05-06 13:51:11.318445,1221322,578843729.2501631,2019-05-06 13:55:24.250163,155.65029501914978,SFLARE19050657,n0_r0 n1_r0 n2_r0 n3_r0 n4_r0 n5_r0 n5_r1,n0 n1 n2 n3 n4 n5,82.57532455128977,11.844742933013961,0.0,82.57532455128977,R,0.55,0.3,0.0
72,1224723,578857670.2786851,2019-05-06 17:47:45.278685,2019-05-06 17:47:28.894385,1224745,578857763.4643301,2019-05-06 17:49:18.464330,93.1856449842453,SFLARE19050674,n1_r0 n1_r1 n2_r0 n2_r1 n3_r0 n3_r1 n4_r0 n4_r1 n5_r0 n5_r1,n1 n2 n3 n4 n5,69.18285444006582,13.880863608584537,0.0,69.18285444006582,R,0.4,0.45,0.0
73,1229005,578875224.2078661,2019-05-06 22:40:19.207866,2019-05-06 22:39:30.054992,1229039,578875363.474346,2019-05-06 22:42:38.474346,139.26647996902466,,n0_r1 n0_r2 n1_r2 n2_r1 n2_r2 n3_r2 n4_r1 n4_r2 n5_r1 n5_r2 n6_r1 n6_r2 n7_r1 n7_r2 n8_r1 n8_r2 n9_r1 n9_r2 na_r2 nb_r1 nb_r2,n0 n1 n2 n3 n4 n5 n6 n7 n8 n9 na nb,0.0,26.25859624256783,19.5432266792839,26.25859624256783,R,0.0,0.0,0.05
74,1234238,578903304.718355,2019-05-07 06:28:19.718355,2019-05-07 06:28:19.718355,1234246,578903340.045408,2019-05-07 06:28:55.045408,35.32705307006836,GRB190507270,n1_r1 n9_r0 n9_r1 na_r0 na_r1,n1 n9 na,6.201883005218444,8.670086690990885,0.0,8.670086690990885,R,0.3,0.6,0.0
75,1242651,578942118.232585,2019-05-07 17:15:13.232585,2019-05-07 17:15:09.907773,1242653,578942125.652953,2019-05-07 17:15:20.652953,7.420368075370789,,na_r1,na,0.0,5.031993501779814,0.0,5.031993501779814,P,0.0,0.55,0.0
76,1247717,578963794.125768,2019-05-07 23:16:29.125768,2019-05-07 23:16:03.013378,1247768,578964004.560949,2019-05-07 23:19:59.560949,210.43518102169037,GRB190507970,n0_r1 n1_r1 n6_r0 n6_r1 n7_r1 n8_r1 n9_r0 n9_r1 na_r0 na_r1 nb_r0 nb_r1,n0 n1 n6 n7 n8 n9 na nb,22.672859810030857,37.562102816303415,0.0,37.562102816303415,R,0.85,0.9,0.0
77,1262847,579036174.1204281,2019-05-08 19:22:49.120428,2019-05-08 19:22:35.296205,1262867,579036257.5778091,2019-05-08 19:24:12.577809,83.45738101005554,GRB190508808,n6_r1 n7_r0 n7_r1 n8_r0 n8_r1 nb_r0 nb_r1,n6 n7 n8 nb,10.183438114475317,16.903033020591025,0.0,16.903033020591025,R,0.7,0.85,0.0
78,1270152,579073447.1113801,2019-05-09 05:44:02.111380,2019-05-09 05:43:51.680969,1270249,579073844.42974,2019-05-09 05:50:39.429740,397.31835985183716,SFL190509239,n0_r0 n0_r1 n1_r0 n1_r1 n2_r0 n2_r1 n3_r0 n3_r1 n4_r0 n4_r1 n5_r0 n5_r1 n6_r0 n7_r0 n8_r0 na_r0 nb_r0,n0 n1 n2 n3 n4 n5 n6 n7 n8 na nb,206.59066856948283,45.15811181611147,0.0,206.59066856948283,R,0.85,0.85,0.0
79,1291594,579175982.637909,2019-05-10 10:12:57.637909,2019-05-10 10:12:53.541847,1291688,579176375.86008,2019-05-10 10:19:30.860080,393.22217094898224,GRB190510430,n1_r1 n4_r0 n4_r1,n1 n4,3.6085442545403623,5.238235446210933,0.0,5.238235446210933,R,0.9,0.95,0.0
80,1307861,579251671.919611,2019-05-11 07:14:26.919611,2019-05-11 07:14:21.287517,1307912,579251881.3298091,2019-05-11 07:17:56.329809,209.41019809246063,GRB190511302,n0_r0 n0_r1 n1_r0 n1_r1 n2_r0 n2_r1 n3_r0 n3_r1 n4_r1 n5_r1 n6_r0 n6_r1 n7_r0 n7_r1 n8_r0 n8_r1 n9_r0 n9_r1 na_r0 na_r1 nb_r1,n0 n1 n2 n3 n4 n5 n6 n7 n8 n9 na nb,31.397612533500574,63.58429204343517,0.0,63.58429204343517,R,0.9,0.9,0.0
81,1332393,579364804.209834,2019-05-12 14:39:59.209834,2019-05-12 14:39:41.289554,1332400,579364834.4183221,2019-05-12 14:40:29.418322,30.2084881067276,GRB190512611,n0_r0 n0_r1 n3_r1,n0 n3,3.8798709818885775,6.367565707978966,0.0,6.367565707978966,R,0.55,0.65,0.0
82,1365428,579522666.104814,2019-05-14 10:31:01.104814,2019-05-14 10:30:28.336314,1365494,579522936.444841,2019-05-14 10:35:31.444841,270.34002697467804,,n0_r0 n0_r1 n1_r0 n1_r1 n2_r0 n2_r1 n3_r0 n3_r1 n4_r0 n4_r1 n5_r0 n5_r1 n6_r0 n6_r1 n7_r0 n7_r1 n8_r0 n8_r1 n9_r0 n9_r1 na_r0 na_r1 nb_r0 nb_r1,n0 n1 n2 n3 n4 n5 n6 n7 n8 n9 na nb,85.76532094450745,53.37376184665934,0.0,85.76532094450745,R,0.3,0.25,0.0
83,1366699,579527876.30041,2019-05-14 11:57:51.300410,2019-05-14 11:54:26.497127,1366717,579527950.029573,2019-05-14 11:59:05.029573,73.72916293144226,,n0_r0 n1_r0 n2_r0 n3_r0 n4_r0 n5_r0 n6_r0 n7_r0 n7_r1 n8_r0 n8_r1 n9_r0 na_r0 nb_r0,n0 n1 n2 n3 n4 n5 n6 n7 n8 n9 na nb,98.45064652514498,11.51781959815829,0.0,98.45064652514498,R,0.0,0.2,0.0
84,1366719,579527958.221707,2019-05-14 11:59:13.221707,2019-05-14 11:55:52.514512,1366977,579529015.005548,2019-05-14 12:16:50.005548,1056.7838410139084,,n0_r0 n0_r1 n1_r0 n1_r1 n2_r0 n2_r1 n3_r0 n3_r1 n4_r0 n4_r1 n5_r0 n5_r1 n6_r0 n6_r1 n7_r0 n7_r1 n8_r0 n8_r1 n9_r0 n9_r1 na_r0 na_r1 nb_r0 nb_r1,n0 n1 n2 n3 n4 n5 n6 n7 n8 n9 na nb,1607.122008822921,526.1340884417142,0.0,1607.122008822921,R,0.7,0.7,0.0
85,1368261,579534278.450626,2019-05-14 13:44:33.450626,2019-05-14 13:43:32.009704,1368264,579534290.738806,2019-05-14 13:44:45.738806,12.288179993629456,,n0_r0 n2_r0 n3_r0 n4_r0 n4_r1 n5_r0 n6_r0 n7_r0 n8_r0 n9_r0 na_r0 nb_r0,n0 n2 n3 n4 n5 n6 n7 n8 n9 na nb,40.57658457908079,3.848545123266488,0.0,40.57658457908079,R,0.2,0.6,0.0
86,1368267,579534303.0269921,2019-05-14 13:44:58.026992,2019-05-14 13:43:40.201832,1368431,579534974.7808411,2019-05-14 13:56:09.780841,671.753849029541,,n0_r0 n0_r1 n1_r0 n1_r1 n2_r0 n2_r1 n3_r0 n3_r1 n4_r0 n4_r1 n5_r0 n5_r1 n6_r0 n6_r1 n7_r0 n7_r1 n8_r0 n8_r1 n9_r0 n9_r1 na_r0 na_r1 nb_r0 nb_r1,n0 n1 n2 n3 n4 n5 n6 n7 n8 n9 na nb,1153.081679967879,199.65950329584237,0.0,1153.081679967879,R,0.4,0.4,0.0
87,1374616,579562905.141253,2019-05-14 21:41:40.141253,2019-05-14 21:40:55.084587,1374618,579562913.3333709,2019-05-14 21:41:48.333371,8.192117929458618,TGF190514901,n9_r0 n9_r1,n9,6.710242120516446,4.394543965883628,0.0,6.710242120516446,P,0.1,0.1,0.0
88,1382204,579602210.387608,2019-05-15 08:36:45.387608,2019-05-15 08:36:20.811213,1382207,579602625.0587481,2019-05-15 08:43:40.058748,414.6711400747299,,n6_r1 n8_r1,n6 n8,0.0,6.905261525655747,0.0,6.905261525655747,S,0.0,0.0,0.0
89,1388657,579629065.723707,2019-05-15 16:04:20.723707,2019-05-15 16:04:16.627637,1388662,579629086.204075,2019-05-15 16:04:41.204075,20.48036801815033,,n4_r0 n4_r1,n4,5.034450373121733,4.0919909323173105,0.0,5.034450373121733,P,0.25,0.25,0.0
90,1400394,579687917.67521,2019-05-16 08:25:12.675210,2019-05-16 08:24:48.098833,1400397,579687929.9634061,2019-05-16 08:25:24.963406,12.288196086883545,,n6_r1 nb_r1,n6 nb,0.0,6.232280113762987,0.0,6.232280113762987,S,0.0,0.0,0.0
91,1426343,579805151.017297,2019-05-17 16:59:06.017297,2019-05-17 16:58:37.344827,1426359,579805216.554378,2019-05-17 17:00:11.554378,65.53708100318909,,n6_r2 n8_r1 n8_r2 n9_r2 na_r2 nb_r1 nb_r2,n6 n8 n9 na nb,0.0,8.974966381822956,8.061767293156535,8.974966381822956,R,0.0,0.0,0.1
92,1428229,579814213.892417,2019-05-17 19:30:08.892417,2019-05-17 19:30:03.260335,1428246,579814285.0614821,2019-05-17 19:31:20.061482,71.169065117836,GRB190517813,n0_r1 n1_r1 n4_r1 n6_r1 n7_r1 n8_r1 n9_r0 n9_r1 na_r0 na_r1 nb_r0 nb_r1,n0 n1 n4 n6 n7 n8 n9 na nb,15.928265288948058,21.502101673562,0.0,21.502101673562,R,0.9,0.9,0.0
93,1454778,579943498.760658,2019-05-19 07:24:53.760658,2019-05-19 07:24:48.126913,1454830,579943714.314765,2019-05-19 07:28:29.314765,215.5541069507599,GRB190519309,n0_r0 n0_r1 n1_r0 n1_r1 n2_r0 n2_r1 n3_r0 n3_r1 n4_r0 n4_r1 n5_r0 n5_r1 n7_r1 n8_r0 n8_r1 n9_r0 n9_r1 na_r0 na_r1 nb_r1,n0 n1 n2 n3 n4 n5 n7 n8 n9 na nb,66.99870120412815,101.03742011548145,0.0,101.03742011548145,R,0.95,0.95,0.0
94,1461073,579969305.076604,2019-05-19 14:35:00.076604,2019-05-19 14:34:39.596294,1461081,579969337.845078,2019-05-19 14:35:32.845078,32.768473982810974,,n2_r1 n4_r0 n4_r1 n5_r1 n6_r0 n7_r0 n7_r1 n8_r0 n8_r1 na_r1 nb_r0,n2 n4 n5 n6 n7 n8 na nb,11.097887003649415,14.55082685500395,0.0,14.55082685500395,R,0.0,0.0,0.0
95,1471615,580023246.539628,2019-05-20 05:34:01.539628,2019-05-20 05:33:49.251422,1471621,580023271.1160591,2019-05-20 05:34:26.116059,24.576431035995483,,n6_r0 n7_r1 n9_r0 n9_r1 na_r1 nb_r0 nb_r1,n6 n7 n9 na nb,6.594732296397126,9.393392656898868,0.0,9.393392656898868,R,0.05,0.3,0.0
96,1477738,580048870.052515,2019-05-20 12:41:05.052515,2019-05-20 12:41:00.956450,1477753,580048931.493399,2019-05-20 12:42:06.493399,61.44088399410248,,n3_r1 n4_r0 n4_r1 n7_r0 n7_r1 n8_r0 n8_r1 na_r1 nb_r1,n3 n4 n7 n8 na nb,8.44077916113939,15.455820860850626,0.0,15.455820860850626,R,0.0,0.1,0.0
97,1479200,580054862.595882,2019-05-20 14:20:57.595882,2019-05-20 14:20:53.499823,1479258,580055103.239444,2019-05-20 14:24:58.239444,240.64356195926666,LOCLPAR1905205,n0_r0 n0_r1 n1_r0 n1_r1 n2_r0 n2_r1 n3_r0 n3_r1 n4_r0 n4_r1 n5_r0 n5_r1 n6_r0 n6_r1 n7_r0 n7_r1 n8_r0 n8_r1 n9_r0 n9_r1 na_r0 na_r1 nb_r0 nb_r1,n0 n1 n2 n3 n4 n5 n6 n7 n8 n9 na nb,60.27135166860277,74.25601282740467,0.0,74.25601282740467,R,0.5,0.55,0.0
98,1490024,580109991.5806711,2019-05-21 05:39:46.580671,2019-05-21 05:39:34.292475,1490032,580110345.818685,2019-05-21 05:45:40.818685,354.2380139827728,,n0_r1 n5_r1 n6_r0 n6_r1 n8_r1 n9_r1 nb_r1,n0 n5 n6 n8 n9 nb,4.239860325278033,14.082790526064455,0.0,14.082790526064455,R,0.05,0.05,0.0
99,1508243,580195706.880913,2019-05-22 05:28:21.880913,2019-05-22 05:28:13.688783,1508244,580195710.976986,2019-05-22 05:28:25.976986,4.096073031425476,,nb_r1,nb,0.0,3.1126358812862422,0.0,3.1126358812862422,P,0.0,0.0,0.0
100,1515963,580227353.0716,2019-05-22 14:15:48.071600,2019-05-22 14:14:42.534563,1515965,580227361.263727,2019-05-22 14:15:56.263727,8.192126989364624,,nb_r1,nb,0.0,4.710391892390486,0.0,4.710391892390486,P,0.0,0.05,0.0
101,1550192,580389354.140197,2019-05-24 11:15:49.140197,2019-05-24 11:15:36.851971,1550201,580389391.004832,2019-05-24 11:16:26.004832,36.86463499069214,,n3_r1 n7_r1,n3 n7,0.0,7.786681026672757,0.0,7.786681026672757,S,0.0,0.0,0.0
102,1559702,580437959.147786,2019-05-25 00:45:54.147786,2019-05-25 00:45:44.244941,1559703,580437963.2438459,2019-05-25 00:45:58.243846,4.0960599184036255,GRB190525032,n0_r1,n0,0.0,3.0995166564552394,0.0,3.0995166564552394,P,0.0,0.0,0.0
103,1579652,580532085.566926,2019-05-26 02:54:40.566926,2019-05-26 02:54:32.374768,1579657,580532106.047333,2019-05-26 02:55:01.047333,20.480406999588013,,n9_r1 nb_r1,n9 nb,0.0,5.539303614649197,0.0,5.539303614649197,S,0.0,0.0,0.0
104,1597818,580617740.396011,2019-05-27 02:42:15.396011,2019-05-27 02:41:54.915581,1597839,580618062.426582,2019-05-27 02:47:37.426582,322.0305709838867,,n5_r1 n5_r2 n6_r1 n7_r1 n8_r1 n8_r2 n9_r1 n9_r2 na_r1 nb_r1 nb_r2,n5 n6 n7 n8 n9 na nb,0.0,21.083657184001563,7.230586563325342,21.083657184001563,R,0.0,0.15,0.3
105,1623791,580735105.789026,2019-05-28 11:18:20.789026,2019-05-28 11:17:35.732159,1623792,580735109.885103,2019-05-28 11:18:24.885103,4.096076965332031,,nb_r1,nb,0.0,4.668234975770683,0.0,4.668234975770683,P,0.0,0.0,0.0
106,1632154,580779181.910072,2019-05-28 23:32:56.910072,2019-05-28 23:32:40.525758,1632159,580779202.390484,2019-05-28 23:33:17.390484,20.480412006378174,,n4_r0 n4_r1,n4,4.3637664568512395,4.40178469603171,0.0,4.40178469603171,P,0.3,0.55,0.0
107,1641104,580816636.244783,2019-05-29 09:57:11.244783,2019-05-29 09:53:46.440571,1641106,580816644.436947,2019-05-29 09:57:19.436947,8.192163944244385,,n9_r0 na_r0 na_r1 nb_r0,n9 na nb,40.299753597156645,9.050446019540528,0.0,40.299753597156645,R,0.0,0.1,0.0
108,1641772,580819376.525655,2019-05-29 10:42:51.525655,2019-05-29 10:39:26.721620,1641844,580819671.443362,2019-05-29 10:47:46.443362,294.91770696640015,,n0_r0 n0_r1 n1_r0 n3_r0 n3_r1 n4_r0 n4_r1 n5_r0 n6_r0 n6_r1 n9_r0 n9_r1 na_r0 na_r1 nb_r0 nb_r1,n0 n1 n3 n4 n5 n6 n9 na nb,77.47366462274535,34.66604054975395,0.0,77.47366462274535,R,0.25,0.4,0.0
109,1659778,580904350.064273,2019-05-30 10:19:05.064273,2019-05-30 10:18:46.886708,1659830,580904565.3635551,2019-05-30 10:22:40.363555,215.2992820739746,GRB190530430,n0_r0 n0_r1 n0_r2 n1_r0 n1_r1 n1_r2 n2_r0 n2_r1 n2_r2 n3_r0 n3_r1 n3_r2 n4_r0 n4_r1 n4_r2 n5_r0 n5_r1 n5_r2 n6_r1 n7_r1 n8_r1 n9_r0 n9_r1 n9_r2 na_r0 na_r1 na_r2 nb_r0 nb_r1 nb_r2,n0 n1 n2 n3 n4 n5 n6 n7 n8 n9 na nb,264.4836843479039,739.6477272397507,255.91184368263572,739.6477272397507,R,0.95,0.95,0.95
110,1675626,580980555.801218,2019-05-31 07:29:10.801218,2019-05-31 07:29:05.169108,1675648,580980647.45105,2019-05-31 07:30:42.451050,91.64983201026917,GRB190531312,n0_r0 n0_r1 n1_r0 n1_r1 n2_r0 n2_r1 n3_r0 n3_r1 n4_r1 n5_r0 n5_r1 n9_r1,n0 n1 n2 n3 n4 n5 n9,13.257795005008752,28.182403258133192,0.0,28.182403258133192,R,0.85,0.85,0.0
111,1684658,581026207.285366,2019-05-31 20:10:02.285366,2019-05-31 20:09:54.093206,1684711,581026428.473812,2019-05-31 20:13:43.473812,221.18844592571259,GRB190531840,n0_r0 n0_r1 n0_r2 n1_r0 n1_r1 n1_r2 n2_r1 n2_r2 n3_r0 n3_r1 n3_r2 n4_r0 n4_r1 n4_r2 n5_r0 n5_r1 n5_r2 n6_r0 n6_r1 n6_r2 n7_r0 n7_r1 n7_r2 n8_r0 n8_r1 n8_r2 n9_r1 na_r0 na_r1 nb_r0 nb_r1,n0 n1 n2 n3 n4 n5 n6 n7 n8 n9 na nb,49.141588634999344,170.4137778334522,37.639908834589534,170.4137778334522,R,0.9,0.9,0.95
112,1705682,581125579.4233961,2019-06-01 23:46:14.423396,2019-06-01 23:46:06.231223,1705691,581125775.24439,2019-06-01 23:49:30.244390,195.82099390029907,,nb_r1,nb,0.0,6.250491981250491,0.0,6.250491981250491,P,0.0,0.0,0.0
113,1738954,581281470.47154,2019-06-03 19:04:25.471540,2019-06-03 19:04:19.839405,1738960,581281496.5841271,2019-06-03 19:04:51.584127,26.112587094306946,GRB190603795,n0_r1 n3_r0 n3_r1 n4_r0 n4_r1 n5_r0,n0 n3 n4 n5,8.103649430457756,7.023758014205639,0.0,8.103649430457756,R,0.35,0.7,0.0
114,1746767,581315294.810622,2019-06-04 04:28:09.810622,2019-06-04 04:28:05.714530,1746769,581315303.0028181,2019-06-04 04:28:18.002818,8.192196130752563,,n6_r1,n6,0.0,3.1334357557629673,0.0,3.1334357557629673,P,0.0,0.0,0.0
115,1751698,581337758.2148311,2019-06-04 10:42:33.214831,2019-06-04 10:42:33.214831,1751743,581337944.841768,2019-06-04 10:45:39.841768,186.62693691253662,GRB190604446,n0_r1 n1_r1 n2_r1 n2_r2 n3_r0 n3_r1 n3_r2 n4_r0 n4_r1 n4_r2 n5_r1 n6_r0 n6_r1 n6_r2 n7_r0 n7_r1 n7_r2 n8_r0 n8_r1 n8_r2,n0 n1 n2 n3 n4 n5 n6 n7 n8,23.77543605754379,56.65257495957712,11.397528670928128,56.65257495957712,R,0.95,0.95,1.0
116,1778967,581469754.359182,2019-06-05 23:22:29.359182,2019-06-05 23:22:23.215044,1778970,581469766.838118,2019-06-05 23:22:41.838118,12.478935956954956,GRB190605974,n4_r1 n8_r1,n4 n8,0.0,5.3687687654179665,0.0,5.3687687654179665,S,0.0,0.35,0.0
117,1781202,581478909.5851669,2019-06-06 01:55:04.585167,2019-06-06 01:54:51.151872,1781214,581478960.6652591,2019-06-06 01:55:55.665259,51.08009219169617,GRB190606080,n0_r0 n0_r1 n1_r0 n1_r1 n2_r1 n3_r1 n3_r2 n4_r1 n5_r0 n5_r1 n9_r1 na_r1,n0 n1 n2 n3 n4 n5 n9 na,6.384003841482533,23.57130819805642,3.5598070976377083,23.57130819805642,R,0.9,0.9,0.9
118,1789811,581520107.6989701,2019-06-06 13:21:42.698970,2019-06-06 13:21:34.506794,1789816,581520128.1794341,2019-06-06 13:22:03.179434,20.480463981628418,,n7_r0 n7_r1 n8_r0 n8_r1 nb_r0,n7 n8 nb,10.01267278358049,6.302734708561148,0.0,10.01267278358049,R,0.0,0.0,0.0
119,1795361,581547686.0228131,2019-06-06 21:01:21.022813,2019-06-06 21:00:48.254119,1795364,581547698.3110809,2019-06-06 21:01:33.311081,12.288267850875854,,n6_r2 nb_r1,n6 nb,0.0,4.823288097380881,3.2706606321068383,4.823288097380881,R,0.0,0.05,0.05
120,1799404,581564571.5944741,2019-06-07 01:42:46.594474,2019-06-07 01:42:40.450347,1799414,581564612.80989,2019-06-07 01:43:27.809890,41.215415954589844,GRB190607071,n6_r1 n7_r1 n9_r0 n9_r1 na_r0 na_r1 nb_r0 nb_r1,n6 n7 n9 na nb,9.081570443368987,12.010417197104479,0.0,12.010417197104479,R,0.45,0.45,0.0
121,1816546,581645545.699758,2019-06-08 00:12:20.699758,2019-06-08 00:12:05.593859,1816584,581645701.605533,2019-06-08 00:14:56.605533,155.90577495098114,GRB190608009,n6_r1 n7_r1 n8_r1 n9_r1 na_r0 na_r1 nb_r0 nb_r1,n6 n7 n8 n9 na nb,8.356113724006503,30.84310949530409,0.0,30.84310949530409,R,0.5,0.75,0.0
122,1831674,581718164.323481,2019-06-08 20:22:39.323481,2019-06-08 20:19:14.519332,1831955,581719318.395205,2019-06-08 20:41:53.395205,1154.0717240571976,LOCLPAR1906088,n0_r0 n0_r1 n1_r0 n1_r1 n2_r0 n2_r1 n3_r0 n3_r1 n4_r0 n4_r1 n5_r0 n5_r1 n6_r0 n6_r1 n7_r0 n7_r1 n8_r0 n8_r1 n9_r0 n9_r1 na_r0 na_r1 nb_r0 nb_r1,n0 n1 n2 n3 n4 n5 n6 n7 n8 n9 na nb,1462.7663841770793,482.455813939955,0.0,1462.7663841770793,R,0.6,0.6,0.0
123,1837200,581740811.101176,2019-06-09 02:40:06.101176,2019-06-09 02:36:45.393148,1837201,581740815.197256,2019-06-09 02:40:10.197256,4.09607994556427,,n6_r0 n7_r0 n7_r1 n8_r0 n9_r0 nb_r0,n6 n7 n8 n9 nb,41.02351945265405,9.358370505748132,0.0,41.02351945265405,R,0.0,0.1,0.0
124,1841018,581758421.5868111,2019-06-09 07:33:36.586811,2019-06-09 07:33:32.490730,1841074,581758654.0395471,2019-06-09 07:37:29.039547,232.4527360200882,GRB190609315,n3_r1 n3_r2 n4_r1 n5_r1 n6_r0 n6_r1 n6_r2 n7_r0 n7_r1 n7_r2 n8_r0 n8_r1 n8_r2 n9_r0 n9_r1 n9_r2 na_r1 nb_r1 nb_r2,n3 n4 n5 n6 n7 n8 n9 na nb,13.371745272765052,44.69062029247536,8.66263650178445,44.69062029247536,R,0.65,0.8,0.85
125,1866435,581882410.5244889,2019-06-10 18:00:05.524489,2019-06-10 18:00:01.428410,1866470,581882553.887285,2019-06-10 18:02:28.887285,143.36279606819153,GRB190610750,n0_r0 n0_r1 n1_r0 n1_r1 n2_r0 n2_r1 n5_r1 n6_r0 n6_r1 n7_r0 n7_r1 n8_r1 n9_r0 n9_r1 na_r0 na_r1 nb_r1,n0 n1 n2 n5 n6 n7 n8 n9 na nb,24.168570290978792,37.24451687070183,0.0,37.24451687070183,R,0.9,0.9,0.0
126,1888839,581986071.1383371,2019-06-11 22:47:46.138337,2019-06-11 22:47:46.138337,1888907,581986351.590415,2019-06-11 22:52:26.590415,280.4520778656006,GRB190611950,n0_r1 n0_r2 n1_r0 n1_r1 n1_r2 n2_r0 n2_r1 n2_r2 n3_r1 n3_r2 n4_r0 n4_r1 n4_r2 n5_r0 n5_r1 n5_r2 n9_r1,n0 n1 n2 n3 n4 n5 n9,60.13876421103792,112.13321467951533,19.22053994711446,112.13321467951533,R,0.85,0.9,0.95
127,1893372,582004649.136301,2019-06-12 03:57:24.136301,2019-06-12 03:57:02.119881,1893377,582004671.152741,2019-06-12 03:57:46.152741,22.01643991470337,GRB190612165,n4_r0 n4_r1 n8_r0 n8_r1,n4 n8,5.064101142571886,5.438485065695297,0.0,5.438485065695297,R,0.45,0.45,0.0
128,1903135,582055439.0238831,2019-06-12 18:03:54.023883,2019-06-12 18:03:45.831724,1903151,582055753.893832,2019-06-12 18:09:08.893832,314.86994886398315,,n3_r1 n4_r1 n5_r1 nb_r1,n3 n4 n5 nb,0.0,12.55202294595277,0.0,12.55202294595277,S,0.0,0.1,0.0
129,1911909,582091646.818509,2019-06-13 04:07:21.818509,2019-06-13 04:06:58.266037,1911921,582091695.971527,2019-06-13 04:08:10.971527,49.1530179977417,GRB190613172,n0_r0 n0_r1 n1_r0 n1_r1 n3_r0 n3_r1,n0 n1 n3,8.531591578229573,14.021130939507986,0.0,14.021130939507986,R,0.8,0.8,0.0
130,1916272,582115623.513305,2019-06-13 10:46:58.513305,2019-06-13 10:46:52.881184,1916283,582115670.106248,2019-06-13 10:47:45.106248,46.59294307231903,GRB190613449,n3_r1 n4_r1 n5_r1 n6_r0 n6_r1 n7_r0 n7_r1 n8_r0 n8_r1 n9_r1 nb_r1,n3 n4 n5 n6 n7 n8 n9 nb,8.408123793341936,20.70440204666666,0.0,20.70440204666666,R,0.85,0.85,0.0
131,1929087,582172777.514097,2019-06-14 02:39:32.514097,2019-06-14 02:38:26.976794,1929088,582172781.6101761,2019-06-14 02:39:36.610176,4.096079111099243,,n5_r1 n5_r2 n6_r2 nb_r2,n5 n6 nb,0.0,5.5576457967473685,6.000939828058184,6.000939828058184,R,0.0,0.0,0.0
132,1956077,582304591.8603051,2019-06-15 15:16:26.860305,2019-06-15 15:16:04.843950,1956094,582304663.0294211,2019-06-15 15:17:38.029421,71.16911602020264,GRB190615636,n4_r1 n6_r1 n7_r1 n8_r0 n8_r1 nb_r0 nb_r1,n4 n6 n7 n8 nb,8.346011379294941,15.2749443819099,0.0,15.2749443819099,R,0.95,0.85,0.0
133,2010897,582563228.8736961,2019-06-18 15:07:03.873696,2019-06-18 15:05:54.240713,2010914,582563474.989236,2019-06-18 15:11:09.989236,246.11553990840912,,n2_r1 n3_r1 n3_r2 n4_r2 n5_r1 n5_r2 n6_r1 n8_r1 nb_r1,n2 n3 n4 n5 n6 n8 nb,0.0,17.54230239451633,7.395483878689467,17.54230239451633,R,0.0,0.3,0.15
134,2019013,582596669.495268,2019-06-19 00:24:24.495268,2019-06-19 00:24:04.014967,2019050,582596824.121525,2019-06-19 00:26:59.121525,154.6262570619583,GRB190619018,n0_r0 n0_r1 n1_r1 n3_r0 n3_r1 n6_r0 n6_r1 n9_r0 n9_r1,n0 n1 n3 n6 n9,15.255410446906682,16.717444742502312,0.0,16.717444742502312,R,0.15,0.25,0.0
135,2028572,582646564.266721,2019-06-19 14:15:59.266721,2019-06-19 14:15:51.074588,2028629,582646800.814623,2019-06-19 14:19:55.814623,236.54790198802948,GRB190619595,n1_r1 n2_r0 n2_r1 n3_r1 n4_r1 n5_r0 n5_r1 n6_r1 n7_r0 n7_r1 n7_r2 n8_r0 n8_r1 n8_r2 n9_r0 n9_r1 na_r0 na_r1 nb_r0 nb_r1,n1 n2 n3 n4 n5 n6 n7 n8 n9 na nb,25.14141221147176,51.746779305383114,4.434943269666032,51.746779305383114,R,0.9,0.9,0.95
136,2045409,582725415.296803,2019-06-20 12:10:10.296803,2019-06-20 12:10:04.664711,2045461,582725629.828409,2019-06-20 12:13:44.828409,214.5316059589386,GRB190620507,n0_r0 n0_r1 n0_r2 n1_r0 n1_r1 n1_r2 n2_r0 n2_r1 n2_r2 n3_r0 n3_r1 n3_r2 n4_r0 n4_r1 n4_r2 n5_r0 n5_r1 n5_r2 n6_r0 n6_r1 n6_r2 n7_r0 n7_r1 n7_r2 n8_r0 n8_r1 n8_r2 n9_r1 na_r0 na_r1 nb_r1,n0 n1 n2 n3 n4 n5 n6 n7 n8 n9 na nb,44.577028793887926,119.1027726468272,23.73358794770541,119.1027726468272,R,0.8,0.9,0.95
137,2100507,582985349.004204,2019-06-23 12:22:24.004204,2019-06-23 12:22:15.812082,2100513,582985706.473034,2019-06-23 12:28:21.473034,357.4688299894333,,n2_r1 n3_r1 n5_r1 n6_r1 nb_r1,n2 n3 n5 n6 nb,0.0,9.726534856475094,0.0,9.726534856475094,S,0.0,0.05,0.0
138,2118706,583071014.324833,2019-06-24 12:10:09.324833,2019-06-24 12:09:57.036652,2118719,583071067.573597,2019-06-24 12:11:02.573597,53.24876391887665,,n1_r1 n2_r1,n1 n2,0.0,7.3456617155647805,0.0,7.3456617155647805,S,0.0,0.0,0.0
139,2150966,583221989.245432,2019-06-26 06:06:24.245432,2019-06-26 06:06:18.101333,2150967,583221993.851858,2019-06-26 06:06:28.851858,4.606426000595093,GRB190626254,n2_r0 n2_r1,n2,3.1361179229197185,3.0728580923193625,0.0,3.1361179229197185,P,0.0,0.0,0.0
140,2186360,583388619.935779,2019-06-28 04:23:34.935779,2019-06-28 04:23:30.839710,2186362,583388628.127935,2019-06-28 04:23:43.127935,8.192156076431274,,n8_r1,n8,0.0,3.337818274271074,0.0,3.337818274271074,P,0.0,0.05,0.0
141,2192542,583417859.808183,2019-06-28 12:30:54.808183,2019-06-28 12:30:45.080024,2192548,583417885.9206121,2019-06-28 12:31:20.920612,26.11242914199829,GRB190628521,na_r0 na_r1 nb_r0 nb_r1,na nb,5.07730383981894,6.87302129928268,0.0,6.87302129928268,R,0.3,0.3,0.0
142,2208278,583493108.388667,2019-06-29 09:25:03.388667,2019-06-29 09:24:55.196544,2208293,583493427.5218351,2019-06-29 09:30:22.521835,319.13316810131073,,n0_r1 n0_r2 n6_r0 n8_r1 n9_r1 nb_r1 nb_r2,n0 n6 n8 n9 nb,4.354190459451329,13.507648328905523,5.091043703059732,13.507648328905523,R,0.3,0.05,0.15
143,2234242,583610462.600395,2019-06-30 18:00:57.600395,2019-06-30 17:59:39.775105,2234246,583610478.984668,2019-06-30 18:01:13.984668,16.384273052215576,,n6_r2 nb_r1 nb_r2,n6 nb,0.0,6.645639632693326,5.645043250344563,6.645639632693326,R,0.0,0.0,0.1
