trig_ids,t_start_met,saa_edge_short_passage,saa_edge_dt_s,saa_region_proximity,saa_region_dist_deg,fermi_lat,fermi_lon,near_zero_prediction
0,573124383.534956,False,,True,2.0939460240104837,3.6138274669647217,-36.52569580078125,False
1,573284724.164136,False,,False,16.955460474015446,-12.164392471313477,35.16682434082031,False
2,573421040.6622281,False,,False,114.82881289362558,4.015137672424316,139.8817901611328,False
3,573547015.62005,False,,True,0.9658862811135822,-8.386357307434082,-10.07330322265625,False
4,573547179.4626471,False,,True,1.0530384468475773,-12.506998062133789,-1.140289306640625,False
5,573604653.8420279,False,,False,102.48484769300059,-21.192066192626953,140.55364990234375,False
6,573622638.466977,False,,False,87.72271083003565,-23.769805908203125,123.62612915039062,False
7,573775813.0525861,False,,False,95.85597096342308,-21.218996047973633,132.15794372558594,False
8,573798399.698958,False,,False,6.537209541750956,-16.828453063964844,21.078102111816406,False
9,573903148.352912,False,,False,47.81432210322813,-3.6346664428710938,68.49937438964844,False
10,573937071.9394851,True,54.40058696269989,True,1.197825534430589,-11.650519371032715,-93.76361083984375,False
11,574054296.623671,False,,True,2.9195806401442317,4.579341888427734,-36.916168212890625,False
12,574055222.335061,False,,True,1.7332459349906724,-18.617399215698242,13.451634407043457,False
13,574080132.7232301,False,,False,30.59813105793775,-0.32007738947868347,42.062870025634766,False
14,574319339.802496,False,,False,54.53680832281182,-11.174277305603027,80.06661224365234,False
15,574345063.299403,False,,False,113.21587720560089,9.777067184448242,153.8368682861328,False
16,574359179.5070481,True,43.433021903038025,True,0.9505462219472257,-13.49375057220459,-95.25387573242188,False
17,574477679.3536501,False,,False,8.402299357722663,-22.97345542907715,32.95883560180664,False
18,574737243.0557331,False,,False,85.7800698258174,22.609970092773438,-173.734130859375,False
19,574866974.375329,True,56.56474697589874,True,1.292189141288275,-12.620509147644043,-94.82785034179688,False
20,574872124.495913,False,,False,53.46438936754016,-23.027801513671875,-151.8232879638672,False
21,575018209.5198641,False,,False,103.46976703488461,11.406595230102539,164.29441833496094,False
22,575067923.089176,False,,False,68.84325713157163,19.06589126586914,-155.77911376953125,False
23,575108472.581054,False,,False,69.503650320532,25.458133697509766,73.04364776611328,False
24,575160258.9004271,False,,False,41.597486005133945,22.7496337890625,-117.06816101074219,False
25,575251138.24418,False,,False,84.92152558945739,25.462820053100586,-171.75001525878906,False
26,575289093.3362861,True,33.603821873664856,True,0.9723049569676625,-14.03327751159668,-95.5,False
27,575335482.5031871,False,,False,88.8548868358744,5.4793572425842285,110.28815460205078,False
28,575347130.372959,False,,False,61.43651502041964,11.54454231262207,74.48332214355469,False
29,575361344.895532,False,,False,71.99028192429076,-10.375633239746094,-168.8248291015625,False
30,575374776.276855,True,63.66322100162506,True,1.410625824861486,-11.51013469696045,-93.927490234375,False
31,575656773.819233,False,,False,20.169089670101023,20.21336555480957,-59.75604248046875,False
32,575781618.6254079,False,,False,76.46453238618692,25.350406646728516,83.25785827636719,False
33,575796895.7162299,True,38.223873138427734,True,0.9141478762829401,-12.990229606628418,-94.59982299804688,False
34,576073454.725704,False,,False,18.729022674282476,16.201723098754883,-20.51220703125,False
35,576076080.307378,False,,False,97.47692009013831,-20.61498260498047,133.79275512695312,False
36,576078312.664076,False,,False,34.22496053609373,25.44636344909668,-97.85577392578125,False
37,576163967.186251,False,,False,34.00782555888859,25.51156997680664,-97.10311889648438,False
38,576240437.1321931,False,,False,50.70859774384413,-20.97900390625,79.57927703857422,False
39,576249592.846444,False,,False,34.35942942714022,25.455007553100586,-98.18838500976562,False
40,576265950.987118,False,,False,121.35026762316261,18.163305282592773,140.941650390625,False
41,576304698.9138471,True,44.02622389793396,True,0.9802252162649754,-11.989249229431152,-93.78469848632812,False
42,576337712.313323,False,,False,18.641591588540113,-24.52264404296875,44.767005920410156,False
43,576346042.276371,False,,False,96.43798190197661,21.961355209350586,174.1609344482422,False
44,576420679.686682,False,,False,40.411902638752004,25.550790786743164,-111.20724487304688,False
45,576421965.3712661,False,,True,2.6643373202900467,3.8880279064178467,-34.766204833984375,False
46,576497602.975903,False,,False,62.412944168254064,-25.388656616210938,94.29435729980469,False
47,576577380.677727,False,,False,74.4170618289011,-24.939599990844727,108.1739273071289,False
48,576668741.8210521,False,,False,54.101611449296335,-25.358427047729492,84.72716522216797,False
49,576683631.570958,False,,False,39.466305739440784,21.373790740966797,-115.28854370117188,False
50,576726781.356346,True,54.583725929260254,True,2.0165339628425873,-14.408390998840332,-96.58197021484375,False
51,576812476.948012,True,72.99206304550171,True,1.5956652561345652,-11.583699226379395,-94.25808715820312,False
52,576929719.248533,False,,True,2.47876596384934,3.9782745838165283,-36.3505859375,False
53,576994185.843574,False,,False,97.89663974577789,-25.331518173217773,156.9098358154297,False
54,577234575.927192,True,60.01288199424744,True,1.4440842256830446,-13.584467887878418,-95.8892822265625,False
55,577360539.571537,False,,False,89.05705852228692,-1.9415602684020996,114.08775329589844,False
56,577465701.5250621,False,,False,84.40707560247984,11.912932395935059,-175.54312133789062,False
57,577492369.347955,False,,False,12.903694414545225,14.043001174926758,-51.65289306640625,False
58,577495937.037816,False,,False,95.28517789054993,-25.205120086669922,160.1426239013672,False
59,577641899.280525,False,,False,98.35763155706391,24.09080696105957,112.04074096679688,False
60,577652307.9083321,False,,False,29.08175373814361,18.249189376831055,-0.49896240234375,False
61,577666562.568642,False,,False,86.02834813333841,-18.18363380432129,118.6260986328125,False
62,577742362.578739,True,72.56133794784546,True,1.594690167341057,-12.901233673095703,-95.58157348632812,False
63,578103358.476928,False,,False,32.624005966998254,23.671920776367188,-97.86618041992188,False
64,578170090.54806,False,,False,29.92220400766466,-16.486370086669922,-125.84039306640625,False
65,578250197.6593131,True,38.48076391220093,True,0.8609010733809945,-10.970359802246094,-92.59869384765625,False
66,578252984.314331,False,,False,59.81421229049798,12.677940368652344,71.41485595703125,False
67,578367435.219518,False,,True,2.3423954566091347,3.6642353534698486,-35.49932861328125,False
68,578462485.302619,False,,False,114.54415858436302,19.164527893066406,154.0228271484375,False
69,578656656.1325121,False,,False,59.40456958192518,22.384614944458008,60.328487396240234,False
70,578812020.195672,False,,False,63.70842540662049,14.173918724060059,-152.19161987304688,False
71,578843476.318445,False,,False,7.01964107720777,-12.35807991027832,-101.48599243164062,False
72,578857653.894385,False,,False,31.341506885093324,14.332901000976562,13.123750686645508,False
73,578875175.054992,False,,True,2.2706894078457847,4.066790580749512,-37.72003173828125,False
74,578903304.718355,False,,False,89.72477705481138,14.094099044799805,179.4089813232422,False
75,578942114.907773,False,,False,24.660374373743956,24.578527450561523,-61.03985595703125,False
76,578963768.013378,False,,False,108.34650221484316,0.36380940675735474,134.45932006835938,False
77,579036160.296205,False,,False,43.51254371018407,-23.706937789916992,72.31123352050781,False
78,579073436.680969,False,,False,94.82963554651667,25.215269088745117,107.16809844970703,False
79,579175978.541847,False,,False,43.146778788713256,24.158750534057617,20.286865234375,False
80,579251666.2875171,False,,False,109.07582253051707,5.206480503082275,157.1049346923828,False
81,579364786.289554,False,,False,24.532803012834265,24.45294952392578,-25.923187255859375,False
82,579522633.3363141,False,,False,8.17816238109038,-5.982016563415527,-98.11666870117188,False
83,579527671.497127,False,,False,61.44495211571725,-20.9158992767334,-160.18634033203125,False
84,579527757.5145121,False,,False,56.91056300992031,-19.435190200805664,-155.00003051757812,False
85,579534217.0097041,False,,False,44.40496688710963,-1.3353235721588135,-137.53395080566406,False
86,579534225.201832,False,,False,44.07702519409684,-1.118127465248108,-137.111572265625,False
87,579562860.0845871,False,,False,84.52475699711468,1.852576732635498,107.22972869873047,False
88,579602185.811213,True,36.9288649559021,True,1.034685591801501,-13.972330093383789,-95.55838012695312,False
89,579629061.627637,False,,False,17.71047979610536,-16.750537872314453,40.6832160949707,False
90,579687893.098833,True,42.44124507904053,True,0.9333417325515206,-10.80103588104248,-92.5595703125,False
91,579805122.3448269,False,,True,2.1690576944292173,3.467940330505371,-35.330322265625,False
92,579814208.260335,False,,False,114.05716070516388,10.415718078613281,136.0096435546875,False
93,579943493.1269131,False,,False,73.51162988985634,-25.274608612060547,-174.53836059570312,False
94,579969284.596294,False,,False,33.66200771271489,25.460716247558594,-96.24465942382812,False
95,580023234.2514219,False,,False,63.35305227472782,-24.55228042602539,-162.96372985839844,False
96,580048865.95645,False,,False,32.12037367659655,24.166244506835938,-95.23040771484375,False
97,580054858.4998231,False,,False,35.40564468179404,25.462139129638672,-100.707275390625,False
98,580109979.292475,True,41.247599959373474,True,0.9788717148737208,-12.91305923461914,-94.62319946289062,False
99,580195698.688783,False,,True,0.7960941133862183,-9.367921829223633,-91.03366088867188,False
100,580227287.5345631,False,,True,2.8791419715581306,3.772620677947998,-33.206146240234375,False
101,580389341.851971,False,,False,108.2169773040574,-17.02394676208496,144.87669372558594,False
102,580437949.244941,False,,False,105.69778329245914,14.570515632629395,124.88715362548828,False
103,580532077.374768,True,31.765305995941162,True,1.5041934344315095,-14.662238121032715,-96.05447387695312,False
104,580617719.915581,True,97.22449004650116,True,2.252610512408973,-13.106391906738281,-96.58001708984375,False
105,580735060.7321589,False,,True,2.240887975201748,3.209942102432251,-33.644622802734375,False
106,580779165.525758,False,,False,51.645832742197584,24.659263610839844,39.395530700683594,False
107,580816431.4405711,False,,False,44.336664929824266,-25.494705200195312,73.66588592529297,False
108,580819171.7216201,False,,False,49.16893993929199,25.116031646728516,-125.95590209960938,False
109,580904331.886708,False,,False,69.9687988155289,20.375694274902344,-156.46324157714844,False
110,580980550.169108,False,,False,16.22686377646005,-1.4188127517700195,11.030643463134766,False
111,581026199.093206,False,,False,87.88940843730938,-1.6430506706237793,177.1763458251953,False
112,581125571.2312231,True,44.90885388851166,True,0.9659014438883473,-10.70467758178711,-92.54461669921875,False
113,581281464.8394051,False,,False,73.55866034820377,25.582120895385742,78.9373550415039,False
114,581315290.71453,False,,False,30.60500887430939,23.27800750732422,-92.98049926757812,False
115,581337758.2148311,False,,False,119.63022561977387,17.425434112548828,148.4067840576172,False
116,581469748.215044,False,,False,35.23832912650104,25.58788299560547,-1.411041259765625,False
117,581478896.1518719,False,,False,80.44872887623472,-19.414608001708984,179.3759002685547,False
118,581520099.506794,False,,False,65.23736266357899,12.433051109313965,78.66224670410156,False
119,581547653.2541189,True,46.88595712184906,True,1.0429116523895157,-13.085670471191406,-94.97006225585938,False
120,581564565.450347,False,,False,79.8801777766612,-17.62150001525879,-179.44419860839844,False
121,581645530.593859,False,,False,22.009238395804925,10.426006317138672,-100.08285522460938,False
122,581717959.519332,False,,False,56.50525480604279,-25.546960830688477,-155.48348999023438,False
123,581740610.3931481,False,,False,64.06539864581116,-25.509138107299805,96.2530746459961,False
124,581758417.49073,False,,False,40.252627177591364,-19.98497200012207,67.62812042236328,False
125,581882406.42841,False,,False,101.48540108019043,-13.231264114379883,158.3804931640625,False
126,581986071.1383371,False,,False,100.55591264521948,-25.62352180480957,141.34921264648438,False
127,582004627.1198812,False,,False,112.31822851304999,1.7738243341445923,152.52845764160156,False
128,582055430.8317239,True,66.30835103988647,True,1.5032406865443257,-12.566588401794434,-95.04635620117188,False
129,582091623.266037,False,,False,50.30618703789069,25.60720443725586,-127.13337707519531,False
130,582115617.881184,False,,False,62.41593363669567,5.12817907333374,-154.3745880126953,False
131,582172711.976794,False,,True,2.7061184659645012,3.9645566940307617,-34.927001953125,False
132,582304569.84395,False,,False,99.47011961623676,-12.967479705810547,160.7212677001953,False
133,582563159.240713,True,133.6994080543518,True,3.2840715853263402,-13.170829772949219,-97.74130249023438,False
134,582596649.014967,False,,False,42.725241617980174,-25.095029830932617,71.7574462890625,False
135,582646556.0745881,False,,False,98.85512673844964,-4.7710676193237305,126.41605377197266,False
136,582725409.664711,False,,False,78.94126796769672,20.306852340698242,90.36605072021484,False
137,582985340.812082,True,31.92802393436432,True,0.7383262836693905,-12.971577644348145,-94.3790283203125,False
138,583071002.0366521,True,132.7034169435501,True,1.8037649041660788,-10.883500099182129,-93.95907592773438,False
139,583221983.1013331,False,,False,116.88170808397516,15.695694923400879,151.06451416015625,False
140,583388615.83971,False,,False,33.16043997767274,-14.7549467086792,-128.94659423828125,False
141,583417850.080024,False,,False,100.8928032987997,-25.227378845214844,153.25990295410156,False
142,583493100.196544,True,67.34352791309357,True,1.4952468915501527,-12.67847728729248,-95.18609619140625,False
143,583610384.775105,False,,True,2.945041664881605,4.2499518394470215,-35.344512939453125,False
