date,yymmdd,cspec_nai,cspec_bgo,cspec_versions,poshist,bkg_csv,in_pred_frg,raw_complete
2019-03-01,190301,12,2,v00,1,True,True,True
2019-03-02,190302,12,2,v00,1,True,True,True
2019-03-03,190303,12,2,v00,1,True,True,True
2019-03-04,190304,12,2,v00,1,True,True,True
2019-03-05,190305,12,2,v00,1,True,True,True
2019-03-06,190306,12,2,v00,1,True,True,True
2019-03-07,190307,12,2,v00,1,True,True,True
2019-03-08,190308,12,2,v01,1,True,True,True
2019-03-09,190309,12,2,v00,1,True,True,True
2019-03-10,190310,12,2,v00,1,True,True,True
2019-03-11,190311,12,2,v00,1,True,True,True
2019-03-12,190312,12,2,v00,1,True,True,True
2019-03-13,190313,12,2,v00,1,True,True,True
2019-03-14,190314,12,2,v00,1,True,True,True
2019-03-15,190315,12,2,v00,1,True,True,True
2019-03-16,190316,12,2,v00,1,True,True,True
2019-03-17,190317,12,2,v00,1,True,True,True
2019-03-18,190318,12,2,v00,1,True,True,True
2019-03-19,190319,12,2,v00,1,True,True,True
2019-03-20,190320,12,2,v00,1,True,True,True
2019-03-21,190321,12,2,v00,1,True,True,True
2019-03-22,190322,12,2,v00,1,True,True,True
2019-03-23,190323,12,2,v00,1,True,True,True
2019-03-24,190324,12,2,v00,1,True,True,True
2019-03-25,190325,12,2,v00,1,True,True,True
2019-03-26,190326,12,2,v00,1,True,True,True
2019-03-27,190327,12,2,v00,1,True,True,True
2019-03-28,190328,12,2,v00,1,True,True,True
2019-03-29,190329,12,2,v00,1,True,True,True
2019-03-30,190330,12,2,v00,1,True,True,True
2019-03-31,190331,12,2,v00,1,True,True,True
2019-04-01,190401,12,2,v00,1,True,True,True
2019-04-02,190402,12,2,v00,1,True,True,True
2019-04-03,190403,12,2,v00,1,True,True,True
2019-04-04,190404,12,2,v00,1,True,True,True
2019-04-05,190405,12,2,v00,1,True,True,True
2019-04-06,190406,12,2,v00,1,True,True,True
2019-04-07,190407,12,2,v00,1,True,True,True
2019-04-08,190408,12,2,v00,1,True,True,True
2019-04-09,190409,12,2,v00,1,True,True,True
2019-04-10,190410,12,2,v00,1,True,True,True
2019-04-11,190411,12,2,v01,1,True,True,True
2019-04-12,190412,12,2,v00,1,True,True,True
2019-04-13,190413,12,2,v00,1,True,True,True
2019-04-14,190414,12,2,v00,1,True,True,True
2019-04-15,190415,12,2,v00,1,True,True,True
2019-04-16,190416,12,2,v00,1,True,True,True
2019-04-17,190417,12,2,v00,1,True,True,True
2019-04-18,190418,12,2,v00,1,True,True,True
2019-04-19,190419,12,2,v00,1,True,True,True
2019-04-20,190420,12,2,v00,1,True,True,True
2019-04-21,190421,12,2,v00,1,True,True,True
2019-04-22,190422,12,2,v00,1,True,True,True
2019-04-23,190423,12,2,v00,1,True,True,True
2019-04-24,190424,12,2,v00,1,True,True,True
2019-04-25,190425,12,2,v00,1,True,True,True
2019-04-26,190426,12,2,v00,1,True,True,True
2019-04-27,190427,12,2,v00,1,True,True,True
2019-04-28,190428,12,2,v00,1,True,True,True
2019-04-29,190429,12,2,v00,1,True,True,True
2019-04-30,190430,12,2,v00,1,True,True,True
2019-05-01,190501,12,2,v00,1,True,True,True
2019-05-02,190502,12,2,v00,1,True,True,True
2019-05-03,190503,12,2,v00,1,True,True,True
2019-05-04,190504,12,2,v00,1,True,True,True
2019-05-05,190505,12,2,v00,1,True,True,True
2019-05-06,190506,12,2,v00,1,True,True,True
2019-05-07,190507,12,2,v00,1,True,True,True
2019-05-08,190508,12,2,v00,1,True,True,True
2019-05-09,190509,12,2,v00,1,True,True,True
2019-05-10,190510,12,2,v00,1,True,True,True
2019-05-11,190511,12,2,v00,1,True,True,True
2019-05-12,190512,12,2,v00,1,True,True,True
2019-05-13,190513,12,2,v00,1,True,True,True
2019-05-14,190514,12,2,v00,1,True,True,True
2019-05-15,190515,12,2,v00,1,True,True,True
2019-05-16,190516,12,2,v00,1,True,True,True
2019-05-17,190517,12,2,v00,1,True,True,True
2019-05-18,190518,12,2,v00,1,True,True,True
2019-05-19,190519,12,2,v00,1,True,True,True
2019-05-20,190520,12,2,v00,1,True,True,True
2019-05-21,190521,12,2,v00,1,True,True,True
2019-05-22,190522,12,2,v00,1,True,True,True
2019-05-23,190523,12,2,v00,1,True,True,True
2019-05-24,190524,12,2,v00,1,True,True,True
2019-05-25,190525,12,2,v00,1,True,True,True
2019-05-26,190526,12,2,v00,1,True,True,True
2019-05-27,190527,12,2,v00,1,True,True,True
2019-05-28,190528,12,2,v00,1,True,True,True
2019-05-29,190529,12,2,v00,1,True,True,True
2019-05-30,190530,12,2,v00,1,True,True,True
2019-05-31,190531,12,2,v00,1,True,True,True
2019-06-01,190601,12,2,v00,1,True,True,True
2019-06-02,190602,12,2,v00,1,True,True,True
2019-06-03,190603,12,2,v00,1,True,True,True
2019-06-04,190604,12,2,v00,1,True,True,True
2019-06-05,190605,12,2,v00,1,True,True,True
2019-06-06,190606,12,2,v00,1,True,True,True
2019-06-07,190607,12,2,v00,1,True,True,True
2019-06-08,190608,12,2,v00,1,True,True,True
2019-06-09,190609,12,2,v00,1,True,True,True
2019-06-10,190610,12,2,v00,1,True,True,True
2019-06-11,190611,12,2,v00,1,True,True,True
2019-06-12,190612,12,2,v00,1,True,True,True
2019-06-13,190613,12,2,v00,1,True,True,True
2019-06-14,190614,12,2,v00,1,True,True,True
2019-06-15,190615,12,2,v00,1,True,True,True
2019-06-16,190616,12,2,v00,1,True,True,True
2019-06-17,190617,12,2,v00,1,True,True,True
2019-06-18,190618,12,2,v00,1,True,True,True
2019-06-19,190619,12,2,v00,1,True,True,True
2019-06-20,190620,12,2,v00,1,True,True,True
2019-06-21,190621,12,2,v00,1,True,True,True
2019-06-22,190622,12,2,v00,1,True,True,True
2019-06-23,190623,12,2,v00,1,True,True,True
2019-06-24,190624,12,2,v00,1,True,True,True
2019-06-25,190625,12,2,v00,1,True,True,True
2019-06-26,190626,12,2,v00,1,True,True,True
2019-06-27,190627,12,2,v00,1,True,True,True
2019-06-28,190628,12,2,v00,1,True,True,True
2019-06-29,190629,12,2,v00,1,True,True,True
2019-06-30,190630,12,2,v00,1,True,True,True
2019-07-01,190701,0,0,,0,False,False,False
2019-07-02,190702,0,0,,0,False,False,False
2019-07-03,190703,0,0,,0,False,False,False
2019-07-04,190704,0,0,,0,False,False,False
2019-07-05,190705,0,0,,0,False,False,False
2019-07-06,190706,0,0,,0,False,False,False
2019-07-07,190707,0,0,,0,False,False,False
2019-07-08,190708,0,0,,0,False,False,False
2019-07-09,190709,0,0,,0,False,False,False
